[INFO] Scanning for projects...
[INFO] 
[INFO] -------------------------< com.robms:backend >--------------------------
[INFO] Building backend 0.0.1-SNAPSHOT
[INFO]   from pom.xml
[INFO] --------------------------------[ jar ]---------------------------------
[INFO] 
[INFO] >>> spring-boot:3.2.5:run (default-cli) > test-compile @ backend >>>
[INFO] 
[INFO] --- resources:3.3.1:resources (default-resources) @ backend ---
[INFO] Copying 1 resource from src\main\resources to target\classes
[INFO] Copying 0 resource from src\main\resources to target\classes
[INFO] 
[INFO] --- compiler:3.11.0:compile (default-compile) @ backend ---
[INFO] Changes detected - recompiling the module! :source
[INFO] Compiling 16 source files with javac [debug release 17] to target\classes
[INFO] 
[INFO] --- resources:3.3.1:testResources (default-testResources) @ backend ---
[INFO] skip non existing resourceDirectory D:\Projects\P1\backend\src\test\resources
[INFO] 
[INFO] --- compiler:3.11.0:testCompile (default-testCompile) @ backend ---
[INFO] No sources to compile
[INFO] 
[INFO] <<< spring-boot:3.2.5:run (default-cli) < test-compile @ backend <<<
[INFO] 
[INFO] 
[INFO] --- spring-boot:3.2.5:run (default-cli) @ backend ---
[INFO] Attaching agents: []

  .   ____          _            __ _ _
 /\\ / ___'_ __ _ _(_)_ __  __ _ \ \ \ \
( ( )\___ | '_ | '_| | '_ \/ _` | \ \ \ \
 \\/  ___)| |_)| | | | | || (_| |  ) ) ) )
  '  |____| .__|_| |_|_| |_\__, | / / / /
 =========|_|==============|___/=/_/_/_/
 :: Spring Boot ::                (v3.2.5)

2026-05-06T21:35:46.761+05:30  INFO 26528 --- [           main] com.robms.RobmsApplication               : Starting RobmsApplication using Java 17.0.19 with PID 26528 (D:\Projects\P1\backend\target\classes started by goura in D:\Projects\P1\backend)
2026-05-06T21:35:46.761+05:30  INFO 26528 --- [           main] com.robms.RobmsApplication               : No active profile set, falling back to 1 default profile: "default"
2026-05-06T21:35:46.768+05:30 DEBUG 26528 --- [           main] o.s.boot.SpringApplication               : Loading source class com.robms.RobmsApplication
2026-05-06T21:35:46.809+05:30 DEBUG 26528 --- [           main] ConfigServletWebServerApplicationContext : Refreshing org.springframework.boot.web.servlet.context.AnnotationConfigServletWebServerApplicationContext@1b1cfb87
2026-05-06T21:35:47.296+05:30  INFO 26528 --- [           main] .s.d.r.c.RepositoryConfigurationDelegate : Bootstrapping Spring Data JPA repositories in DEFAULT mode.
2026-05-06T21:35:47.335+05:30 DEBUG 26528 --- [           main] o.s.b.a.AutoConfigurationPackages        : @EnableAutoConfiguration was declared on a class in the package 'com.robms'. Automatic @Repository and @Entity scanning is enabled.
2026-05-06T21:35:47.369+05:30  INFO 26528 --- [           main] .s.d.r.c.RepositoryConfigurationDelegate : Finished Spring Data repository scanning in 43 ms. Found 3 JPA repository interfaces.
2026-05-06T21:35:47.826+05:30 DEBUG 26528 --- [           main] .s.b.w.e.t.TomcatServletWebServerFactory : Code archive: C:\Users\goura\.m2\repository\org\springframework\boot\spring-boot\3.2.5\spring-boot-3.2.5.jar
2026-05-06T21:35:47.836+05:30 DEBUG 26528 --- [           main] .s.b.w.e.t.TomcatServletWebServerFactory : Code archive: C:\Users\goura\.m2\repository\org\springframework\boot\spring-boot\3.2.5\spring-boot-3.2.5.jar
2026-05-06T21:35:47.836+05:30 DEBUG 26528 --- [           main] .s.b.w.e.t.TomcatServletWebServerFactory : None of the document roots [src/main/webapp, public, static] point to a directory and will be ignored.
2026-05-06T21:35:47.849+05:30  INFO 26528 --- [           main] o.s.b.w.embedded.tomcat.TomcatWebServer  : Tomcat initialized with port 8080 (http)
2026-05-06T21:35:47.857+05:30  INFO 26528 --- [           main] o.apache.catalina.core.StandardService   : Starting service [Tomcat]
2026-05-06T21:35:47.857+05:30  INFO 26528 --- [           main] o.apache.catalina.core.StandardEngine    : Starting Servlet engine: [Apache Tomcat/10.1.20]
2026-05-06T21:35:47.905+05:30  INFO 26528 --- [           main] o.a.c.c.C.[Tomcat].[localhost].[/]       : Initializing Spring embedded WebApplicationContext
2026-05-06T21:35:47.905+05:30 DEBUG 26528 --- [           main] w.s.c.ServletWebServerApplicationContext : Published root WebApplicationContext as ServletContext attribute with name [org.springframework.web.context.WebApplicationContext.ROOT]
2026-05-06T21:35:47.916+05:30  INFO 26528 --- [           main] w.s.c.ServletWebServerApplicationContext : Root WebApplicationContext: initialization completed in 1096 ms
2026-05-06T21:35:47.937+05:30  INFO 26528 --- [           main] com.zaxxer.hikari.HikariDataSource       : HikariPool-1 - Starting...
2026-05-06T21:35:48.069+05:30  INFO 26528 --- [           main] com.zaxxer.hikari.pool.HikariPool        : HikariPool-1 - Added connection conn0: url=jdbc:h2:mem:robms_db user=SA
2026-05-06T21:35:48.096+05:30  INFO 26528 --- [           main] com.zaxxer.hikari.HikariDataSource       : HikariPool-1 - Start completed.
2026-05-06T21:35:48.099+05:30  INFO 26528 --- [           main] o.s.b.a.h2.H2ConsoleAutoConfiguration    : H2 console available at '/h2-console'. Database available at 'jdbc:h2:mem:robms_db'
2026-05-06T21:35:48.118+05:30 DEBUG 26528 --- [           main] o.s.b.w.s.ServletContextInitializerBeans : Mapping filters: springSecurityFilterChain urls=[/*] order=-100, characterEncodingFilter urls=[/*] order=-2147483648, formContentFilter urls=[/*] order=-9900, requestContextFilter urls=[/*] order=-105
2026-05-06T21:35:48.123+05:30 DEBUG 26528 --- [           main] o.s.b.w.s.ServletContextInitializerBeans : Mapping servlets: dispatcherServlet urls=[/], h2Console urls=[/h2-console/*]
2026-05-06T21:35:48.130+05:30 DEBUG 26528 --- [           main] o.s.b.w.s.f.OrderedRequestContextFilter  : Filter 'requestContextFilter' configured for use
2026-05-06T21:35:48.130+05:30 DEBUG 26528 --- [           main] s.b.w.s.f.OrderedCharacterEncodingFilter : Filter 'characterEncodingFilter' configured for use
2026-05-06T21:35:48.144+05:30 DEBUG 26528 --- [           main] .DelegatingFilterProxyRegistrationBean$1 : Filter 'springSecurityFilterChain' configured for use
2026-05-06T21:35:48.144+05:30 DEBUG 26528 --- [           main] o.s.b.w.s.f.OrderedFormContentFilter     : Filter 'formContentFilter' configured for use
2026-05-06T21:35:48.202+05:30  INFO 26528 --- [           main] o.hibernate.jpa.internal.util.LogHelper  : HHH000204: Processing PersistenceUnitInfo [name: default]
2026-05-06T21:35:48.249+05:30  INFO 26528 --- [           main] org.hibernate.Version                    : HHH000412: Hibernate ORM core version 6.4.4.Final
2026-05-06T21:35:48.270+05:30  INFO 26528 --- [           main] o.h.c.internal.RegionFactoryInitiator    : HHH000026: Second-level cache disabled
2026-05-06T21:35:48.461+05:30  INFO 26528 --- [           main] o.s.o.j.p.SpringPersistenceUnitInfo      : No LoadTimeWeaver setup: ignoring JPA class transformer
2026-05-06T21:35:49.241+05:30  INFO 26528 --- [           main] o.h.e.t.j.p.i.JtaPlatformInitiator       : HHH000489: No JTA platform available (set 'hibernate.transaction.jta.platform' to enable JTA platform integration)
2026-05-06T21:35:49.311+05:30 DEBUG 26528 --- [           main] org.hibernate.SQL                        : create table menu_items (id bigint generated by default as identity, available boolean not null, category varchar(255) not null, description varchar(255), name varchar(255) not null, price numeric(38,2) not null, primary key (id))
Hibernate: create table menu_items (id bigint generated by default as identity, available boolean not null, category varchar(255) not null, description varchar(255), name varchar(255) not null, price numeric(38,2) not null, primary key (id))
2026-05-06T21:35:49.322+05:30 DEBUG 26528 --- [           main] org.hibernate.SQL                        : create table order_items (id bigint generated by default as identity, price_at_order_time numeric(38,2) not null, quantity integer not null, special_instructions varchar(255), menu_item_id bigint not null, order_id bigint not null, primary key (id))
Hibernate: create table order_items (id bigint generated by default as identity, price_at_order_time numeric(38,2) not null, quantity integer not null, special_instructions varchar(255), menu_item_id bigint not null, order_id bigint not null, primary key (id))
2026-05-06T21:35:49.327+05:30 DEBUG 26528 --- [           main] org.hibernate.SQL                        : create table orders (id bigint generated by default as identity, order_time timestamp(6) not null, status varchar(255) not null, total_amount numeric(38,2), table_id bigint not null, primary key (id))
Hibernate: create table orders (id bigint generated by default as identity, order_time timestamp(6) not null, status varchar(255) not null, total_amount numeric(38,2), table_id bigint not null, primary key (id))
2026-05-06T21:35:49.327+05:30 DEBUG 26528 --- [           main] org.hibernate.SQL                        : create table restaurant_tables (id bigint generated by default as identity, capacity integer not null, current_bill_amount numeric(38,2), name varchar(255) not null, status varchar(255) not null, primary key (id))
Hibernate: create table restaurant_tables (id bigint generated by default as identity, capacity integer not null, current_bill_amount numeric(38,2), name varchar(255) not null, status varchar(255) not null, primary key (id))
2026-05-06T21:35:49.327+05:30 DEBUG 26528 --- [           main] org.hibernate.SQL                        : alter table if exists restaurant_tables drop constraint if exists UK_14rtcq5d91t5cvmbflyxvu2ko
Hibernate: alter table if exists restaurant_tables drop constraint if exists UK_14rtcq5d91t5cvmbflyxvu2ko
2026-05-06T21:35:49.332+05:30 DEBUG 26528 --- [           main] org.hibernate.SQL                        : alter table if exists restaurant_tables add constraint UK_14rtcq5d91t5cvmbflyxvu2ko unique (name)
Hibernate: alter table if exists restaurant_tables add constraint UK_14rtcq5d91t5cvmbflyxvu2ko unique (name)
2026-05-06T21:35:49.332+05:30 DEBUG 26528 --- [           main] org.hibernate.SQL                        : alter table if exists order_items add constraint FKdtfg1f49yr5yye2fpl2xid2xo foreign key (menu_item_id) references menu_items
Hibernate: alter table if exists order_items add constraint FKdtfg1f49yr5yye2fpl2xid2xo foreign key (menu_item_id) references menu_items
2026-05-06T21:35:49.335+05:30 DEBUG 26528 --- [           main] org.hibernate.SQL                        : alter table if exists order_items add constraint FKbioxgbv59vetrxe0ejfubep1w foreign key (order_id) references orders
Hibernate: alter table if exists order_items add constraint FKbioxgbv59vetrxe0ejfubep1w foreign key (order_id) references orders
2026-05-06T21:35:49.335+05:30 DEBUG 26528 --- [           main] org.hibernate.SQL                        : alter table if exists orders add constraint FK8nathddqyn5kpjldujiu5lhhv foreign key (table_id) references restaurant_tables
Hibernate: alter table if exists orders add constraint FK8nathddqyn5kpjldujiu5lhhv foreign key (table_id) references restaurant_tables
2026-05-06T21:35:49.335+05:30  INFO 26528 --- [           main] j.LocalContainerEntityManagerFactoryBean : Initialized JPA EntityManagerFactory for persistence unit 'default'
2026-05-06T21:35:49.663+05:30  WARN 26528 --- [           main] JpaBaseConfiguration$JpaWebConfiguration : spring.jpa.open-in-view is enabled by default. Therefore, database queries may be performed during view rendering. Explicitly configure spring.jpa.open-in-view to disable this warning
2026-05-06T21:35:49.674+05:30  WARN 26528 --- [           main] .s.s.UserDetailsServiceAutoConfiguration : 

Using generated security password: 53ceeb52-5e44-4763-b42b-0b186e6b2da8

This generated password is for development use only. Your security configuration must be updated before running your application in production.

2026-05-06T21:35:49.759+05:30 DEBUG 26528 --- [           main] o.s.w.s.s.s.WebSocketHandlerMapping      : Patterns [/ws/**] in 'stompWebSocketHandlerMapping'
2026-05-06T21:35:49.807+05:30 DEBUG 26528 --- [           main] s.w.s.m.m.a.RequestMappingHandlerMapping : 15 mappings in 'requestMappingHandlerMapping'
2026-05-06T21:35:49.824+05:30 DEBUG 26528 --- [           main] o.s.w.s.handler.SimpleUrlHandlerMapping  : Patterns [/webjars/**, /**] in 'resourceHandlerMapping'
2026-05-06T21:35:49.855+05:30  INFO 26528 --- [           main] o.s.s.web.DefaultSecurityFilterChain     : Will secure any request with [org.springframework.security.web.session.DisableEncodeUrlFilter@47f8374, org.springframework.security.web.context.request.async.WebAsyncManagerIntegrationFilter@22a8e87b, org.springframework.security.web.context.SecurityContextHolderFilter@5cfa9e8a, org.springframework.security.web.header.HeaderWriterFilter@4f8641d1, org.springframework.web.filter.CorsFilter@b8c6406, org.springframework.security.web.authentication.logout.LogoutFilter@76641439, org.springframework.security.web.savedrequest.RequestCacheAwareFilter@22942eff, org.springframework.security.web.servletapi.SecurityContextHolderAwareRequestFilter@26bbbe9e, org.springframework.security.web.authentication.AnonymousAuthenticationFilter@6bed434d, org.springframework.security.web.access.ExceptionTranslationFilter@4402ed61, org.springframework.security.web.access.intercept.AuthorizationFilter@2821da0a]
2026-05-06T21:35:49.921+05:30 DEBUG 26528 --- [           main] .WebSocketAnnotationMethodMessageHandler : 
	c.r.c.BillingController:
	
2026-05-06T21:35:49.921+05:30 DEBUG 26528 --- [           main] .WebSocketAnnotationMethodMessageHandler : 
	c.r.c.MenuController:
	
2026-05-06T21:35:49.921+05:30 DEBUG 26528 --- [           main] .WebSocketAnnotationMethodMessageHandler : 
	c.r.c.OrderController:
	
2026-05-06T21:35:49.921+05:30 DEBUG 26528 --- [           main] .WebSocketAnnotationMethodMessageHandler : 
	c.r.c.TableController:
	
2026-05-06T21:35:49.921+05:30 DEBUG 26528 --- [           main] .WebSocketAnnotationMethodMessageHandler : 
	o.s.b.a.w.s.e.BasicErrorController:
	
2026-05-06T21:35:49.960+05:30 DEBUG 26528 --- [           main] s.w.s.m.m.a.RequestMappingHandlerAdapter : ControllerAdvice beans: 0 @ModelAttribute, 0 @InitBinder, 1 RequestBodyAdvice, 1 ResponseBodyAdvice
2026-05-06T21:35:49.977+05:30 DEBUG 26528 --- [           main] .m.m.a.ExceptionHandlerExceptionResolver : ControllerAdvice beans: 0 @ExceptionHandler, 1 ResponseBodyAdvice
2026-05-06T21:35:50.069+05:30  INFO 26528 --- [           main] o.s.b.w.embedded.tomcat.TomcatWebServer  : Tomcat started on port 8080 (http) with context path ''
2026-05-06T21:35:50.069+05:30 DEBUG 26528 --- [           main] org.springframework.web.SimpLogging      : clientOutboundChannel added SubProtocolWebSocketHandler[StompSubProtocolHandler[v10.stomp, v11.stomp, v12.stomp]]
2026-05-06T21:35:50.069+05:30 DEBUG 26528 --- [           main] org.springframework.web.SimpLogging      : clientInboundChannel added WebSocketAnnotationMethodMessageHandler[prefixes=[/app/]]
2026-05-06T21:35:50.069+05:30  INFO 26528 --- [           main] o.s.m.s.b.SimpleBrokerMessageHandler     : Starting...
2026-05-06T21:35:50.069+05:30 DEBUG 26528 --- [           main] org.springframework.web.SimpLogging      : clientInboundChannel added SimpleBrokerMessageHandler [org.springframework.messaging.simp.broker.DefaultSubscriptionRegistry@32f2de5c]
2026-05-06T21:35:50.069+05:30 DEBUG 26528 --- [           main] org.springframework.web.SimpLogging      : brokerChannel added SimpleBrokerMessageHandler [org.springframework.messaging.simp.broker.DefaultSubscriptionRegistry@32f2de5c]
2026-05-06T21:35:50.069+05:30  INFO 26528 --- [           main] o.s.m.s.b.SimpleBrokerMessageHandler     : BrokerAvailabilityEvent[available=true, SimpleBrokerMessageHandler [org.springframework.messaging.simp.broker.DefaultSubscriptionRegistry@32f2de5c]]
2026-05-06T21:35:50.069+05:30  INFO 26528 --- [           main] o.s.m.s.b.SimpleBrokerMessageHandler     : Started.
2026-05-06T21:35:50.073+05:30 DEBUG 26528 --- [           main] org.springframework.web.SimpLogging      : clientInboundChannel added UserDestinationMessageHandler[DefaultUserDestinationResolver[prefix=/user/]]
2026-05-06T21:35:50.073+05:30 DEBUG 26528 --- [           main] org.springframework.web.SimpLogging      : brokerChannel added UserDestinationMessageHandler[DefaultUserDestinationResolver[prefix=/user/]]
2026-05-06T21:35:50.083+05:30 DEBUG 26528 --- [           main] .s.b.a.l.ConditionEvaluationReportLogger : 


============================
CONDITIONS EVALUATION REPORT
============================


Positive matches:
-----------------

   AopAutoConfiguration matched:
      - @ConditionalOnProperty (spring.aop.auto=true) matched (OnPropertyCondition)

   AopAutoConfiguration.AspectJAutoProxyingConfiguration matched:
      - @ConditionalOnClass found required class 'org.aspectj.weaver.Advice' (OnClassCondition)

   AopAutoConfiguration.AspectJAutoProxyingConfiguration.CglibAutoProxyConfiguration matched:
      - @ConditionalOnProperty (spring.aop.proxy-target-class=true) matched (OnPropertyCondition)

   ApplicationAvailabilityAutoConfiguration#applicationAvailability matched:
      - @ConditionalOnMissingBean (types: org.springframework.boot.availability.ApplicationAvailability; SearchStrategy: all) did not find any beans (OnBeanCondition)

   DataSourceAutoConfiguration matched:
      - @ConditionalOnClass found required classes 'javax.sql.DataSource', 'org.springframework.jdbc.datasource.embedded.EmbeddedDatabaseType' (OnClassCondition)
      - @ConditionalOnMissingBean (types: io.r2dbc.spi.ConnectionFactory; SearchStrategy: all) did not find any beans (OnBeanCondition)

   DataSourceAutoConfiguration.PooledDataSourceConfiguration matched:
      - AnyNestedCondition 1 matched 1 did not; NestedCondition on DataSourceAutoConfiguration.PooledDataSourceCondition.PooledDataSourceAvailable PooledDataSource found supported DataSource; NestedCondition on DataSourceAutoConfiguration.PooledDataSourceCondition.ExplicitType @ConditionalOnProperty (spring.datasource.type) did not find property 'type' (DataSourceAutoConfiguration.PooledDataSourceCondition)
      - @ConditionalOnMissingBean (types: javax.sql.DataSource,javax.sql.XADataSource; SearchStrategy: all) did not find any beans (OnBeanCondition)

   DataSourceAutoConfiguration.PooledDataSourceConfiguration#jdbcConnectionDetails matched:
      - @ConditionalOnMissingBean (types: org.springframework.boot.autoconfigure.jdbc.JdbcConnectionDetails; SearchStrategy: all) did not find any beans (OnBeanCondition)

   DataSourceConfiguration.Hikari matched:
      - @ConditionalOnClass found required class 'com.zaxxer.hikari.HikariDataSource' (OnClassCondition)
      - @ConditionalOnProperty (spring.datasource.type=com.zaxxer.hikari.HikariDataSource) matched (OnPropertyCondition)
      - @ConditionalOnMissingBean (types: javax.sql.DataSource; SearchStrategy: all) did not find any beans (OnBeanCondition)

   DataSourceInitializationConfiguration matched:
      - @ConditionalOnClass found required class 'org.springframework.jdbc.datasource.init.DatabasePopulator' (OnClassCondition)
      - @ConditionalOnSingleCandidate (types: javax.sql.DataSource; SearchStrategy: all) found a single bean 'dataSource'; @ConditionalOnMissingBean (types: org.springframework.boot.autoconfigure.sql.init.SqlDataSourceScriptDatabaseInitializer,org.springframework.boot.autoconfigure.sql.init.SqlR2dbcScriptDatabaseInitializer; SearchStrategy: all) did not find any beans (OnBeanCondition)

   DataSourceJmxConfiguration matched:
      - @ConditionalOnProperty (spring.jmx.enabled=true) matched (OnPropertyCondition)

   DataSourceJmxConfiguration.Hikari matched:
      - @ConditionalOnClass found required class 'com.zaxxer.hikari.HikariDataSource' (OnClassCondition)
      - @ConditionalOnSingleCandidate (types: javax.sql.DataSource; SearchStrategy: all) found a single bean 'dataSource' (OnBeanCondition)

   DataSourcePoolMetadataProvidersConfiguration.HikariPoolDataSourceMetadataProviderConfiguration matched:
      - @ConditionalOnClass found required class 'com.zaxxer.hikari.HikariDataSource' (OnClassCondition)

   DataSourceTransactionManagerAutoConfiguration matched:
      - @ConditionalOnClass found required classes 'org.springframework.jdbc.core.JdbcTemplate', 'org.springframework.transaction.TransactionManager' (OnClassCondition)

   DataSourceTransactionManagerAutoConfiguration.JdbcTransactionManagerConfiguration matched:
      - @ConditionalOnSingleCandidate (types: javax.sql.DataSource; SearchStrategy: all) found a single bean 'dataSource' (OnBeanCondition)

   DispatcherServletAutoConfiguration matched:
      - @ConditionalOnClass found required class 'org.springframework.web.servlet.DispatcherServlet' (OnClassCondition)
      - found 'session' scope (OnWebApplicationCondition)

   DispatcherServletAutoConfiguration.DispatcherServletConfiguration matched:
      - @ConditionalOnClass found required class 'jakarta.servlet.ServletRegistration' (OnClassCondition)
      - Default DispatcherServlet did not find dispatcher servlet beans (DispatcherServletAutoConfiguration.DefaultDispatcherServletCondition)

   DispatcherServletAutoConfiguration.DispatcherServletRegistrationConfiguration matched:
      - @ConditionalOnClass found required class 'jakarta.servlet.ServletRegistration' (OnClassCondition)
      - DispatcherServlet Registration did not find servlet registration bean (DispatcherServletAutoConfiguration.DispatcherServletRegistrationCondition)

   DispatcherServletAutoConfiguration.DispatcherServletRegistrationConfiguration#dispatcherServletRegistration matched:
      - @ConditionalOnBean (names: dispatcherServlet types: org.springframework.web.servlet.DispatcherServlet; SearchStrategy: all) found bean 'dispatcherServlet' (OnBeanCondition)

   EmbeddedWebServerFactoryCustomizerAutoConfiguration matched:
      - @ConditionalOnWebApplication (required) found 'session' scope (OnWebApplicationCondition)
      - @ConditionalOnWarDeployment the application is not deployed as a WAR file. (OnWarDeploymentCondition)

   EmbeddedWebServerFactoryCustomizerAutoConfiguration.TomcatWebServerFactoryCustomizerConfiguration matched:
      - @ConditionalOnClass found required classes 'org.apache.catalina.startup.Tomcat', 'org.apache.coyote.UpgradeProtocol' (OnClassCondition)

   ErrorMvcAutoConfiguration matched:
      - @ConditionalOnClass found required classes 'jakarta.servlet.Servlet', 'org.springframework.web.servlet.DispatcherServlet' (OnClassCondition)
      - found 'session' scope (OnWebApplicationCondition)

   ErrorMvcAutoConfiguration#basicErrorController matched:
      - @ConditionalOnMissingBean (types: org.springframework.boot.web.servlet.error.ErrorController; SearchStrategy: current) did not find any beans (OnBeanCondition)

   ErrorMvcAutoConfiguration#errorAttributes matched:
      - @ConditionalOnMissingBean (types: org.springframework.boot.web.servlet.error.ErrorAttributes; SearchStrategy: current) did not find any beans (OnBeanCondition)

   ErrorMvcAutoConfiguration.DefaultErrorViewResolverConfiguration#conventionErrorViewResolver matched:
      - @ConditionalOnBean (types: org.springframework.web.servlet.DispatcherServlet; SearchStrategy: all) found bean 'dispatcherServlet'; @ConditionalOnMissingBean (types: org.springframework.boot.autoconfigure.web.servlet.error.ErrorViewResolver; SearchStrategy: all) did not find any beans (OnBeanCondition)

   ErrorMvcAutoConfiguration.WhitelabelErrorViewConfiguration matched:
      - @ConditionalOnProperty (server.error.whitelabel.enabled) matched (OnPropertyCondition)
      - ErrorTemplate Missing did not find error template view (ErrorMvcAutoConfiguration.ErrorTemplateMissingCondition)

   ErrorMvcAutoConfiguration.WhitelabelErrorViewConfiguration#beanNameViewResolver matched:
      - @ConditionalOnMissingBean (types: org.springframework.web.servlet.view.BeanNameViewResolver; SearchStrategy: all) did not find any beans (OnBeanCondition)

   ErrorMvcAutoConfiguration.WhitelabelErrorViewConfiguration#defaultErrorView matched:
      - @ConditionalOnMissingBean (names: error; SearchStrategy: all) did not find any beans (OnBeanCondition)

   GenericCacheConfiguration matched:
      - Cache org.springframework.boot.autoconfigure.cache.GenericCacheConfiguration automatic cache type (CacheCondition)

   H2ConsoleAutoConfiguration matched:
      - @ConditionalOnClass found required class 'org.h2.server.web.JakartaWebServlet' (OnClassCondition)
      - found 'session' scope (OnWebApplicationCondition)
      - @ConditionalOnProperty (spring.h2.console.enabled=true) matched (OnPropertyCondition)

   HibernateJpaAutoConfiguration matched:
      - @ConditionalOnClass found required classes 'org.springframework.orm.jpa.LocalContainerEntityManagerFactoryBean', 'jakarta.persistence.EntityManager', 'org.hibernate.engine.spi.SessionImplementor' (OnClassCondition)

   HibernateJpaConfiguration matched:
      - @ConditionalOnSingleCandidate (types: javax.sql.DataSource; SearchStrategy: all) found a single bean 'dataSource' (OnBeanCondition)

   HttpEncodingAutoConfiguration matched:
      - @ConditionalOnClass found required class 'org.springframework.web.filter.CharacterEncodingFilter' (OnClassCondition)
      - found 'session' scope (OnWebApplicationCondition)
      - @ConditionalOnProperty (server.servlet.encoding.enabled) matched (OnPropertyCondition)

   HttpEncodingAutoConfiguration#characterEncodingFilter matched:
      - @ConditionalOnMissingBean (types: org.springframework.web.filter.CharacterEncodingFilter; SearchStrategy: all) did not find any beans (OnBeanCondition)

   HttpMessageConvertersAutoConfiguration matched:
      - @ConditionalOnClass found required class 'org.springframework.http.converter.HttpMessageConverter' (OnClassCondition)
      - NoneNestedConditions 0 matched 1 did not; NestedCondition on HttpMessageConvertersAutoConfiguration.NotReactiveWebApplicationCondition.ReactiveWebApplication did not find reactive web application classes (HttpMessageConvertersAutoConfiguration.NotReactiveWebApplicationCondition)

   HttpMessageConvertersAutoConfiguration#messageConverters matched:
      - @ConditionalOnMissingBean (types: org.springframework.boot.autoconfigure.http.HttpMessageConverters; SearchStrategy: all) did not find any beans (OnBeanCondition)

   HttpMessageConvertersAutoConfiguration.StringHttpMessageConverterConfiguration matched:
      - @ConditionalOnClass found required class 'org.springframework.http.converter.StringHttpMessageConverter' (OnClassCondition)

   HttpMessageConvertersAutoConfiguration.StringHttpMessageConverterConfiguration#stringHttpMessageConverter matched:
      - @ConditionalOnMissingBean (types: org.springframework.http.converter.StringHttpMessageConverter; SearchStrategy: all) did not find any beans (OnBeanCondition)

   JacksonAutoConfiguration matched:
      - @ConditionalOnClass found required class 'com.fasterxml.jackson.databind.ObjectMapper' (OnClassCondition)

   JacksonAutoConfiguration.Jackson2ObjectMapperBuilderCustomizerConfiguration matched:
      - @ConditionalOnClass found required class 'org.springframework.http.converter.json.Jackson2ObjectMapperBuilder' (OnClassCondition)

   JacksonAutoConfiguration.JacksonObjectMapperBuilderConfiguration matched:
      - @ConditionalOnClass found required class 'org.springframework.http.converter.json.Jackson2ObjectMapperBuilder' (OnClassCondition)

   JacksonAutoConfiguration.JacksonObjectMapperBuilderConfiguration#jacksonObjectMapperBuilder matched:
      - @ConditionalOnMissingBean (types: org.springframework.http.converter.json.Jackson2ObjectMapperBuilder; SearchStrategy: all) did not find any beans (OnBeanCondition)

   JacksonAutoConfiguration.JacksonObjectMapperConfiguration matched:
      - @ConditionalOnClass found required class 'org.springframework.http.converter.json.Jackson2ObjectMapperBuilder' (OnClassCondition)

   JacksonAutoConfiguration.JacksonObjectMapperConfiguration#jacksonObjectMapper matched:
      - @ConditionalOnMissingBean (types: com.fasterxml.jackson.databind.ObjectMapper; SearchStrategy: all) did not find any beans (OnBeanCondition)

   JacksonAutoConfiguration.ParameterNamesModuleConfiguration matched:
      - @ConditionalOnClass found required class 'com.fasterxml.jackson.module.paramnames.ParameterNamesModule' (OnClassCondition)

   JacksonAutoConfiguration.ParameterNamesModuleConfiguration#parameterNamesModule matched:
      - @ConditionalOnMissingBean (types: com.fasterxml.jackson.module.paramnames.ParameterNamesModule; SearchStrategy: all) did not find any beans (OnBeanCondition)

   JacksonHttpMessageConvertersConfiguration.MappingJackson2HttpMessageConverterConfiguration matched:
      - @ConditionalOnClass found required class 'com.fasterxml.jackson.databind.ObjectMapper' (OnClassCondition)
      - @ConditionalOnProperty (spring.mvc.converters.preferred-json-mapper=jackson) matched (OnPropertyCondition)
      - @ConditionalOnBean (types: com.fasterxml.jackson.databind.ObjectMapper; SearchStrategy: all) found bean 'jacksonObjectMapper' (OnBeanCondition)

   JacksonHttpMessageConvertersConfiguration.MappingJackson2HttpMessageConverterConfiguration#mappingJackson2HttpMessageConverter matched:
      - @ConditionalOnMissingBean (types: org.springframework.http.converter.json.MappingJackson2HttpMessageConverter ignored: org.springframework.hateoas.server.mvc.TypeConstrainedMappingJackson2HttpMessageConverter,org.springframework.data.rest.webmvc.alps.AlpsJsonHttpMessageConverter; SearchStrategy: all) did not find any beans (OnBeanCondition)

   JdbcClientAutoConfiguration matched:
      - @ConditionalOnSingleCandidate (types: org.springframework.jdbc.core.namedparam.NamedParameterJdbcTemplate; SearchStrategy: all) found a single bean 'namedParameterJdbcTemplate'; @ConditionalOnMissingBean (types: org.springframework.jdbc.core.simple.JdbcClient; SearchStrategy: all) did not find any beans (OnBeanCondition)

   JdbcTemplateAutoConfiguration matched:
      - @ConditionalOnClass found required classes 'javax.sql.DataSource', 'org.springframework.jdbc.core.JdbcTemplate' (OnClassCondition)
      - @ConditionalOnSingleCandidate (types: javax.sql.DataSource; SearchStrategy: all) found a single bean 'dataSource' (OnBeanCondition)

   JdbcTemplateConfiguration matched:
      - @ConditionalOnMissingBean (types: org.springframework.jdbc.core.JdbcOperations; SearchStrategy: all) did not find any beans (OnBeanCondition)

   JpaBaseConfiguration#entityManagerFactory matched:
      - @ConditionalOnMissingBean (types: org.springframework.orm.jpa.LocalContainerEntityManagerFactoryBean,jakarta.persistence.EntityManagerFactory; SearchStrategy: all) did not find any beans (OnBeanCondition)

   JpaBaseConfiguration#entityManagerFactoryBuilder matched:
      - @ConditionalOnMissingBean (types: org.springframework.boot.orm.jpa.EntityManagerFactoryBuilder; SearchStrategy: all) did not find any beans (OnBeanCondition)

   JpaBaseConfiguration#jpaVendorAdapter matched:
      - @ConditionalOnMissingBean (types: org.springframework.orm.jpa.JpaVendorAdapter; SearchStrategy: all) did not find any beans (OnBeanCondition)

   JpaBaseConfiguration#transactionManager matched:
      - @ConditionalOnMissingBean (types: org.springframework.transaction.TransactionManager; SearchStrategy: all) did not find any beans (OnBeanCondition)

   JpaBaseConfiguration.JpaWebConfiguration matched:
      - @ConditionalOnClass found required class 'org.springframework.web.servlet.config.annotation.WebMvcConfigurer' (OnClassCondition)
      - found 'session' scope (OnWebApplicationCondition)
      - @ConditionalOnProperty (spring.jpa.open-in-view=true) matched (OnPropertyCondition)
      - @ConditionalOnMissingBean (types: org.springframework.orm.jpa.support.OpenEntityManagerInViewInterceptor,org.springframework.orm.jpa.support.OpenEntityManagerInViewFilter; SearchStrategy: all) did not find any beans (OnBeanCondition)

   JpaBaseConfiguration.PersistenceManagedTypesConfiguration matched:
      - @ConditionalOnMissingBean (types: org.springframework.orm.jpa.LocalContainerEntityManagerFactoryBean,jakarta.persistence.EntityManagerFactory; SearchStrategy: all) did not find any beans (OnBeanCondition)

   JpaBaseConfiguration.PersistenceManagedTypesConfiguration#persistenceManagedTypes matched:
      - @ConditionalOnMissingBean (types: org.springframework.orm.jpa.persistenceunit.PersistenceManagedTypes; SearchStrategy: all) did not find any beans (OnBeanCondition)

   JpaRepositoriesAutoConfiguration matched:
      - @ConditionalOnClass found required class 'org.springframework.data.jpa.repository.JpaRepository' (OnClassCondition)
      - @ConditionalOnProperty (spring.data.jpa.repositories.enabled=true) matched (OnPropertyCondition)
      - @ConditionalOnBean (types: javax.sql.DataSource; SearchStrategy: all) found bean 'dataSource'; @ConditionalOnMissingBean (types: org.springframework.data.jpa.repository.support.JpaRepositoryFactoryBean,org.springframework.data.jpa.repository.config.JpaRepositoryConfigExtension; SearchStrategy: all) did not find any beans (OnBeanCondition)

   JtaAutoConfiguration matched:
      - @ConditionalOnClass found required class 'jakarta.transaction.Transaction' (OnClassCondition)
      - @ConditionalOnProperty (spring.jta.enabled) matched (OnPropertyCondition)

   LifecycleAutoConfiguration#defaultLifecycleProcessor matched:
      - @ConditionalOnMissingBean (names: lifecycleProcessor; SearchStrategy: current) did not find any beans (OnBeanCondition)

   MultipartAutoConfiguration matched:
      - @ConditionalOnClass found required classes 'jakarta.servlet.Servlet', 'org.springframework.web.multipart.support.StandardServletMultipartResolver', 'jakarta.servlet.MultipartConfigElement' (OnClassCondition)
      - found 'session' scope (OnWebApplicationCondition)
      - @ConditionalOnProperty (spring.servlet.multipart.enabled) matched (OnPropertyCondition)

   MultipartAutoConfiguration#multipartConfigElement matched:
      - @ConditionalOnMissingBean (types: jakarta.servlet.MultipartConfigElement; SearchStrategy: all) did not find any beans (OnBeanCondition)

   MultipartAutoConfiguration#multipartResolver matched:
      - @ConditionalOnMissingBean (types: org.springframework.web.multipart.MultipartResolver; SearchStrategy: all) did not find any beans (OnBeanCondition)

   NamedParameterJdbcTemplateConfiguration matched:
      - @ConditionalOnSingleCandidate (types: org.springframework.jdbc.core.JdbcTemplate; SearchStrategy: all) found a single bean 'jdbcTemplate'; @ConditionalOnMissingBean (types: org.springframework.jdbc.core.namedparam.NamedParameterJdbcOperations; SearchStrategy: all) did not find any beans (OnBeanCondition)

   NoOpCacheConfiguration matched:
      - Cache org.springframework.boot.autoconfigure.cache.NoOpCacheConfiguration automatic cache type (CacheCondition)

   PersistenceExceptionTranslationAutoConfiguration matched:
      - @ConditionalOnClass found required class 'org.springframework.dao.annotation.PersistenceExceptionTranslationPostProcessor' (OnClassCondition)

   PersistenceExceptionTranslationAutoConfiguration#persistenceExceptionTranslationPostProcessor matched:
      - @ConditionalOnProperty (spring.dao.exceptiontranslation.enabled) matched (OnPropertyCondition)
      - @ConditionalOnMissingBean (types: org.springframework.dao.annotation.PersistenceExceptionTranslationPostProcessor; SearchStrategy: all) did not find any beans (OnBeanCondition)

   PropertyPlaceholderAutoConfiguration#propertySourcesPlaceholderConfigurer matched:
      - @ConditionalOnMissingBean (types: org.springframework.context.support.PropertySourcesPlaceholderConfigurer; SearchStrategy: current) did not find any beans (OnBeanCondition)

   RestClientAutoConfiguration matched:
      - @ConditionalOnClass found required class 'org.springframework.web.client.RestClient' (OnClassCondition)
      - NoneNestedConditions 0 matched 1 did not; NestedCondition on NotReactiveWebApplicationCondition.ReactiveWebApplication did not find reactive web application classes (NotReactiveWebApplicationCondition)

   RestClientAutoConfiguration#httpMessageConvertersRestClientCustomizer matched:
      - @ConditionalOnMissingBean (types: org.springframework.boot.autoconfigure.web.client.HttpMessageConvertersRestClientCustomizer; SearchStrategy: all) did not find any beans (OnBeanCondition)

   RestClientAutoConfiguration#restClientBuilder matched:
      - @ConditionalOnMissingBean (types: org.springframework.web.client.RestClient$Builder; SearchStrategy: all) did not find any beans (OnBeanCondition)

   RestClientAutoConfiguration#restClientBuilderConfigurer matched:
      - @ConditionalOnMissingBean (types: org.springframework.boot.autoconfigure.web.client.RestClientBuilderConfigurer; SearchStrategy: all) did not find any beans (OnBeanCondition)

   RestClientAutoConfiguration#restClientSsl matched:
      - @ConditionalOnBean (types: org.springframework.boot.ssl.SslBundles; SearchStrategy: all) found bean 'sslBundleRegistry'; @ConditionalOnMissingBean (types: org.springframework.boot.autoconfigure.web.client.RestClientSsl; SearchStrategy: all) did not find any beans (OnBeanCondition)

   RestTemplateAutoConfiguration matched:
      - @ConditionalOnClass found required class 'org.springframework.web.client.RestTemplate' (OnClassCondition)
      - NoneNestedConditions 0 matched 1 did not; NestedCondition on NotReactiveWebApplicationCondition.ReactiveWebApplication did not find reactive web application classes (NotReactiveWebApplicationCondition)

   RestTemplateAutoConfiguration#restTemplateBuilder matched:
      - @ConditionalOnMissingBean (types: org.springframework.boot.web.client.RestTemplateBuilder; SearchStrategy: all) did not find any beans (OnBeanCondition)

   SecurityAutoConfiguration matched:
      - @ConditionalOnClass found required class 'org.springframework.security.authentication.DefaultAuthenticationEventPublisher' (OnClassCondition)

   SecurityAutoConfiguration#authenticationEventPublisher matched:
      - @ConditionalOnMissingBean (types: org.springframework.security.authentication.AuthenticationEventPublisher; SearchStrategy: all) did not find any beans (OnBeanCondition)

   SecurityFilterAutoConfiguration matched:
      - @ConditionalOnClass found required classes 'org.springframework.security.web.context.AbstractSecurityWebApplicationInitializer', 'org.springframework.security.config.http.SessionCreationPolicy' (OnClassCondition)
      - found 'session' scope (OnWebApplicationCondition)

   SecurityFilterAutoConfiguration#securityFilterChainRegistration matched:
      - @ConditionalOnBean (names: springSecurityFilterChain; SearchStrategy: all) found bean 'springSecurityFilterChain' (OnBeanCondition)

   ServletWebServerFactoryAutoConfiguration matched:
      - @ConditionalOnClass found required class 'jakarta.servlet.ServletRequest' (OnClassCondition)
      - found 'session' scope (OnWebApplicationCondition)

   ServletWebServerFactoryAutoConfiguration#tomcatServletWebServerFactoryCustomizer matched:
      - @ConditionalOnClass found required class 'org.apache.catalina.startup.Tomcat' (OnClassCondition)

   ServletWebServerFactoryConfiguration.EmbeddedTomcat matched:
      - @ConditionalOnClass found required classes 'jakarta.servlet.Servlet', 'org.apache.catalina.startup.Tomcat', 'org.apache.coyote.UpgradeProtocol' (OnClassCondition)
      - @ConditionalOnMissingBean (types: org.springframework.boot.web.servlet.server.ServletWebServerFactory; SearchStrategy: current) did not find any beans (OnBeanCondition)

   SimpleCacheConfiguration matched:
      - Cache org.springframework.boot.autoconfigure.cache.SimpleCacheConfiguration automatic cache type (CacheCondition)

   SpringBootWebSecurityConfiguration matched:
      - found 'session' scope (OnWebApplicationCondition)

   SpringDataWebAutoConfiguration matched:
      - @ConditionalOnClass found required classes 'org.springframework.data.web.PageableHandlerMethodArgumentResolver', 'org.springframework.web.servlet.config.annotation.WebMvcConfigurer' (OnClassCondition)
      - found 'session' scope (OnWebApplicationCondition)
      - @ConditionalOnMissingBean (types: org.springframework.data.web.PageableHandlerMethodArgumentResolver; SearchStrategy: all) did not find any beans (OnBeanCondition)

   SpringDataWebAutoConfiguration#pageableCustomizer matched:
      - @ConditionalOnMissingBean (types: org.springframework.data.web.config.PageableHandlerMethodArgumentResolverCustomizer; SearchStrategy: all) did not find any beans (OnBeanCondition)

   SpringDataWebAutoConfiguration#sortCustomizer matched:
      - @ConditionalOnMissingBean (types: org.springframework.data.web.config.SortHandlerMethodArgumentResolverCustomizer; SearchStrategy: all) did not find any beans (OnBeanCondition)

   SqlInitializationAutoConfiguration matched:
      - @ConditionalOnProperty (spring.sql.init.enabled) matched (OnPropertyCondition)
      - NoneNestedConditions 0 matched 1 did not; NestedCondition on SqlInitializationAutoConfiguration.SqlInitializationModeCondition.ModeIsNever @ConditionalOnProperty (spring.sql.init.mode=never) did not find property 'mode' (SqlInitializationAutoConfiguration.SqlInitializationModeCondition)

   SslAutoConfiguration#sslBundleRegistry matched:
      - @ConditionalOnMissingBean (types: org.springframework.boot.ssl.SslBundleRegistry,org.springframework.boot.ssl.SslBundles; SearchStrategy: all) did not find any beans (OnBeanCondition)

   TaskExecutionAutoConfiguration matched:
      - @ConditionalOnClass found required class 'org.springframework.scheduling.concurrent.ThreadPoolTaskExecutor' (OnClassCondition)

   TaskExecutorConfigurations.SimpleAsyncTaskExecutorBuilderConfiguration#simpleAsyncTaskExecutorBuilder matched:
      - @ConditionalOnMissingBean (types: org.springframework.boot.task.SimpleAsyncTaskExecutorBuilder; SearchStrategy: all) did not find any beans (OnBeanCondition)
      - @ConditionalOnThreading found PLATFORM (OnThreadingCondition)

   TaskExecutorConfigurations.TaskExecutorBuilderConfiguration#taskExecutorBuilder matched:
      - @ConditionalOnMissingBean (types: org.springframework.boot.task.TaskExecutorBuilder; SearchStrategy: all) did not find any beans (OnBeanCondition)

   TaskExecutorConfigurations.ThreadPoolTaskExecutorBuilderConfiguration#threadPoolTaskExecutorBuilder matched:
      - @ConditionalOnMissingBean (types: org.springframework.boot.task.TaskExecutorBuilder,org.springframework.boot.task.ThreadPoolTaskExecutorBuilder; SearchStrategy: all) did not find any beans (OnBeanCondition)

   TaskSchedulingAutoConfiguration matched:
      - @ConditionalOnClass found required class 'org.springframework.scheduling.concurrent.ThreadPoolTaskScheduler' (OnClassCondition)

   TaskSchedulingConfigurations.SimpleAsyncTaskSchedulerBuilderConfiguration#simpleAsyncTaskSchedulerBuilder matched:
      - @ConditionalOnMissingBean (types: org.springframework.boot.task.SimpleAsyncTaskSchedulerBuilder; SearchStrategy: all) did not find any beans (OnBeanCondition)
      - @ConditionalOnThreading found PLATFORM (OnThreadingCondition)

   TaskSchedulingConfigurations.TaskSchedulerBuilderConfiguration#taskSchedulerBuilder matched:
      - @ConditionalOnMissingBean (types: org.springframework.boot.task.TaskSchedulerBuilder; SearchStrategy: all) did not find any beans (OnBeanCondition)

   TaskSchedulingConfigurations.ThreadPoolTaskSchedulerBuilderConfiguration#threadPoolTaskSchedulerBuilder matched:
      - @ConditionalOnMissingBean (types: org.springframework.boot.task.TaskSchedulerBuilder,org.springframework.boot.task.ThreadPoolTaskSchedulerBuilder; SearchStrategy: all) did not find any beans (OnBeanCondition)

   TransactionAutoConfiguration matched:
      - @ConditionalOnClass found required class 'org.springframework.transaction.PlatformTransactionManager' (OnClassCondition)

   TransactionAutoConfiguration.EnableTransactionManagementConfiguration matched:
      - @ConditionalOnBean (types: org.springframework.transaction.TransactionManager; SearchStrategy: all) found bean 'transactionManager'; @ConditionalOnMissingBean (types: org.springframework.transaction.annotation.AbstractTransactionManagementConfiguration; SearchStrategy: all) did not find any beans (OnBeanCondition)

   TransactionAutoConfiguration.EnableTransactionManagementConfiguration.CglibAutoProxyConfiguration matched:
      - @ConditionalOnProperty (spring.aop.proxy-target-class=true) matched (OnPropertyCondition)

   TransactionAutoConfiguration.TransactionTemplateConfiguration matched:
      - @ConditionalOnSingleCandidate (types: org.springframework.transaction.PlatformTransactionManager; SearchStrategy: all) found a single bean 'transactionManager' (OnBeanCondition)

   TransactionAutoConfiguration.TransactionTemplateConfiguration#transactionTemplate matched:
      - @ConditionalOnMissingBean (types: org.springframework.transaction.support.TransactionOperations; SearchStrategy: all) did not find any beans (OnBeanCondition)

   TransactionManagerCustomizationAutoConfiguration matched:
      - @ConditionalOnClass found required class 'org.springframework.transaction.PlatformTransactionManager' (OnClassCondition)

   TransactionManagerCustomizationAutoConfiguration#platformTransactionManagerCustomizers matched:
      - @ConditionalOnMissingBean (types: org.springframework.boot.autoconfigure.transaction.TransactionManagerCustomizers; SearchStrategy: all) did not find any beans (OnBeanCondition)

   UserDetailsServiceAutoConfiguration matched:
      - @ConditionalOnClass found required class 'org.springframework.security.authentication.AuthenticationManager' (OnClassCondition)
      - AnyNestedCondition 1 matched 2 did not; NestedCondition on UserDetailsServiceAutoConfiguration.MissingAlternativeOrUserPropertiesConfigured.PasswordConfigured @ConditionalOnProperty (spring.security.user.password) did not find property 'password'; NestedCondition on UserDetailsServiceAutoConfiguration.MissingAlternativeOrUserPropertiesConfigured.NameConfigured @ConditionalOnProperty (spring.security.user.name) did not find property 'name'; NestedCondition on UserDetailsServiceAutoConfiguration.MissingAlternativeOrUserPropertiesConfigured.MissingAlternative @ConditionalOnMissingClass did not find unwanted classes 'org.springframework.security.oauth2.client.registration.ClientRegistrationRepository', 'org.springframework.security.oauth2.server.resource.introspection.OpaqueTokenIntrospector', 'org.springframework.security.saml2.provider.service.registration.RelyingPartyRegistrationRepository' (UserDetailsServiceAutoConfiguration.MissingAlternativeOrUserPropertiesConfigured)
      - @ConditionalOnBean (types: org.springframework.security.config.annotation.ObjectPostProcessor; SearchStrategy: all) found bean 'objectPostProcessor'; @ConditionalOnMissingBean (types: org.springframework.security.authentication.AuthenticationManager,org.springframework.security.authentication.AuthenticationProvider,org.springframework.security.core.userdetails.UserDetailsService,org.springframework.security.authentication.AuthenticationManagerResolver,org.springframework.security.oauth2.jwt.JwtDecoder; SearchStrategy: all) did not find any beans (OnBeanCondition)

   WebMvcAutoConfiguration matched:
      - @ConditionalOnClass found required classes 'jakarta.servlet.Servlet', 'org.springframework.web.servlet.DispatcherServlet', 'org.springframework.web.servlet.config.annotation.WebMvcConfigurer' (OnClassCondition)
      - found 'session' scope (OnWebApplicationCondition)
      - @ConditionalOnMissingBean (types: org.springframework.web.servlet.config.annotation.WebMvcConfigurationSupport; SearchStrategy: all) did not find any beans (OnBeanCondition)

   WebMvcAutoConfiguration#formContentFilter matched:
      - @ConditionalOnProperty (spring.mvc.formcontent.filter.enabled) matched (OnPropertyCondition)
      - @ConditionalOnMissingBean (types: org.springframework.web.filter.FormContentFilter; SearchStrategy: all) did not find any beans (OnBeanCondition)

   WebMvcAutoConfiguration.EnableWebMvcConfiguration#flashMapManager matched:
      - @ConditionalOnMissingBean (names: flashMapManager; SearchStrategy: all) did not find any beans (OnBeanCondition)

   WebMvcAutoConfiguration.EnableWebMvcConfiguration#localeResolver matched:
      - @ConditionalOnMissingBean (names: localeResolver; SearchStrategy: all) did not find any beans (OnBeanCondition)

   WebMvcAutoConfiguration.EnableWebMvcConfiguration#themeResolver matched:
      - @ConditionalOnMissingBean (names: themeResolver; SearchStrategy: all) did not find any beans (OnBeanCondition)

   WebMvcAutoConfiguration.WebMvcAutoConfigurationAdapter#defaultViewResolver matched:
      - @ConditionalOnMissingBean (types: org.springframework.web.servlet.view.InternalResourceViewResolver; SearchStrategy: all) did not find any beans (OnBeanCondition)

   WebMvcAutoConfiguration.WebMvcAutoConfigurationAdapter#requestContextFilter matched:
      - @ConditionalOnMissingBean (types: org.springframework.web.context.request.RequestContextListener,org.springframework.web.filter.RequestContextFilter; SearchStrategy: all) did not find any beans (OnBeanCondition)

   WebMvcAutoConfiguration.WebMvcAutoConfigurationAdapter#viewResolver matched:
      - @ConditionalOnBean (types: org.springframework.web.servlet.ViewResolver; SearchStrategy: all) found beans 'defaultViewResolver', 'beanNameViewResolver', 'mvcViewResolver'; @ConditionalOnMissingBean (names: viewResolver types: org.springframework.web.servlet.view.ContentNegotiatingViewResolver; SearchStrategy: all) did not find any beans (OnBeanCondition)

   WebSocketMessagingAutoConfiguration matched:
      - @ConditionalOnClass found required class 'org.springframework.web.socket.config.annotation.WebSocketMessageBrokerConfigurer' (OnClassCondition)
      - found 'session' scope (OnWebApplicationCondition)

   WebSocketMessagingAutoConfiguration.WebSocketMessageConverterConfiguration matched:
      - @ConditionalOnClass found required classes 'com.fasterxml.jackson.databind.ObjectMapper', 'org.springframework.messaging.simp.config.AbstractMessageBrokerConfiguration' (OnClassCondition)
      - @ConditionalOnBean (types: org.springframework.web.socket.config.annotation.DelegatingWebSocketMessageBrokerConfiguration,com.fasterxml.jackson.databind.ObjectMapper; SearchStrategy: all) found beans 'jacksonObjectMapper', 'org.springframework.web.socket.config.annotation.DelegatingWebSocketMessageBrokerConfiguration' (OnBeanCondition)

   WebSocketServletAutoConfiguration matched:
      - @ConditionalOnClass found required classes 'jakarta.servlet.Servlet', 'jakarta.websocket.server.ServerContainer' (OnClassCondition)
      - found 'session' scope (OnWebApplicationCondition)

   WebSocketServletAutoConfiguration.TomcatWebSocketConfiguration matched:
      - @ConditionalOnClass found required classes 'org.apache.catalina.startup.Tomcat', 'org.apache.tomcat.websocket.server.WsSci' (OnClassCondition)

   WebSocketServletAutoConfiguration.TomcatWebSocketConfiguration#websocketServletWebServerCustomizer matched:
      - @ConditionalOnMissingBean (names: websocketServletWebServerCustomizer; SearchStrategy: all) did not find any beans (OnBeanCondition)


Negative matches:
-----------------

   ActiveMQAutoConfiguration:
      Did not match:
         - @ConditionalOnClass did not find required class 'jakarta.jms.ConnectionFactory' (OnClassCondition)

   AopAutoConfiguration.AspectJAutoProxyingConfiguration.JdkDynamicAutoProxyConfiguration:
      Did not match:
         - @ConditionalOnProperty (spring.aop.proxy-target-class=false) did not find property 'proxy-target-class' (OnPropertyCondition)

   AopAutoConfiguration.ClassProxyingConfiguration:
      Did not match:
         - @ConditionalOnMissingClass found unwanted class 'org.aspectj.weaver.Advice' (OnClassCondition)

   ArtemisAutoConfiguration:
      Did not match:
         - @ConditionalOnClass did not find required class 'jakarta.jms.ConnectionFactory' (OnClassCondition)

   BatchAutoConfiguration:
      Did not match:
         - @ConditionalOnClass did not find required class 'org.springframework.batch.core.launch.JobLauncher' (OnClassCondition)

   Cache2kCacheConfiguration:
      Did not match:
         - @ConditionalOnClass did not find required class 'org.cache2k.Cache2kBuilder' (OnClassCondition)

   CacheAutoConfiguration:
      Did not match:
         - @ConditionalOnBean (types: org.springframework.cache.interceptor.CacheAspectSupport; SearchStrategy: all) did not find any beans of type org.springframework.cache.interceptor.CacheAspectSupport (OnBeanCondition)
      Matched:
         - @ConditionalOnClass found required class 'org.springframework.cache.CacheManager' (OnClassCondition)

   CacheAutoConfiguration.CacheManagerEntityManagerFactoryDependsOnPostProcessor:
      Did not match:
         - Ancestor org.springframework.boot.autoconfigure.cache.CacheAutoConfiguration did not match (ConditionEvaluationReport.AncestorsMatchedCondition)
      Matched:
         - @ConditionalOnClass found required class 'org.springframework.orm.jpa.LocalContainerEntityManagerFactoryBean' (OnClassCondition)

   CaffeineCacheConfiguration:
      Did not match:
         - @ConditionalOnClass did not find required class 'com.github.benmanes.caffeine.cache.Caffeine' (OnClassCondition)

   CassandraAutoConfiguration:
      Did not match:
         - @ConditionalOnClass did not find required class 'com.datastax.oss.driver.api.core.CqlSession' (OnClassCondition)

   CassandraDataAutoConfiguration:
      Did not match:
         - @ConditionalOnClass did not find required class 'com.datastax.oss.driver.api.core.CqlSession' (OnClassCondition)

   CassandraReactiveDataAutoConfiguration:
      Did not match:
         - @ConditionalOnClass did not find required class 'com.datastax.oss.driver.api.core.CqlSession' (OnClassCondition)

   CassandraReactiveRepositoriesAutoConfiguration:
      Did not match:
         - @ConditionalOnClass did not find required class 'org.springframework.data.cassandra.ReactiveSession' (OnClassCondition)

   CassandraRepositoriesAutoConfiguration:
      Did not match:
         - @ConditionalOnClass did not find required class 'com.datastax.oss.driver.api.core.CqlSession' (OnClassCondition)

   ClientHttpConnectorAutoConfiguration:
      Did not match:
         - @ConditionalOnClass did not find required class 'org.springframework.web.reactive.function.client.WebClient' (OnClassCondition)

   CodecsAutoConfiguration:
      Did not match:
         - @ConditionalOnClass did not find required class 'org.springframework.web.reactive.function.client.WebClient' (OnClassCondition)

   CouchbaseAutoConfiguration:
      Did not match:
         - @ConditionalOnClass did not find required class 'com.couchbase.client.java.Cluster' (OnClassCondition)

   CouchbaseCacheConfiguration:
      Did not match:
         - @ConditionalOnClass did not find required class 'com.couchbase.client.java.Cluster' (OnClassCondition)

   CouchbaseDataAutoConfiguration:
      Did not match:
         - @ConditionalOnClass did not find required class 'com.couchbase.client.java.Bucket' (OnClassCondition)

   CouchbaseReactiveDataAutoConfiguration:
      Did not match:
         - @ConditionalOnClass did not find required class 'com.couchbase.client.java.Cluster' (OnClassCondition)

   CouchbaseReactiveRepositoriesAutoConfiguration:
      Did not match:
         - @ConditionalOnClass did not find required class 'com.couchbase.client.java.Cluster' (OnClassCondition)

   CouchbaseRepositoriesAutoConfiguration:
      Did not match:
         - @ConditionalOnClass did not find required class 'com.couchbase.client.java.Bucket' (OnClassCondition)

   DataSourceAutoConfiguration.EmbeddedDatabaseConfiguration:
      Did not match:
         - EmbeddedDataSource spring.datasource.url is set (DataSourceAutoConfiguration.EmbeddedDatabaseCondition)

   DataSourceCheckpointRestoreConfiguration:
      Did not match:
         - @ConditionalOnClass did not find required class 'org.crac.Resource' (OnClassCondition)

   DataSourceConfiguration.Dbcp2:
      Did not match:
         - @ConditionalOnClass did not find required class 'org.apache.commons.dbcp2.BasicDataSource' (OnClassCondition)

   DataSourceConfiguration.Generic:
      Did not match:
         - @ConditionalOnProperty (spring.datasource.type) did not find property 'spring.datasource.type' (OnPropertyCondition)

   DataSourceConfiguration.OracleUcp:
      Did not match:
         - @ConditionalOnClass did not find required classes 'oracle.ucp.jdbc.PoolDataSourceImpl', 'oracle.jdbc.OracleConnection' (OnClassCondition)

   DataSourceConfiguration.Tomcat:
      Did not match:
         - @ConditionalOnClass did not find required class 'org.apache.tomcat.jdbc.pool.DataSource' (OnClassCondition)

   DataSourceJmxConfiguration.TomcatDataSourceJmxConfiguration:
      Did not match:
         - @ConditionalOnClass did not find required class 'org.apache.tomcat.jdbc.pool.DataSourceProxy' (OnClassCondition)

   DataSourcePoolMetadataProvidersConfiguration.CommonsDbcp2PoolDataSourceMetadataProviderConfiguration:
      Did not match:
         - @ConditionalOnClass did not find required class 'org.apache.commons.dbcp2.BasicDataSource' (OnClassCondition)

   DataSourcePoolMetadataProvidersConfiguration.OracleUcpPoolDataSourceMetadataProviderConfiguration:
      Did not match:
         - @ConditionalOnClass did not find required classes 'oracle.ucp.jdbc.PoolDataSource', 'oracle.jdbc.OracleConnection' (OnClassCondition)

   DataSourcePoolMetadataProvidersConfiguration.TomcatDataSourcePoolMetadataProviderConfiguration:
      Did not match:
         - @ConditionalOnClass did not find required class 'org.apache.tomcat.jdbc.pool.DataSource' (OnClassCondition)

   DataSourceTransactionManagerAutoConfiguration.JdbcTransactionManagerConfiguration#transactionManager:
      Did not match:
         - @ConditionalOnMissingBean (types: org.springframework.transaction.TransactionManager; SearchStrategy: all) found beans of type 'org.springframework.transaction.TransactionManager' transactionManager (OnBeanCondition)

   DispatcherServletAutoConfiguration.DispatcherServletConfiguration#multipartResolver:
      Did not match:
         - @ConditionalOnBean (types: org.springframework.web.multipart.MultipartResolver; SearchStrategy: all) did not find any beans of type org.springframework.web.multipart.MultipartResolver (OnBeanCondition)

   ElasticsearchClientAutoConfiguration:
      Did not match:
         - @ConditionalOnClass did not find required class 'co.elastic.clients.elasticsearch.ElasticsearchClient' (OnClassCondition)

   ElasticsearchDataAutoConfiguration:
      Did not match:
         - @ConditionalOnClass did not find required class 'org.springframework.data.elasticsearch.client.elc.ElasticsearchTemplate' (OnClassCondition)

   ElasticsearchRepositoriesAutoConfiguration:
      Did not match:
         - @ConditionalOnClass did not find required class 'org.springframework.data.elasticsearch.repository.ElasticsearchRepository' (OnClassCondition)

   ElasticsearchRestClientAutoConfiguration:
      Did not match:
         - @ConditionalOnClass did not find required class 'org.elasticsearch.client.RestClientBuilder' (OnClassCondition)

   EmbeddedLdapAutoConfiguration:
      Did not match:
         - @ConditionalOnClass did not find required class 'com.unboundid.ldap.listener.InMemoryDirectoryServer' (OnClassCondition)

   EmbeddedWebServerFactoryCustomizerAutoConfiguration.JettyWebServerFactoryCustomizerConfiguration:
      Did not match:
         - @ConditionalOnClass did not find required classes 'org.eclipse.jetty.server.Server', 'org.eclipse.jetty.util.Loader', 'org.eclipse.jetty.ee10.webapp.WebAppContext' (OnClassCondition)

   EmbeddedWebServerFactoryCustomizerAutoConfiguration.NettyWebServerFactoryCustomizerConfiguration:
      Did not match:
         - @ConditionalOnClass did not find required class 'reactor.netty.http.server.HttpServer' (OnClassCondition)

   EmbeddedWebServerFactoryCustomizerAutoConfiguration.TomcatWebServerFactoryCustomizerConfiguration#tomcatVirtualThreadsProtocolHandlerCustomizer:
      Did not match:
         - @ConditionalOnThreading did not find VIRTUAL (OnThreadingCondition)

   EmbeddedWebServerFactoryCustomizerAutoConfiguration.UndertowWebServerFactoryCustomizerConfiguration:
      Did not match:
         - @ConditionalOnClass did not find required classes 'io.undertow.Undertow', 'org.xnio.SslClientAuthMode' (OnClassCondition)

   ErrorWebFluxAutoConfiguration:
      Did not match:
         - @ConditionalOnClass did not find required class 'org.springframework.web.reactive.config.WebFluxConfigurer' (OnClassCondition)

   FlywayAutoConfiguration:
      Did not match:
         - @ConditionalOnClass did not find required class 'org.flywaydb.core.Flyway' (OnClassCondition)

   FreeMarkerAutoConfiguration:
      Did not match:
         - @ConditionalOnClass did not find required class 'freemarker.template.Configuration' (OnClassCondition)

   GraphQlAutoConfiguration:
      Did not match:
         - @ConditionalOnClass did not find required class 'graphql.GraphQL' (OnClassCondition)

   GraphQlQueryByExampleAutoConfiguration:
      Did not match:
         - @ConditionalOnClass did not find required class 'graphql.GraphQL' (OnClassCondition)

   GraphQlQuerydslAutoConfiguration:
      Did not match:
         - @ConditionalOnClass did not find required class 'com.querydsl.core.Query' (OnClassCondition)

   GraphQlRSocketAutoConfiguration:
      Did not match:
         - @ConditionalOnClass did not find required class 'graphql.GraphQL' (OnClassCondition)

   GraphQlReactiveQueryByExampleAutoConfiguration:
      Did not match:
         - @ConditionalOnClass did not find required class 'graphql.GraphQL' (OnClassCondition)

   GraphQlReactiveQuerydslAutoConfiguration:
      Did not match:
         - @ConditionalOnClass did not find required class 'com.querydsl.core.Query' (OnClassCondition)

   GraphQlWebFluxAutoConfiguration:
      Did not match:
         - @ConditionalOnClass did not find required class 'graphql.GraphQL' (OnClassCondition)

   GraphQlWebFluxSecurityAutoConfiguration:
      Did not match:
         - @ConditionalOnClass did not find required class 'graphql.GraphQL' (OnClassCondition)

   GraphQlWebMvcAutoConfiguration:
      Did not match:
         - @ConditionalOnClass did not find required class 'graphql.GraphQL' (OnClassCondition)

   GraphQlWebMvcSecurityAutoConfiguration:
      Did not match:
         - @ConditionalOnClass did not find required class 'graphql.GraphQL' (OnClassCondition)

   GroovyTemplateAutoConfiguration:
      Did not match:
         - @ConditionalOnClass did not find required class 'groovy.text.markup.MarkupTemplateEngine' (OnClassCondition)

   GsonAutoConfiguration:
      Did not match:
         - @ConditionalOnClass did not find required class 'com.google.gson.Gson' (OnClassCondition)

   GsonHttpMessageConvertersConfiguration:
      Did not match:
         - @ConditionalOnClass did not find required class 'com.google.gson.Gson' (OnClassCondition)

   HazelcastAutoConfiguration:
      Did not match:
         - @ConditionalOnClass did not find required class 'com.hazelcast.core.HazelcastInstance' (OnClassCondition)

   HazelcastCacheConfiguration:
      Did not match:
         - @ConditionalOnClass did not find required class 'com.hazelcast.core.HazelcastInstance' (OnClassCondition)

   HazelcastJpaDependencyAutoConfiguration:
      Did not match:
         - @ConditionalOnClass did not find required class 'com.hazelcast.core.HazelcastInstance' (OnClassCondition)

   HttpHandlerAutoConfiguration:
      Did not match:
         - @ConditionalOnClass did not find required class 'org.springframework.web.reactive.DispatcherHandler' (OnClassCondition)

   HypermediaAutoConfiguration:
      Did not match:
         - @ConditionalOnClass did not find required class 'org.springframework.hateoas.EntityModel' (OnClassCondition)

   InfinispanCacheConfiguration:
      Did not match:
         - @ConditionalOnClass did not find required class 'org.infinispan.spring.embedded.provider.SpringEmbeddedCacheManager' (OnClassCondition)

   InfluxDbAutoConfiguration:
      Did not match:
         - @ConditionalOnClass did not find required class 'org.influxdb.InfluxDB' (OnClassCondition)

   IntegrationAutoConfiguration:
      Did not match:
         - @ConditionalOnClass did not find required class 'org.springframework.integration.config.EnableIntegration' (OnClassCondition)

   JCacheCacheConfiguration:
      Did not match:
         - @ConditionalOnClass did not find required class 'javax.cache.Caching' (OnClassCondition)

   JacksonHttpMessageConvertersConfiguration.MappingJackson2XmlHttpMessageConverterConfiguration:
      Did not match:
         - @ConditionalOnClass did not find required class 'com.fasterxml.jackson.dataformat.xml.XmlMapper' (OnClassCondition)

   JdbcRepositoriesAutoConfiguration:
      Did not match:
         - @ConditionalOnClass did not find required class 'org.springframework.data.jdbc.repository.config.AbstractJdbcConfiguration' (OnClassCondition)

   JerseyAutoConfiguration:
      Did not match:
         - @ConditionalOnClass did not find required class 'org.glassfish.jersey.server.spring.SpringComponentProvider' (OnClassCondition)

   JmsAutoConfiguration:
      Did not match:
         - @ConditionalOnClass did not find required class 'jakarta.jms.Message' (OnClassCondition)

   JmxAutoConfiguration:
      Did not match:
         - @ConditionalOnProperty (spring.jmx.enabled=true) did not find property 'enabled' (OnPropertyCondition)
      Matched:
         - @ConditionalOnClass found required class 'org.springframework.jmx.export.MBeanExporter' (OnClassCondition)

   JndiConnectionFactoryAutoConfiguration:
      Did not match:
         - @ConditionalOnClass did not find required class 'org.springframework.jms.core.JmsTemplate' (OnClassCondition)

   JndiDataSourceAutoConfiguration:
      Did not match:
         - @ConditionalOnProperty (spring.datasource.jndi-name) did not find property 'jndi-name' (OnPropertyCondition)
      Matched:
         - @ConditionalOnClass found required classes 'javax.sql.DataSource', 'org.springframework.jdbc.datasource.embedded.EmbeddedDatabaseType' (OnClassCondition)

   JndiJtaConfiguration:
      Did not match:
         - @ConditionalOnJndi JNDI environment is not available (OnJndiCondition)
      Matched:
         - @ConditionalOnClass found required class 'org.springframework.transaction.jta.JtaTransactionManager' (OnClassCondition)

   JooqAutoConfiguration:
      Did not match:
         - @ConditionalOnClass did not find required class 'org.jooq.DSLContext' (OnClassCondition)

   JpaRepositoriesAutoConfiguration#entityManagerFactoryBootstrapExecutorCustomizer:
      Did not match:
         - AnyNestedCondition 0 matched 2 did not; NestedCondition on JpaRepositoriesAutoConfiguration.BootstrapExecutorCondition.LazyBootstrapMode @ConditionalOnProperty (spring.data.jpa.repositories.bootstrap-mode=lazy) did not find property 'bootstrap-mode'; NestedCondition on JpaRepositoriesAutoConfiguration.BootstrapExecutorCondition.DeferredBootstrapMode @ConditionalOnProperty (spring.data.jpa.repositories.bootstrap-mode=deferred) did not find property 'bootstrap-mode' (JpaRepositoriesAutoConfiguration.BootstrapExecutorCondition)

   JsonbAutoConfiguration:
      Did not match:
         - @ConditionalOnClass did not find required class 'jakarta.json.bind.Jsonb' (OnClassCondition)

   JsonbHttpMessageConvertersConfiguration:
      Did not match:
         - @ConditionalOnClass did not find required class 'jakarta.json.bind.Jsonb' (OnClassCondition)

   KafkaAutoConfiguration:
      Did not match:
         - @ConditionalOnClass did not find required class 'org.springframework.kafka.core.KafkaTemplate' (OnClassCondition)

   LdapAutoConfiguration:
      Did not match:
         - @ConditionalOnClass did not find required class 'org.springframework.ldap.core.ContextSource' (OnClassCondition)

   LdapRepositoriesAutoConfiguration:
      Did not match:
         - @ConditionalOnClass did not find required class 'org.springframework.data.ldap.repository.LdapRepository' (OnClassCondition)

   LiquibaseAutoConfiguration:
      Did not match:
         - @ConditionalOnClass did not find required class 'liquibase.change.DatabaseChange' (OnClassCondition)

   MailSenderAutoConfiguration:
      Did not match:
         - @ConditionalOnClass did not find required class 'jakarta.mail.internet.MimeMessage' (OnClassCondition)

   MailSenderValidatorAutoConfiguration:
      Did not match:
         - @ConditionalOnSingleCandidate did not find required type 'org.springframework.mail.javamail.JavaMailSenderImpl' (OnBeanCondition)

   MessageSourceAutoConfiguration:
      Did not match:
         - ResourceBundle did not find bundle with basename messages (MessageSourceAutoConfiguration.ResourceBundleCondition)

   MongoAutoConfiguration:
      Did not match:
         - @ConditionalOnClass did not find required class 'com.mongodb.client.MongoClient' (OnClassCondition)

   MongoDataAutoConfiguration:
      Did not match:
         - @ConditionalOnClass did not find required class 'com.mongodb.client.MongoClient' (OnClassCondition)

   MongoReactiveAutoConfiguration:
      Did not match:
         - @ConditionalOnClass did not find required class 'com.mongodb.reactivestreams.client.MongoClient' (OnClassCondition)

   MongoReactiveDataAutoConfiguration:
      Did not match:
         - @ConditionalOnClass did not find required class 'com.mongodb.reactivestreams.client.MongoClient' (OnClassCondition)

   MongoReactiveRepositoriesAutoConfiguration:
      Did not match:
         - @ConditionalOnClass did not find required class 'com.mongodb.reactivestreams.client.MongoClient' (OnClassCondition)

   MongoRepositoriesAutoConfiguration:
      Did not match:
         - @ConditionalOnClass did not find required class 'com.mongodb.client.MongoClient' (OnClassCondition)

   MustacheAutoConfiguration:
      Did not match:
         - @ConditionalOnClass did not find required class 'com.samskivert.mustache.Mustache' (OnClassCondition)

   Neo4jAutoConfiguration:
      Did not match:
         - @ConditionalOnClass did not find required class 'org.neo4j.driver.Driver' (OnClassCondition)

   Neo4jDataAutoConfiguration:
      Did not match:
         - @ConditionalOnClass did not find required class 'org.neo4j.driver.Driver' (OnClassCondition)

   Neo4jReactiveDataAutoConfiguration:
      Did not match:
         - @ConditionalOnClass did not find required class 'org.neo4j.driver.Driver' (OnClassCondition)

   Neo4jReactiveRepositoriesAutoConfiguration:
      Did not match:
         - @ConditionalOnClass did not find required class 'org.neo4j.driver.Driver' (OnClassCondition)

   Neo4jRepositoriesAutoConfiguration:
      Did not match:
         - @ConditionalOnClass did not find required class 'org.neo4j.driver.Driver' (OnClassCondition)

   NettyAutoConfiguration:
      Did not match:
         - @ConditionalOnClass did not find required class 'io.netty.util.NettyRuntime' (OnClassCondition)

   OAuth2AuthorizationServerAutoConfiguration:
      Did not match:
         - @ConditionalOnClass did not find required class 'org.springframework.security.oauth2.server.authorization.OAuth2Authorization' (OnClassCondition)

   OAuth2AuthorizationServerJwtAutoConfiguration:
      Did not match:
         - @ConditionalOnClass did not find required class 'org.springframework.security.oauth2.server.authorization.OAuth2Authorization' (OnClassCondition)

   OAuth2ClientAutoConfiguration:
      Did not match:
         - @ConditionalOnClass did not find required class 'org.springframework.security.oauth2.client.registration.ClientRegistration' (OnClassCondition)

   OAuth2ResourceServerAutoConfiguration:
      Did not match:
         - @ConditionalOnClass did not find required class 'org.springframework.security.oauth2.server.resource.authentication.BearerTokenAuthenticationToken' (OnClassCondition)

   ProjectInfoAutoConfiguration#buildProperties:
      Did not match:
         - @ConditionalOnResource did not find resource '${spring.info.build.location:classpath:META-INF/build-info.properties}' (OnResourceCondition)

   ProjectInfoAutoConfiguration#gitProperties:
      Did not match:
         - GitResource did not find git info at classpath:git.properties (ProjectInfoAutoConfiguration.GitResourceAvailableCondition)

   PulsarAutoConfiguration:
      Did not match:
         - @ConditionalOnClass did not find required class 'org.apache.pulsar.client.api.PulsarClient' (OnClassCondition)

   PulsarReactiveAutoConfiguration:
      Did not match:
         - @ConditionalOnClass did not find required class 'org.apache.pulsar.client.api.PulsarClient' (OnClassCondition)

   QuartzAutoConfiguration:
      Did not match:
         - @ConditionalOnClass did not find required class 'org.quartz.Scheduler' (OnClassCondition)

   R2dbcAutoConfiguration:
      Did not match:
         - @ConditionalOnClass did not find required class 'io.r2dbc.spi.ConnectionFactory' (OnClassCondition)

   R2dbcDataAutoConfiguration:
      Did not match:
         - @ConditionalOnClass did not find required class 'org.springframework.data.r2dbc.core.R2dbcEntityTemplate' (OnClassCondition)

   R2dbcInitializationConfiguration:
      Did not match:
         - @ConditionalOnClass did not find required classes 'io.r2dbc.spi.ConnectionFactory', 'org.springframework.r2dbc.connection.init.DatabasePopulator' (OnClassCondition)

   R2dbcRepositoriesAutoConfiguration:
      Did not match:
         - @ConditionalOnClass did not find required class 'io.r2dbc.spi.ConnectionFactory' (OnClassCondition)

   R2dbcTransactionManagerAutoConfiguration:
      Did not match:
         - @ConditionalOnClass did not find required class 'org.springframework.r2dbc.connection.R2dbcTransactionManager' (OnClassCondition)

   RSocketGraphQlClientAutoConfiguration:
      Did not match:
         - @ConditionalOnClass did not find required class 'graphql.GraphQL' (OnClassCondition)

   RSocketMessagingAutoConfiguration:
      Did not match:
         - @ConditionalOnClass did not find required class 'io.rsocket.RSocket' (OnClassCondition)

   RSocketRequesterAutoConfiguration:
      Did not match:
         - @ConditionalOnClass did not find required class 'io.rsocket.RSocket' (OnClassCondition)

   RSocketSecurityAutoConfiguration:
      Did not match:
         - @ConditionalOnClass did not find required class 'org.springframework.security.rsocket.core.SecuritySocketAcceptorInterceptor' (OnClassCondition)

   RSocketServerAutoConfiguration:
      Did not match:
         - @ConditionalOnClass did not find required class 'io.rsocket.core.RSocketServer' (OnClassCondition)

   RSocketStrategiesAutoConfiguration:
      Did not match:
         - @ConditionalOnClass did not find required class 'io.netty.buffer.PooledByteBufAllocator' (OnClassCondition)

   RabbitAutoConfiguration:
      Did not match:
         - @ConditionalOnClass did not find required class 'com.rabbitmq.client.Channel' (OnClassCondition)

   ReactiveElasticsearchClientAutoConfiguration:
      Did not match:
         - @ConditionalOnClass did not find required class 'co.elastic.clients.transport.ElasticsearchTransport' (OnClassCondition)

   ReactiveElasticsearchRepositoriesAutoConfiguration:
      Did not match:
         - @ConditionalOnClass did not find required class 'org.springframework.data.elasticsearch.client.elc.ReactiveElasticsearchClient' (OnClassCondition)

   ReactiveMultipartAutoConfiguration:
      Did not match:
         - @ConditionalOnClass did not find required class 'org.springframework.web.reactive.config.WebFluxConfigurer' (OnClassCondition)

   ReactiveOAuth2ClientAutoConfiguration:
      Did not match:
         - @ConditionalOnClass did not find required class 'reactor.core.publisher.Flux' (OnClassCondition)

   ReactiveOAuth2ResourceServerAutoConfiguration:
      Did not match:
         - @ConditionalOnWebApplication did not find reactive web application classes (OnWebApplicationCondition)

   ReactiveSecurityAutoConfiguration:
      Did not match:
         - @ConditionalOnClass did not find required class 'reactor.core.publisher.Flux' (OnClassCondition)

   ReactiveUserDetailsServiceAutoConfiguration:
      Did not match:
         - AnyNestedCondition 0 matched 2 did not; NestedCondition on ReactiveUserDetailsServiceAutoConfiguration.RSocketEnabledOrReactiveWebApplication.ReactiveWebApplicationCondition did not find reactive web application classes; NestedCondition on ReactiveUserDetailsServiceAutoConfiguration.RSocketEnabledOrReactiveWebApplication.RSocketSecurityEnabledCondition @ConditionalOnBean (types: org.springframework.messaging.rsocket.annotation.support.RSocketMessageHandler; SearchStrategy: all) did not find any beans of type org.springframework.messaging.rsocket.annotation.support.RSocketMessageHandler (ReactiveUserDetailsServiceAutoConfiguration.RSocketEnabledOrReactiveWebApplication)
      Matched:
         - @ConditionalOnClass found required class 'org.springframework.security.authentication.ReactiveAuthenticationManager' (OnClassCondition)
         - AnyNestedCondition 1 matched 2 did not; NestedCondition on ReactiveUserDetailsServiceAutoConfiguration.MissingAlternativeOrUserPropertiesConfigured.PasswordConfigured @ConditionalOnProperty (spring.security.user.password) did not find property 'password'; NestedCondition on ReactiveUserDetailsServiceAutoConfiguration.MissingAlternativeOrUserPropertiesConfigured.NameConfigured @ConditionalOnProperty (spring.security.user.name) did not find property 'name'; NestedCondition on ReactiveUserDetailsServiceAutoConfiguration.MissingAlternativeOrUserPropertiesConfigured.MissingAlternative @ConditionalOnMissingClass did not find unwanted classes 'org.springframework.security.oauth2.client.registration.ClientRegistrationRepository', 'org.springframework.security.oauth2.server.resource.introspection.ReactiveOpaqueTokenIntrospector' (ReactiveUserDetailsServiceAutoConfiguration.MissingAlternativeOrUserPropertiesConfigured)

   ReactiveWebServerFactoryAutoConfiguration:
      Did not match:
         - @ConditionalOnWebApplication did not find reactive web application classes (OnWebApplicationCondition)

   ReactorAutoConfiguration:
      Did not match:
         - @ConditionalOnClass did not find required class 'reactor.core.publisher.Hooks' (OnClassCondition)

   RedisAutoConfiguration:
      Did not match:
         - @ConditionalOnClass did not find required class 'org.springframework.data.redis.core.RedisOperations' (OnClassCondition)

   RedisCacheConfiguration:
      Did not match:
         - @ConditionalOnClass did not find required class 'org.springframework.data.redis.connection.RedisConnectionFactory' (OnClassCondition)

   RedisReactiveAutoConfiguration:
      Did not match:
         - @ConditionalOnClass did not find required class 'reactor.core.publisher.Flux' (OnClassCondition)

   RedisRepositoriesAutoConfiguration:
      Did not match:
         - @ConditionalOnClass did not find required class 'org.springframework.data.redis.repository.configuration.EnableRedisRepositories' (OnClassCondition)

   RepositoryRestMvcAutoConfiguration:
      Did not match:
         - @ConditionalOnClass did not find required class 'org.springframework.data.rest.webmvc.config.RepositoryRestMvcConfiguration' (OnClassCondition)

   Saml2RelyingPartyAutoConfiguration:
      Did not match:
         - @ConditionalOnClass did not find required class 'org.springframework.security.saml2.provider.service.registration.RelyingPartyRegistrationRepository' (OnClassCondition)

   SecurityDataConfiguration:
      Did not match:
         - @ConditionalOnClass did not find required class 'org.springframework.security.data.repository.query.SecurityEvaluationContextExtension' (OnClassCondition)

   SendGridAutoConfiguration:
      Did not match:
         - @ConditionalOnClass did not find required class 'com.sendgrid.SendGrid' (OnClassCondition)

   ServletWebServerFactoryAutoConfiguration.ForwardedHeaderFilterConfiguration:
      Did not match:
         - @ConditionalOnProperty (server.forward-headers-strategy=framework) did not find property 'server.forward-headers-strategy' (OnPropertyCondition)

   ServletWebServerFactoryConfiguration.EmbeddedJetty:
      Did not match:
         - @ConditionalOnClass did not find required classes 'org.eclipse.jetty.server.Server', 'org.eclipse.jetty.util.Loader', 'org.eclipse.jetty.ee10.webapp.WebAppContext' (OnClassCondition)

   ServletWebServerFactoryConfiguration.EmbeddedUndertow:
      Did not match:
         - @ConditionalOnClass did not find required classes 'io.undertow.Undertow', 'org.xnio.SslClientAuthMode' (OnClassCondition)

   SessionAutoConfiguration:
      Did not match:
         - @ConditionalOnClass did not find required class 'org.springframework.session.Session' (OnClassCondition)

   SpringApplicationAdminJmxAutoConfiguration:
      Did not match:
         - @ConditionalOnProperty (spring.application.admin.enabled=true) did not find property 'enabled' (OnPropertyCondition)

   SpringBootWebSecurityConfiguration.SecurityFilterChainConfiguration:
      Did not match:
         - AllNestedConditions 1 matched 1 did not; NestedCondition on DefaultWebSecurityCondition.Beans @ConditionalOnMissingBean (types: org.springframework.security.web.SecurityFilterChain; SearchStrategy: all) found beans of type 'org.springframework.security.web.SecurityFilterChain' filterChain; NestedCondition on DefaultWebSecurityCondition.Classes @ConditionalOnClass found required classes 'org.springframework.security.web.SecurityFilterChain', 'org.springframework.security.config.annotation.web.builders.HttpSecurity' (DefaultWebSecurityCondition)

   SpringBootWebSecurityConfiguration.WebSecurityEnablerConfiguration:
      Did not match:
         - @ConditionalOnMissingBean (names: springSecurityFilterChain; SearchStrategy: all) found beans named springSecurityFilterChain (OnBeanCondition)
      Matched:
         - @ConditionalOnClass found required class 'org.springframework.security.config.annotation.web.configuration.EnableWebSecurity' (OnClassCondition)

   TaskExecutorConfigurations.SimpleAsyncTaskExecutorBuilderConfiguration#simpleAsyncTaskExecutorBuilderVirtualThreads:
      Did not match:
         - @ConditionalOnMissingBean (types: org.springframework.boot.task.SimpleAsyncTaskExecutorBuilder; SearchStrategy: all) found beans of type 'org.springframework.boot.task.SimpleAsyncTaskExecutorBuilder' simpleAsyncTaskExecutorBuilder (OnBeanCondition)

   TaskExecutorConfigurations.TaskExecutorConfiguration:
      Did not match:
         - @ConditionalOnMissingBean (types: java.util.concurrent.Executor; SearchStrategy: all) found beans of type 'java.util.concurrent.Executor' clientInboundChannelExecutor, clientOutboundChannelExecutor, brokerChannelExecutor (OnBeanCondition)

   TaskSchedulingAutoConfiguration#scheduledBeanLazyInitializationExcludeFilter:
      Did not match:
         - @ConditionalOnBean (names: org.springframework.context.annotation.internalScheduledAnnotationProcessor; SearchStrategy: all) did not find any beans named org.springframework.context.annotation.internalScheduledAnnotationProcessor (OnBeanCondition)

   TaskSchedulingConfigurations.SimpleAsyncTaskSchedulerBuilderConfiguration#simpleAsyncTaskSchedulerBuilderVirtualThreads:
      Did not match:
         - @ConditionalOnMissingBean (types: org.springframework.boot.task.SimpleAsyncTaskSchedulerBuilder; SearchStrategy: all) found beans of type 'org.springframework.boot.task.SimpleAsyncTaskSchedulerBuilder' simpleAsyncTaskSchedulerBuilder (OnBeanCondition)

   TaskSchedulingConfigurations.TaskSchedulerConfiguration:
      Did not match:
         - @ConditionalOnBean (names: org.springframework.context.annotation.internalScheduledAnnotationProcessor; SearchStrategy: all) did not find any beans named org.springframework.context.annotation.internalScheduledAnnotationProcessor (OnBeanCondition)

   ThymeleafAutoConfiguration:
      Did not match:
         - @ConditionalOnClass did not find required class 'org.thymeleaf.spring6.SpringTemplateEngine' (OnClassCondition)

   TransactionAutoConfiguration#transactionalOperator:
      Did not match:
         - @ConditionalOnSingleCandidate (types: org.springframework.transaction.ReactiveTransactionManager; SearchStrategy: all) did not find any beans (OnBeanCondition)

   TransactionAutoConfiguration.AspectJTransactionManagementConfiguration:
      Did not match:
         - @ConditionalOnBean (types: org.springframework.transaction.aspectj.AbstractTransactionAspect; SearchStrategy: all) did not find any beans of type org.springframework.transaction.aspectj.AbstractTransactionAspect (OnBeanCondition)

   TransactionAutoConfiguration.EnableTransactionManagementConfiguration.JdkDynamicAutoProxyConfiguration:
      Did not match:
         - @ConditionalOnProperty (spring.aop.proxy-target-class=false) did not find property 'proxy-target-class' (OnPropertyCondition)

   ValidationAutoConfiguration:
      Did not match:
         - @ConditionalOnClass did not find required class 'jakarta.validation.executable.ExecutableValidator' (OnClassCondition)

   WebClientAutoConfiguration:
      Did not match:
         - @ConditionalOnClass did not find required class 'org.springframework.web.reactive.function.client.WebClient' (OnClassCondition)

   WebFluxAutoConfiguration:
      Did not match:
         - @ConditionalOnClass did not find required class 'org.springframework.web.reactive.config.WebFluxConfigurer' (OnClassCondition)

   WebMvcAutoConfiguration#hiddenHttpMethodFilter:
      Did not match:
         - @ConditionalOnProperty (spring.mvc.hiddenmethod.filter.enabled) did not find property 'enabled' (OnPropertyCondition)

   WebMvcAutoConfiguration.ProblemDetailsErrorHandlingConfiguration:
      Did not match:
         - @ConditionalOnProperty (spring.mvc.problemdetails.enabled=true) did not find property 'enabled' (OnPropertyCondition)

   WebMvcAutoConfiguration.ResourceChainCustomizerConfiguration:
      Did not match:
         - @ConditionalOnEnabledResourceChain did not find class org.webjars.WebJarAssetLocator (OnEnabledResourceChainCondition)

   WebMvcAutoConfiguration.WebMvcAutoConfigurationAdapter#beanNameViewResolver:
      Did not match:
         - @ConditionalOnMissingBean (types: org.springframework.web.servlet.view.BeanNameViewResolver; SearchStrategy: all) found beans of type 'org.springframework.web.servlet.view.BeanNameViewResolver' beanNameViewResolver (OnBeanCondition)

   WebServiceTemplateAutoConfiguration:
      Did not match:
         - @ConditionalOnClass did not find required class 'org.springframework.oxm.Marshaller' (OnClassCondition)

   WebServicesAutoConfiguration:
      Did not match:
         - @ConditionalOnClass did not find required class 'org.springframework.ws.transport.http.MessageDispatcherServlet' (OnClassCondition)

   WebSessionIdResolverAutoConfiguration:
      Did not match:
         - @ConditionalOnClass did not find required class 'reactor.core.publisher.Mono' (OnClassCondition)

   WebSocketReactiveAutoConfiguration:
      Did not match:
         - @ConditionalOnWebApplication did not find reactive web application classes (OnWebApplicationCondition)

   WebSocketServletAutoConfiguration.JettyWebSocketConfiguration:
      Did not match:
         - @ConditionalOnClass did not find required class 'org.eclipse.jetty.ee10.websocket.jakarta.server.config.JakartaWebSocketServletContainerInitializer' (OnClassCondition)

   WebSocketServletAutoConfiguration.UndertowWebSocketConfiguration:
      Did not match:
         - @ConditionalOnClass did not find required class 'io.undertow.websockets.jsr.Bootstrap' (OnClassCondition)

   XADataSourceAutoConfiguration:
      Did not match:
         - @ConditionalOnBean (types: org.springframework.boot.jdbc.XADataSourceWrapper; SearchStrategy: all) did not find any beans of type org.springframework.boot.jdbc.XADataSourceWrapper (OnBeanCondition)
      Matched:
         - @ConditionalOnClass found required classes 'javax.sql.DataSource', 'jakarta.transaction.TransactionManager', 'org.springframework.jdbc.datasource.embedded.EmbeddedDatabaseType' (OnClassCondition)


Exclusions:
-----------

    None


Unconditional classes:
----------------------

    org.springframework.boot.autoconfigure.context.ConfigurationPropertiesAutoConfiguration

    org.springframework.boot.autoconfigure.ssl.SslAutoConfiguration

    org.springframework.boot.autoconfigure.context.LifecycleAutoConfiguration

    org.springframework.boot.autoconfigure.context.PropertyPlaceholderAutoConfiguration

    org.springframework.boot.autoconfigure.availability.ApplicationAvailabilityAutoConfiguration

    org.springframework.boot.autoconfigure.info.ProjectInfoAutoConfiguration



2026-05-06T21:35:50.089+05:30  INFO 26528 --- [           main] com.robms.RobmsApplication               : Started RobmsApplication in 3.612 seconds (process running for 3.895)
2026-05-06T21:35:50.089+05:30 DEBUG 26528 --- [           main] o.s.b.a.ApplicationAvailabilityBean      : Application availability state LivenessState changed to CORRECT
2026-05-06T21:35:50.168+05:30 DEBUG 26528 --- [           main] org.hibernate.SQL                        : select te1_0.id,te1_0.capacity,te1_0.current_bill_amount,te1_0.name,te1_0.status from restaurant_tables te1_0 where te1_0.name=?
Hibernate: select te1_0.id,te1_0.capacity,te1_0.current_bill_amount,te1_0.name,te1_0.status from restaurant_tables te1_0 where te1_0.name=?
2026-05-06T21:35:50.184+05:30 DEBUG 26528 --- [           main] org.hibernate.SQL                        : insert into restaurant_tables (capacity,current_bill_amount,name,status,id) values (?,?,?,?,default)
Hibernate: insert into restaurant_tables (capacity,current_bill_amount,name,status,id) values (?,?,?,?,default)
2026-05-06T21:35:50.200+05:30 DEBUG 26528 --- [           main] org.hibernate.SQL                        : select te1_0.id,te1_0.capacity,te1_0.current_bill_amount,te1_0.name,te1_0.status from restaurant_tables te1_0 where te1_0.name=?
Hibernate: select te1_0.id,te1_0.capacity,te1_0.current_bill_amount,te1_0.name,te1_0.status from restaurant_tables te1_0 where te1_0.name=?
2026-05-06T21:35:50.200+05:30 DEBUG 26528 --- [           main] org.hibernate.SQL                        : insert into restaurant_tables (capacity,current_bill_amount,name,status,id) values (?,?,?,?,default)
Hibernate: insert into restaurant_tables (capacity,current_bill_amount,name,status,id) values (?,?,?,?,default)
2026-05-06T21:35:50.210+05:30 DEBUG 26528 --- [           main] org.hibernate.SQL                        : select te1_0.id,te1_0.capacity,te1_0.current_bill_amount,te1_0.name,te1_0.status from restaurant_tables te1_0 where te1_0.name=?
Hibernate: select te1_0.id,te1_0.capacity,te1_0.current_bill_amount,te1_0.name,te1_0.status from restaurant_tables te1_0 where te1_0.name=?
2026-05-06T21:35:50.210+05:30 DEBUG 26528 --- [           main] org.hibernate.SQL                        : insert into restaurant_tables (capacity,current_bill_amount,name,status,id) values (?,?,?,?,default)
Hibernate: insert into restaurant_tables (capacity,current_bill_amount,name,status,id) values (?,?,?,?,default)
2026-05-06T21:35:50.210+05:30 DEBUG 26528 --- [           main] org.hibernate.SQL                        : select te1_0.id,te1_0.capacity,te1_0.current_bill_amount,te1_0.name,te1_0.status from restaurant_tables te1_0 where te1_0.name=?
Hibernate: select te1_0.id,te1_0.capacity,te1_0.current_bill_amount,te1_0.name,te1_0.status from restaurant_tables te1_0 where te1_0.name=?
2026-05-06T21:35:50.210+05:30 DEBUG 26528 --- [           main] org.hibernate.SQL                        : insert into restaurant_tables (capacity,current_bill_amount,name,status,id) values (?,?,?,?,default)
Hibernate: insert into restaurant_tables (capacity,current_bill_amount,name,status,id) values (?,?,?,?,default)
2026-05-06T21:35:50.217+05:30 DEBUG 26528 --- [           main] org.hibernate.SQL                        : select te1_0.id,te1_0.capacity,te1_0.current_bill_amount,te1_0.name,te1_0.status from restaurant_tables te1_0 where te1_0.name=?
Hibernate: select te1_0.id,te1_0.capacity,te1_0.current_bill_amount,te1_0.name,te1_0.status from restaurant_tables te1_0 where te1_0.name=?
2026-05-06T21:35:50.219+05:30 DEBUG 26528 --- [           main] org.hibernate.SQL                        : insert into restaurant_tables (capacity,current_bill_amount,name,status,id) values (?,?,?,?,default)
Hibernate: insert into restaurant_tables (capacity,current_bill_amount,name,status,id) values (?,?,?,?,default)
2026-05-06T21:35:50.221+05:30 DEBUG 26528 --- [           main] org.hibernate.SQL                        : select te1_0.id,te1_0.capacity,te1_0.current_bill_amount,te1_0.name,te1_0.status from restaurant_tables te1_0 where te1_0.name=?
Hibernate: select te1_0.id,te1_0.capacity,te1_0.current_bill_amount,te1_0.name,te1_0.status from restaurant_tables te1_0 where te1_0.name=?
2026-05-06T21:35:50.221+05:30 DEBUG 26528 --- [           main] org.hibernate.SQL                        : insert into restaurant_tables (capacity,current_bill_amount,name,status,id) values (?,?,?,?,default)
Hibernate: insert into restaurant_tables (capacity,current_bill_amount,name,status,id) values (?,?,?,?,default)
2026-05-06T21:35:50.221+05:30 DEBUG 26528 --- [           main] org.hibernate.SQL                        : select te1_0.id,te1_0.capacity,te1_0.current_bill_amount,te1_0.name,te1_0.status from restaurant_tables te1_0 where te1_0.name=?
Hibernate: select te1_0.id,te1_0.capacity,te1_0.current_bill_amount,te1_0.name,te1_0.status from restaurant_tables te1_0 where te1_0.name=?
2026-05-06T21:35:50.221+05:30 DEBUG 26528 --- [           main] org.hibernate.SQL                        : insert into restaurant_tables (capacity,current_bill_amount,name,status,id) values (?,?,?,?,default)
Hibernate: insert into restaurant_tables (capacity,current_bill_amount,name,status,id) values (?,?,?,?,default)
2026-05-06T21:35:50.221+05:30 DEBUG 26528 --- [           main] org.hibernate.SQL                        : select te1_0.id,te1_0.capacity,te1_0.current_bill_amount,te1_0.name,te1_0.status from restaurant_tables te1_0 where te1_0.name=?
Hibernate: select te1_0.id,te1_0.capacity,te1_0.current_bill_amount,te1_0.name,te1_0.status from restaurant_tables te1_0 where te1_0.name=?
2026-05-06T21:35:50.221+05:30 DEBUG 26528 --- [           main] org.hibernate.SQL                        : insert into restaurant_tables (capacity,current_bill_amount,name,status,id) values (?,?,?,?,default)
Hibernate: insert into restaurant_tables (capacity,current_bill_amount,name,status,id) values (?,?,?,?,default)
2026-05-06T21:35:50.221+05:30 DEBUG 26528 --- [           main] org.hibernate.SQL                        : select te1_0.id,te1_0.capacity,te1_0.current_bill_amount,te1_0.name,te1_0.status from restaurant_tables te1_0 where te1_0.name=?
Hibernate: select te1_0.id,te1_0.capacity,te1_0.current_bill_amount,te1_0.name,te1_0.status from restaurant_tables te1_0 where te1_0.name=?
2026-05-06T21:35:50.221+05:30 DEBUG 26528 --- [           main] org.hibernate.SQL                        : insert into restaurant_tables (capacity,current_bill_amount,name,status,id) values (?,?,?,?,default)
Hibernate: insert into restaurant_tables (capacity,current_bill_amount,name,status,id) values (?,?,?,?,default)
2026-05-06T21:35:50.221+05:30 DEBUG 26528 --- [           main] org.hibernate.SQL                        : select te1_0.id,te1_0.capacity,te1_0.current_bill_amount,te1_0.name,te1_0.status from restaurant_tables te1_0 where te1_0.name=?
Hibernate: select te1_0.id,te1_0.capacity,te1_0.current_bill_amount,te1_0.name,te1_0.status from restaurant_tables te1_0 where te1_0.name=?
2026-05-06T21:35:50.232+05:30 DEBUG 26528 --- [           main] org.hibernate.SQL                        : insert into restaurant_tables (capacity,current_bill_amount,name,status,id) values (?,?,?,?,default)
Hibernate: insert into restaurant_tables (capacity,current_bill_amount,name,status,id) values (?,?,?,?,default)
2026-05-06T21:35:50.232+05:30 DEBUG 26528 --- [           main] org.hibernate.SQL                        : select te1_0.id,te1_0.capacity,te1_0.current_bill_amount,te1_0.name,te1_0.status from restaurant_tables te1_0 where te1_0.name=?
Hibernate: select te1_0.id,te1_0.capacity,te1_0.current_bill_amount,te1_0.name,te1_0.status from restaurant_tables te1_0 where te1_0.name=?
2026-05-06T21:35:50.232+05:30 DEBUG 26528 --- [           main] org.hibernate.SQL                        : insert into restaurant_tables (capacity,current_bill_amount,name,status,id) values (?,?,?,?,default)
Hibernate: insert into restaurant_tables (capacity,current_bill_amount,name,status,id) values (?,?,?,?,default)
2026-05-06T21:35:50.242+05:30 DEBUG 26528 --- [           main] org.hibernate.SQL                        : select te1_0.id,te1_0.capacity,te1_0.current_bill_amount,te1_0.name,te1_0.status from restaurant_tables te1_0 where te1_0.name=?
Hibernate: select te1_0.id,te1_0.capacity,te1_0.current_bill_amount,te1_0.name,te1_0.status from restaurant_tables te1_0 where te1_0.name=?
2026-05-06T21:35:50.242+05:30 DEBUG 26528 --- [           main] org.hibernate.SQL                        : insert into restaurant_tables (capacity,current_bill_amount,name,status,id) values (?,?,?,?,default)
Hibernate: insert into restaurant_tables (capacity,current_bill_amount,name,status,id) values (?,?,?,?,default)
2026-05-06T21:35:50.285+05:30  INFO 26528 --- [nio-8080-exec-1] o.a.c.c.C.[Tomcat].[localhost].[/]       : Initializing Spring DispatcherServlet 'dispatcherServlet'
2026-05-06T21:35:50.285+05:30  INFO 26528 --- [nio-8080-exec-1] o.s.web.servlet.DispatcherServlet        : Initializing Servlet 'dispatcherServlet'
2026-05-06T21:35:50.285+05:30 DEBUG 26528 --- [nio-8080-exec-1] o.s.web.servlet.DispatcherServlet        : Detected StandardServletMultipartResolver
2026-05-06T21:35:50.285+05:30 DEBUG 26528 --- [nio-8080-exec-1] o.s.web.servlet.DispatcherServlet        : Detected AcceptHeaderLocaleResolver
2026-05-06T21:35:50.285+05:30 DEBUG 26528 --- [nio-8080-exec-1] o.s.web.servlet.DispatcherServlet        : Detected FixedThemeResolver
2026-05-06T21:35:50.285+05:30 DEBUG 26528 --- [nio-8080-exec-1] o.s.web.servlet.DispatcherServlet        : Detected org.springframework.web.servlet.view.DefaultRequestToViewNameTranslator@4131f6db
2026-05-06T21:35:50.285+05:30 DEBUG 26528 --- [nio-8080-exec-1] o.s.web.servlet.DispatcherServlet        : Detected org.springframework.web.servlet.support.SessionFlashMapManager@6c120b00
2026-05-06T21:35:50.285+05:30 DEBUG 26528 --- [nio-8080-exec-1] o.s.web.servlet.DispatcherServlet        : enableLoggingRequestDetails='false': request parameters and headers will be masked to prevent unsafe logging of potentially sensitive data
2026-05-06T21:35:50.285+05:30  INFO 26528 --- [nio-8080-exec-1] o.s.web.servlet.DispatcherServlet        : Completed initialization in 0 ms
2026-05-06T21:35:50.321+05:30 DEBUG 26528 --- [nio-8080-exec-1] o.s.web.servlet.DispatcherServlet        : GET "/api/tables", parameters={}
2026-05-06T21:35:50.321+05:30 DEBUG 26528 --- [nio-8080-exec-1] s.w.s.m.m.a.RequestMappingHandlerMapping : Mapped to com.robms.controller.TableController#getAllTables()
2026-05-06T21:35:50.338+05:30 DEBUG 26528 --- [nio-8080-exec-1] org.hibernate.SQL                        : select te1_0.id,te1_0.capacity,te1_0.current_bill_amount,te1_0.name,te1_0.status from restaurant_tables te1_0
Hibernate: select te1_0.id,te1_0.capacity,te1_0.current_bill_amount,te1_0.name,te1_0.status from restaurant_tables te1_0
2026-05-06T21:35:50.376+05:30 DEBUG 26528 --- [nio-8080-exec-1] m.m.a.RequestResponseBodyMethodProcessor : Using 'application/json', given [application/json, text/plain, */*] and supported [application/json, application/*+json]
2026-05-06T21:35:50.376+05:30 DEBUG 26528 --- [nio-8080-exec-1] m.m.a.RequestResponseBodyMethodProcessor : Writing [[com.robms.model.TableEntity@3bb18fac, com.robms.model.TableEntity@5222dda1, com.robms.model.TableEn (truncated)...]
2026-05-06T21:35:50.389+05:30 DEBUG 26528 --- [           main] org.hibernate.SQL                        : select count(*) from menu_items mi1_0
Hibernate: select count(*) from menu_items mi1_0
2026-05-06T21:35:50.394+05:30 DEBUG 26528 --- [           main] org.hibernate.SQL                        : insert into menu_items (available,category,description,name,price,id) values (?,?,?,?,?,default)
Hibernate: insert into menu_items (available,category,description,name,price,id) values (?,?,?,?,?,default)
2026-05-06T21:35:50.394+05:30 DEBUG 26528 --- [           main] org.hibernate.SQL                        : insert into menu_items (available,category,description,name,price,id) values (?,?,?,?,?,default)
Hibernate: insert into menu_items (available,category,description,name,price,id) values (?,?,?,?,?,default)
2026-05-06T21:35:50.399+05:30 DEBUG 26528 --- [           main] org.hibernate.SQL                        : insert into menu_items (available,category,description,name,price,id) values (?,?,?,?,?,default)
Hibernate: insert into menu_items (available,category,description,name,price,id) values (?,?,?,?,?,default)
2026-05-06T21:35:50.399+05:30 DEBUG 26528 --- [           main] org.hibernate.SQL                        : insert into menu_items (available,category,description,name,price,id) values (?,?,?,?,?,default)
Hibernate: insert into menu_items (available,category,description,name,price,id) values (?,?,?,?,?,default)
2026-05-06T21:35:50.399+05:30 DEBUG 26528 --- [           main] org.hibernate.SQL                        : insert into menu_items (available,category,description,name,price,id) values (?,?,?,?,?,default)
Hibernate: insert into menu_items (available,category,description,name,price,id) values (?,?,?,?,?,default)
2026-05-06T21:35:50.399+05:30 DEBUG 26528 --- [           main] org.hibernate.SQL                        : insert into menu_items (available,category,description,name,price,id) values (?,?,?,?,?,default)
Hibernate: insert into menu_items (available,category,description,name,price,id) values (?,?,?,?,?,default)
2026-05-06T21:35:50.399+05:30 DEBUG 26528 --- [           main] o.s.b.a.ApplicationAvailabilityBean      : Application availability state ReadinessState changed to ACCEPTING_TRAFFIC
2026-05-06T21:35:50.422+05:30 DEBUG 26528 --- [nio-8080-exec-1] o.s.web.servlet.DispatcherServlet        : Completed 200 OK
2026-05-06T21:35:50.422+05:30 DEBUG 26528 --- [nio-8080-exec-2] o.s.web.servlet.DispatcherServlet        : GET "/api/tables", parameters={}
2026-05-06T21:35:50.422+05:30 DEBUG 26528 --- [nio-8080-exec-2] s.w.s.m.m.a.RequestMappingHandlerMapping : Mapped to com.robms.controller.TableController#getAllTables()
2026-05-06T21:35:50.422+05:30 DEBUG 26528 --- [nio-8080-exec-2] org.hibernate.SQL                        : select te1_0.id,te1_0.capacity,te1_0.current_bill_amount,te1_0.name,te1_0.status from restaurant_tables te1_0
Hibernate: select te1_0.id,te1_0.capacity,te1_0.current_bill_amount,te1_0.name,te1_0.status from restaurant_tables te1_0
2026-05-06T21:35:50.427+05:30 DEBUG 26528 --- [nio-8080-exec-2] m.m.a.RequestResponseBodyMethodProcessor : Using 'application/json', given [application/json, text/plain, */*] and supported [application/json, application/*+json]
2026-05-06T21:35:50.427+05:30 DEBUG 26528 --- [nio-8080-exec-2] m.m.a.RequestResponseBodyMethodProcessor : Writing [[com.robms.model.TableEntity@181b0584, com.robms.model.TableEntity@67fd1a42, com.robms.model.TableEn (truncated)...]
2026-05-06T21:35:50.427+05:30 DEBUG 26528 --- [nio-8080-exec-2] o.s.web.servlet.DispatcherServlet        : Completed 200 OK
2026-05-06T21:35:50.427+05:30 DEBUG 26528 --- [nio-8080-exec-3] o.s.web.servlet.DispatcherServlet        : GET "/api/tables", parameters={}
2026-05-06T21:35:50.427+05:30 DEBUG 26528 --- [nio-8080-exec-3] s.w.s.m.m.a.RequestMappingHandlerMapping : Mapped to com.robms.controller.TableController#getAllTables()
2026-05-06T21:35:50.435+05:30 DEBUG 26528 --- [nio-8080-exec-3] org.hibernate.SQL                        : select te1_0.id,te1_0.capacity,te1_0.current_bill_amount,te1_0.name,te1_0.status from restaurant_tables te1_0
Hibernate: select te1_0.id,te1_0.capacity,te1_0.current_bill_amount,te1_0.name,te1_0.status from restaurant_tables te1_0
2026-05-06T21:35:50.435+05:30 DEBUG 26528 --- [nio-8080-exec-3] m.m.a.RequestResponseBodyMethodProcessor : Using 'application/json', given [application/json, text/plain, */*] and supported [application/json, application/*+json]
2026-05-06T21:35:50.435+05:30 DEBUG 26528 --- [nio-8080-exec-3] m.m.a.RequestResponseBodyMethodProcessor : Writing [[com.robms.model.TableEntity@69d3fb62, com.robms.model.TableEntity@2daec84b, com.robms.model.TableEn (truncated)...]
2026-05-06T21:35:50.435+05:30 DEBUG 26528 --- [nio-8080-exec-3] o.s.web.servlet.DispatcherServlet        : Completed 200 OK
2026-05-06T21:35:59.485+05:30 DEBUG 26528 --- [nio-8080-exec-4] o.s.web.servlet.DispatcherServlet        : GET "/api/tables", parameters={}
2026-05-06T21:35:59.511+05:30 DEBUG 26528 --- [nio-8080-exec-4] s.w.s.m.m.a.RequestMappingHandlerMapping : Mapped to com.robms.controller.TableController#getAllTables()
2026-05-06T21:35:59.511+05:30 DEBUG 26528 --- [nio-8080-exec-4] org.hibernate.SQL                        : select te1_0.id,te1_0.capacity,te1_0.current_bill_amount,te1_0.name,te1_0.status from restaurant_tables te1_0
Hibernate: select te1_0.id,te1_0.capacity,te1_0.current_bill_amount,te1_0.name,te1_0.status from restaurant_tables te1_0
2026-05-06T21:35:59.521+05:30 DEBUG 26528 --- [nio-8080-exec-4] m.m.a.RequestResponseBodyMethodProcessor : Using 'application/json', given [application/json, text/plain, */*] and supported [application/json, application/*+json]
2026-05-06T21:35:59.521+05:30 DEBUG 26528 --- [nio-8080-exec-4] m.m.a.RequestResponseBodyMethodProcessor : Writing [[com.robms.model.TableEntity@ebc46fa, com.robms.model.TableEntity@8a22df9, com.robms.model.TableEnti (truncated)...]
2026-05-06T21:35:59.521+05:30 DEBUG 26528 --- [nio-8080-exec-4] o.s.web.servlet.DispatcherServlet        : Completed 200 OK
2026-05-06T21:35:59.527+05:30 DEBUG 26528 --- [nio-8080-exec-5] o.s.web.servlet.DispatcherServlet        : GET "/api/tables", parameters={}
2026-05-06T21:35:59.527+05:30 DEBUG 26528 --- [nio-8080-exec-5] s.w.s.m.m.a.RequestMappingHandlerMapping : Mapped to com.robms.controller.TableController#getAllTables()
2026-05-06T21:35:59.527+05:30 DEBUG 26528 --- [nio-8080-exec-5] org.hibernate.SQL                        : select te1_0.id,te1_0.capacity,te1_0.current_bill_amount,te1_0.name,te1_0.status from restaurant_tables te1_0
Hibernate: select te1_0.id,te1_0.capacity,te1_0.current_bill_amount,te1_0.name,te1_0.status from restaurant_tables te1_0
2026-05-06T21:35:59.527+05:30 DEBUG 26528 --- [nio-8080-exec-5] m.m.a.RequestResponseBodyMethodProcessor : Using 'application/json', given [application/json, text/plain, */*] and supported [application/json, application/*+json]
2026-05-06T21:35:59.527+05:30 DEBUG 26528 --- [nio-8080-exec-5] m.m.a.RequestResponseBodyMethodProcessor : Writing [[com.robms.model.TableEntity@4e2d39dc, com.robms.model.TableEntity@3e9a211e, com.robms.model.TableEn (truncated)...]
2026-05-06T21:35:59.527+05:30 DEBUG 26528 --- [nio-8080-exec-5] o.s.web.servlet.DispatcherServlet        : Completed 200 OK
2026-05-06T21:35:59.538+05:30 DEBUG 26528 --- [nio-8080-exec-6] o.s.web.servlet.DispatcherServlet        : GET "/api/tables", parameters={}
2026-05-06T21:35:59.538+05:30 DEBUG 26528 --- [nio-8080-exec-6] s.w.s.m.m.a.RequestMappingHandlerMapping : Mapped to com.robms.controller.TableController#getAllTables()
2026-05-06T21:35:59.538+05:30 DEBUG 26528 --- [nio-8080-exec-6] org.hibernate.SQL                        : select te1_0.id,te1_0.capacity,te1_0.current_bill_amount,te1_0.name,te1_0.status from restaurant_tables te1_0
Hibernate: select te1_0.id,te1_0.capacity,te1_0.current_bill_amount,te1_0.name,te1_0.status from restaurant_tables te1_0
2026-05-06T21:35:59.541+05:30 DEBUG 26528 --- [nio-8080-exec-6] m.m.a.RequestResponseBodyMethodProcessor : Using 'application/json', given [application/json, text/plain, */*] and supported [application/json, application/*+json]
2026-05-06T21:35:59.541+05:30 DEBUG 26528 --- [nio-8080-exec-6] m.m.a.RequestResponseBodyMethodProcessor : Writing [[com.robms.model.TableEntity@2af465f1, com.robms.model.TableEntity@69908b8c, com.robms.model.TableEn (truncated)...]
2026-05-06T21:35:59.541+05:30 DEBUG 26528 --- [nio-8080-exec-6] o.s.web.servlet.DispatcherServlet        : Completed 200 OK
2026-05-06T21:36:09.473+05:30 DEBUG 26528 --- [nio-8080-exec-7] o.s.web.servlet.DispatcherServlet        : GET "/api/tables", parameters={}
2026-05-06T21:36:09.492+05:30 DEBUG 26528 --- [nio-8080-exec-7] s.w.s.m.m.a.RequestMappingHandlerMapping : Mapped to com.robms.controller.TableController#getAllTables()
2026-05-06T21:36:09.492+05:30 DEBUG 26528 --- [nio-8080-exec-7] org.hibernate.SQL                        : select te1_0.id,te1_0.capacity,te1_0.current_bill_amount,te1_0.name,te1_0.status from restaurant_tables te1_0
Hibernate: select te1_0.id,te1_0.capacity,te1_0.current_bill_amount,te1_0.name,te1_0.status from restaurant_tables te1_0
2026-05-06T21:36:09.492+05:30 DEBUG 26528 --- [nio-8080-exec-7] m.m.a.RequestResponseBodyMethodProcessor : Using 'application/json', given [application/json, text/plain, */*] and supported [application/json, application/*+json]
2026-05-06T21:36:09.492+05:30 DEBUG 26528 --- [nio-8080-exec-7] m.m.a.RequestResponseBodyMethodProcessor : Writing [[com.robms.model.TableEntity@5c3e723d, com.robms.model.TableEntity@24b87260, com.robms.model.TableEn (truncated)...]
2026-05-06T21:36:09.492+05:30 DEBUG 26528 --- [nio-8080-exec-7] o.s.web.servlet.DispatcherServlet        : Completed 200 OK
2026-05-06T21:36:09.500+05:30 DEBUG 26528 --- [nio-8080-exec-8] o.s.web.servlet.DispatcherServlet        : GET "/api/tables", parameters={}
2026-05-06T21:36:09.501+05:30 DEBUG 26528 --- [nio-8080-exec-8] s.w.s.m.m.a.RequestMappingHandlerMapping : Mapped to com.robms.controller.TableController#getAllTables()
2026-05-06T21:36:09.501+05:30 DEBUG 26528 --- [nio-8080-exec-8] org.hibernate.SQL                        : select te1_0.id,te1_0.capacity,te1_0.current_bill_amount,te1_0.name,te1_0.status from restaurant_tables te1_0
Hibernate: select te1_0.id,te1_0.capacity,te1_0.current_bill_amount,te1_0.name,te1_0.status from restaurant_tables te1_0
2026-05-06T21:36:09.507+05:30 DEBUG 26528 --- [nio-8080-exec-8] m.m.a.RequestResponseBodyMethodProcessor : Using 'application/json', given [application/json, text/plain, */*] and supported [application/json, application/*+json]
2026-05-06T21:36:09.507+05:30 DEBUG 26528 --- [nio-8080-exec-8] m.m.a.RequestResponseBodyMethodProcessor : Writing [[com.robms.model.TableEntity@412d4d3b, com.robms.model.TableEntity@431e90a1, com.robms.model.TableEn (truncated)...]
2026-05-06T21:36:09.507+05:30 DEBUG 26528 --- [nio-8080-exec-8] o.s.web.servlet.DispatcherServlet        : Completed 200 OK
2026-05-06T21:36:09.509+05:30 DEBUG 26528 --- [nio-8080-exec-8] o.s.web.servlet.DispatcherServlet        : GET "/api/tables", parameters={}
2026-05-06T21:36:09.509+05:30 DEBUG 26528 --- [nio-8080-exec-8] s.w.s.m.m.a.RequestMappingHandlerMapping : Mapped to com.robms.controller.TableController#getAllTables()
2026-05-06T21:36:09.509+05:30 DEBUG 26528 --- [nio-8080-exec-8] org.hibernate.SQL                        : select te1_0.id,te1_0.capacity,te1_0.current_bill_amount,te1_0.name,te1_0.status from restaurant_tables te1_0
Hibernate: select te1_0.id,te1_0.capacity,te1_0.current_bill_amount,te1_0.name,te1_0.status from restaurant_tables te1_0
2026-05-06T21:36:09.509+05:30 DEBUG 26528 --- [nio-8080-exec-8] m.m.a.RequestResponseBodyMethodProcessor : Using 'application/json', given [application/json, text/plain, */*] and supported [application/json, application/*+json]
2026-05-06T21:36:09.509+05:30 DEBUG 26528 --- [nio-8080-exec-8] m.m.a.RequestResponseBodyMethodProcessor : Writing [[com.robms.model.TableEntity@3089a9a7, com.robms.model.TableEntity@49e9969f, com.robms.model.TableEn (truncated)...]
2026-05-06T21:36:09.509+05:30 DEBUG 26528 --- [nio-8080-exec-8] o.s.web.servlet.DispatcherServlet        : Completed 200 OK
2026-05-06T21:36:36.321+05:30 DEBUG 26528 --- [io-8080-exec-10] o.s.web.servlet.DispatcherServlet        : GET "/api/tables", parameters={}
2026-05-06T21:36:36.349+05:30 DEBUG 26528 --- [io-8080-exec-10] s.w.s.m.m.a.RequestMappingHandlerMapping : Mapped to com.robms.controller.TableController#getAllTables()
2026-05-06T21:36:36.350+05:30 DEBUG 26528 --- [io-8080-exec-10] org.hibernate.SQL                        : select te1_0.id,te1_0.capacity,te1_0.current_bill_amount,te1_0.name,te1_0.status from restaurant_tables te1_0
Hibernate: select te1_0.id,te1_0.capacity,te1_0.current_bill_amount,te1_0.name,te1_0.status from restaurant_tables te1_0
2026-05-06T21:36:36.352+05:30 DEBUG 26528 --- [io-8080-exec-10] m.m.a.RequestResponseBodyMethodProcessor : Using 'application/json', given [*/*] and supported [application/json, application/*+json]
2026-05-06T21:36:36.352+05:30 DEBUG 26528 --- [io-8080-exec-10] m.m.a.RequestResponseBodyMethodProcessor : Writing [[com.robms.model.TableEntity@39d2d355, com.robms.model.TableEntity@4494cf4d, com.robms.model.TableEn (truncated)...]
2026-05-06T21:36:36.352+05:30 DEBUG 26528 --- [io-8080-exec-10] o.s.web.servlet.DispatcherServlet        : Completed 200 OK
2026-05-06T21:36:36.449+05:30 DEBUG 26528 --- [nio-8080-exec-1] o.s.web.servlet.DispatcherServlet        : GET "/api/menu/available", parameters={}
2026-05-06T21:36:36.449+05:30 DEBUG 26528 --- [nio-8080-exec-1] s.w.s.m.m.a.RequestMappingHandlerMapping : Mapped to com.robms.controller.MenuController#getAvailableMenuItems()
2026-05-06T21:36:36.457+05:30 DEBUG 26528 --- [nio-8080-exec-1] org.hibernate.SQL                        : select mi1_0.id,mi1_0.available,mi1_0.category,mi1_0.description,mi1_0.name,mi1_0.price from menu_items mi1_0 where mi1_0.available
Hibernate: select mi1_0.id,mi1_0.available,mi1_0.category,mi1_0.description,mi1_0.name,mi1_0.price from menu_items mi1_0 where mi1_0.available
2026-05-06T21:36:36.457+05:30 DEBUG 26528 --- [nio-8080-exec-1] m.m.a.RequestResponseBodyMethodProcessor : Using 'application/json', given [*/*] and supported [application/json, application/*+json]
2026-05-06T21:36:36.457+05:30 DEBUG 26528 --- [nio-8080-exec-1] m.m.a.RequestResponseBodyMethodProcessor : Writing [[com.robms.model.MenuItem@2be3f17f, com.robms.model.MenuItem@6b7b4c00, com.robms.model.MenuItem@1386 (truncated)...]
2026-05-06T21:36:36.457+05:30 DEBUG 26528 --- [nio-8080-exec-1] o.s.web.servlet.DispatcherServlet        : Completed 200 OK
2026-05-06T21:36:36.551+05:30 DEBUG 26528 --- [nio-8080-exec-2] o.s.web.servlet.DispatcherServlet        : POST "/api/orders", parameters={}
2026-05-06T21:36:36.551+05:30 DEBUG 26528 --- [nio-8080-exec-2] s.w.s.m.m.a.RequestMappingHandlerMapping : Mapped to com.robms.controller.OrderController#createOrder(Order)
2026-05-06T21:36:36.585+05:30 DEBUG 26528 --- [nio-8080-exec-2] m.m.a.RequestResponseBodyMethodProcessor : Read "application/json;charset=UTF-8" to [com.robms.model.Order@4810ea61]
2026-05-06T21:36:36.599+05:30 DEBUG 26528 --- [nio-8080-exec-2] org.hibernate.SQL                        : select te1_0.id,te1_0.capacity,te1_0.current_bill_amount,te1_0.name,te1_0.status from restaurant_tables te1_0 where te1_0.id=?
Hibernate: select te1_0.id,te1_0.capacity,te1_0.current_bill_amount,te1_0.name,te1_0.status from restaurant_tables te1_0 where te1_0.id=?
2026-05-06T21:36:36.601+05:30 DEBUG 26528 --- [nio-8080-exec-2] org.hibernate.SQL                        : update restaurant_tables set capacity=?,current_bill_amount=?,name=?,status=? where id=?
Hibernate: update restaurant_tables set capacity=?,current_bill_amount=?,name=?,status=? where id=?
2026-05-06T21:36:36.616+05:30 DEBUG 26528 --- [nio-8080-exec-2] org.hibernate.SQL                        : insert into orders (order_time,status,table_id,total_amount,id) values (?,?,?,?,default)
Hibernate: insert into orders (order_time,status,table_id,total_amount,id) values (?,?,?,?,default)
2026-05-06T21:36:36.619+05:30 DEBUG 26528 --- [nio-8080-exec-2] org.hibernate.SQL                        : insert into order_items (menu_item_id,order_id,price_at_order_time,quantity,special_instructions,id) values (?,?,?,?,?,default)
Hibernate: insert into order_items (menu_item_id,order_id,price_at_order_time,quantity,special_instructions,id) values (?,?,?,?,?,default)
2026-05-06T21:36:36.625+05:30 DEBUG 26528 --- [nio-8080-exec-2] org.springframework.web.SimpLogging      : Processing MESSAGE destination=/topic/orders session=null payload={"id":1,"table":{"id":1,"name":"Table 1","status":"occupied","capacity":4,"curre...(truncated)
2026-05-06T21:36:36.633+05:30 DEBUG 26528 --- [nio-8080-exec-2] m.m.a.RequestResponseBodyMethodProcessor : Using 'application/json', given [*/*] and supported [application/json, application/*+json]
2026-05-06T21:36:36.633+05:30 DEBUG 26528 --- [nio-8080-exec-2] m.m.a.RequestResponseBodyMethodProcessor : Writing [com.robms.model.Order@4810ea61]
2026-05-06T21:36:36.635+05:30 DEBUG 26528 --- [nio-8080-exec-2] o.s.web.servlet.DispatcherServlet        : Completed 200 OK
2026-05-06T21:36:36.635+05:30 DEBUG 26528 --- [nio-8080-exec-3] o.s.web.servlet.DispatcherServlet        : PUT "/api/orders/1/status?status=preparing", parameters={masked}
2026-05-06T21:36:36.635+05:30 DEBUG 26528 --- [nio-8080-exec-3] s.w.s.m.m.a.RequestMappingHandlerMapping : Mapped to com.robms.controller.OrderController#updateOrderStatus(Long, String)
2026-05-06T21:36:36.649+05:30 DEBUG 26528 --- [nio-8080-exec-3] org.hibernate.SQL                        : select o1_0.id,o1_0.order_time,o1_0.status,o1_0.table_id,t1_0.id,t1_0.capacity,t1_0.current_bill_amount,t1_0.name,t1_0.status,o1_0.total_amount from orders o1_0 join restaurant_tables t1_0 on t1_0.id=o1_0.table_id where o1_0.id=?
Hibernate: select o1_0.id,o1_0.order_time,o1_0.status,o1_0.table_id,t1_0.id,t1_0.capacity,t1_0.current_bill_amount,t1_0.name,t1_0.status,o1_0.total_amount from orders o1_0 join restaurant_tables t1_0 on t1_0.id=o1_0.table_id where o1_0.id=?
2026-05-06T21:36:36.657+05:30 DEBUG 26528 --- [nio-8080-exec-3] org.hibernate.SQL                        : update orders set order_time=?,status=?,table_id=?,total_amount=? where id=?
Hibernate: update orders set order_time=?,status=?,table_id=?,total_amount=? where id=?
2026-05-06T21:36:36.660+05:30 DEBUG 26528 --- [nio-8080-exec-3] org.hibernate.SQL                        : select i1_0.order_id,i1_0.id,i1_0.menu_item_id,mi1_0.id,mi1_0.available,mi1_0.category,mi1_0.description,mi1_0.name,mi1_0.price,i1_0.price_at_order_time,i1_0.quantity,i1_0.special_instructions from order_items i1_0 left join menu_items mi1_0 on mi1_0.id=i1_0.menu_item_id where i1_0.order_id=?
Hibernate: select i1_0.order_id,i1_0.id,i1_0.menu_item_id,mi1_0.id,mi1_0.available,mi1_0.category,mi1_0.description,mi1_0.name,mi1_0.price,i1_0.price_at_order_time,i1_0.quantity,i1_0.special_instructions from order_items i1_0 left join menu_items mi1_0 on mi1_0.id=i1_0.menu_item_id where i1_0.order_id=?
2026-05-06T21:36:36.665+05:30 DEBUG 26528 --- [nio-8080-exec-3] org.springframework.web.SimpLogging      : Processing MESSAGE destination=/topic/orders session=null payload={"id":1,"table":{"id":1,"name":"Table 1","status":"occupied","capacity":4,"curre...(truncated)
2026-05-06T21:36:36.668+05:30 DEBUG 26528 --- [nio-8080-exec-3] o.s.w.s.m.m.a.HttpEntityMethodProcessor  : Using 'application/json', given [*/*] and supported [application/json, application/*+json]
2026-05-06T21:36:36.668+05:30 DEBUG 26528 --- [nio-8080-exec-3] o.s.w.s.m.m.a.HttpEntityMethodProcessor  : Writing [com.robms.model.Order@29df4f08]
2026-05-06T21:36:36.668+05:30 DEBUG 26528 --- [nio-8080-exec-3] o.s.web.servlet.DispatcherServlet        : Completed 200 OK
2026-05-06T21:36:36.668+05:30 DEBUG 26528 --- [nio-8080-exec-4] o.s.web.servlet.DispatcherServlet        : GET "/api/orders/active", parameters={}
2026-05-06T21:36:36.668+05:30 DEBUG 26528 --- [nio-8080-exec-4] s.w.s.m.m.a.RequestMappingHandlerMapping : Mapped to com.robms.controller.OrderController#getActiveOrders()
2026-05-06T21:36:36.668+05:30 DEBUG 26528 --- [nio-8080-exec-4] org.hibernate.SQL                        : select o1_0.id,o1_0.order_time,o1_0.status,o1_0.table_id,o1_0.total_amount from orders o1_0 where o1_0.status not in (?,?)
Hibernate: select o1_0.id,o1_0.order_time,o1_0.status,o1_0.table_id,o1_0.total_amount from orders o1_0 where o1_0.status not in (?,?)
2026-05-06T21:36:36.668+05:30 DEBUG 26528 --- [nio-8080-exec-4] org.hibernate.SQL                        : select te1_0.id,te1_0.capacity,te1_0.current_bill_amount,te1_0.name,te1_0.status from restaurant_tables te1_0 where te1_0.id=?
Hibernate: select te1_0.id,te1_0.capacity,te1_0.current_bill_amount,te1_0.name,te1_0.status from restaurant_tables te1_0 where te1_0.id=?
2026-05-06T21:36:36.668+05:30 DEBUG 26528 --- [nio-8080-exec-4] m.m.a.RequestResponseBodyMethodProcessor : Using 'application/json', given [*/*] and supported [application/json, application/*+json]
2026-05-06T21:36:36.668+05:30 DEBUG 26528 --- [nio-8080-exec-4] m.m.a.RequestResponseBodyMethodProcessor : Writing [[com.robms.model.Order@57a2347d]]
2026-05-06T21:36:36.668+05:30 DEBUG 26528 --- [nio-8080-exec-4] org.hibernate.SQL                        : select i1_0.order_id,i1_0.id,i1_0.menu_item_id,mi1_0.id,mi1_0.available,mi1_0.category,mi1_0.description,mi1_0.name,mi1_0.price,i1_0.price_at_order_time,i1_0.quantity,i1_0.special_instructions from order_items i1_0 left join menu_items mi1_0 on mi1_0.id=i1_0.menu_item_id where i1_0.order_id=?
Hibernate: select i1_0.order_id,i1_0.id,i1_0.menu_item_id,mi1_0.id,mi1_0.available,mi1_0.category,mi1_0.description,mi1_0.name,mi1_0.price,i1_0.price_at_order_time,i1_0.quantity,i1_0.special_instructions from order_items i1_0 left join menu_items mi1_0 on mi1_0.id=i1_0.menu_item_id where i1_0.order_id=?
2026-05-06T21:36:36.681+05:30 DEBUG 26528 --- [nio-8080-exec-4] o.s.web.servlet.DispatcherServlet        : Completed 200 OK
2026-05-06T21:36:36.682+05:30 DEBUG 26528 --- [nio-8080-exec-5] o.s.web.servlet.DispatcherServlet        : PUT "/api/orders/1/status?status=ready", parameters={masked}
2026-05-06T21:36:36.684+05:30 DEBUG 26528 --- [nio-8080-exec-5] s.w.s.m.m.a.RequestMappingHandlerMapping : Mapped to com.robms.controller.OrderController#updateOrderStatus(Long, String)
2026-05-06T21:36:36.684+05:30 DEBUG 26528 --- [nio-8080-exec-5] org.hibernate.SQL                        : select o1_0.id,o1_0.order_time,o1_0.status,o1_0.table_id,t1_0.id,t1_0.capacity,t1_0.current_bill_amount,t1_0.name,t1_0.status,o1_0.total_amount from orders o1_0 join restaurant_tables t1_0 on t1_0.id=o1_0.table_id where o1_0.id=?
Hibernate: select o1_0.id,o1_0.order_time,o1_0.status,o1_0.table_id,t1_0.id,t1_0.capacity,t1_0.current_bill_amount,t1_0.name,t1_0.status,o1_0.total_amount from orders o1_0 join restaurant_tables t1_0 on t1_0.id=o1_0.table_id where o1_0.id=?
2026-05-06T21:36:36.684+05:30 DEBUG 26528 --- [nio-8080-exec-5] org.hibernate.SQL                        : update orders set order_time=?,status=?,table_id=?,total_amount=? where id=?
Hibernate: update orders set order_time=?,status=?,table_id=?,total_amount=? where id=?
2026-05-06T21:36:36.684+05:30 DEBUG 26528 --- [nio-8080-exec-5] org.hibernate.SQL                        : select i1_0.order_id,i1_0.id,i1_0.menu_item_id,mi1_0.id,mi1_0.available,mi1_0.category,mi1_0.description,mi1_0.name,mi1_0.price,i1_0.price_at_order_time,i1_0.quantity,i1_0.special_instructions from order_items i1_0 left join menu_items mi1_0 on mi1_0.id=i1_0.menu_item_id where i1_0.order_id=?
Hibernate: select i1_0.order_id,i1_0.id,i1_0.menu_item_id,mi1_0.id,mi1_0.available,mi1_0.category,mi1_0.description,mi1_0.name,mi1_0.price,i1_0.price_at_order_time,i1_0.quantity,i1_0.special_instructions from order_items i1_0 left join menu_items mi1_0 on mi1_0.id=i1_0.menu_item_id where i1_0.order_id=?
2026-05-06T21:36:36.684+05:30 DEBUG 26528 --- [nio-8080-exec-5] org.springframework.web.SimpLogging      : Processing MESSAGE destination=/topic/orders session=null payload={"id":1,"table":{"id":1,"name":"Table 1","status":"occupied","capacity":4,"curre...(truncated)
2026-05-06T21:36:36.684+05:30 DEBUG 26528 --- [nio-8080-exec-5] o.s.w.s.m.m.a.HttpEntityMethodProcessor  : Using 'application/json', given [*/*] and supported [application/json, application/*+json]
2026-05-06T21:36:36.684+05:30 DEBUG 26528 --- [nio-8080-exec-5] o.s.w.s.m.m.a.HttpEntityMethodProcessor  : Writing [com.robms.model.Order@34e09094]
2026-05-06T21:36:36.684+05:30 DEBUG 26528 --- [nio-8080-exec-5] o.s.web.servlet.DispatcherServlet        : Completed 200 OK
2026-05-06T21:36:36.691+05:30 DEBUG 26528 --- [nio-8080-exec-6] o.s.web.servlet.DispatcherServlet        : GET "/api/orders/active", parameters={}
2026-05-06T21:36:36.691+05:30 DEBUG 26528 --- [nio-8080-exec-6] s.w.s.m.m.a.RequestMappingHandlerMapping : Mapped to com.robms.controller.OrderController#getActiveOrders()
2026-05-06T21:36:36.691+05:30 DEBUG 26528 --- [nio-8080-exec-6] org.hibernate.SQL                        : select o1_0.id,o1_0.order_time,o1_0.status,o1_0.table_id,o1_0.total_amount from orders o1_0 where o1_0.status not in (?,?)
Hibernate: select o1_0.id,o1_0.order_time,o1_0.status,o1_0.table_id,o1_0.total_amount from orders o1_0 where o1_0.status not in (?,?)
2026-05-06T21:36:36.691+05:30 DEBUG 26528 --- [nio-8080-exec-6] org.hibernate.SQL                        : select te1_0.id,te1_0.capacity,te1_0.current_bill_amount,te1_0.name,te1_0.status from restaurant_tables te1_0 where te1_0.id=?
Hibernate: select te1_0.id,te1_0.capacity,te1_0.current_bill_amount,te1_0.name,te1_0.status from restaurant_tables te1_0 where te1_0.id=?
2026-05-06T21:36:36.691+05:30 DEBUG 26528 --- [nio-8080-exec-6] m.m.a.RequestResponseBodyMethodProcessor : Using 'application/json', given [*/*] and supported [application/json, application/*+json]
2026-05-06T21:36:36.691+05:30 DEBUG 26528 --- [nio-8080-exec-6] m.m.a.RequestResponseBodyMethodProcessor : Writing [[com.robms.model.Order@dcccc34]]
2026-05-06T21:36:36.696+05:30 DEBUG 26528 --- [nio-8080-exec-6] org.hibernate.SQL                        : select i1_0.order_id,i1_0.id,i1_0.menu_item_id,mi1_0.id,mi1_0.available,mi1_0.category,mi1_0.description,mi1_0.name,mi1_0.price,i1_0.price_at_order_time,i1_0.quantity,i1_0.special_instructions from order_items i1_0 left join menu_items mi1_0 on mi1_0.id=i1_0.menu_item_id where i1_0.order_id=?
Hibernate: select i1_0.order_id,i1_0.id,i1_0.menu_item_id,mi1_0.id,mi1_0.available,mi1_0.category,mi1_0.description,mi1_0.name,mi1_0.price,i1_0.price_at_order_time,i1_0.quantity,i1_0.special_instructions from order_items i1_0 left join menu_items mi1_0 on mi1_0.id=i1_0.menu_item_id where i1_0.order_id=?
2026-05-06T21:36:36.696+05:30 DEBUG 26528 --- [nio-8080-exec-6] o.s.web.servlet.DispatcherServlet        : Completed 200 OK
2026-05-06T21:36:36.699+05:30 DEBUG 26528 --- [nio-8080-exec-7] o.s.web.servlet.DispatcherServlet        : POST "/api/billing/checkout/1", parameters={masked}
2026-05-06T21:36:36.699+05:30 DEBUG 26528 --- [nio-8080-exec-7] s.w.s.m.m.a.RequestMappingHandlerMapping : Mapped to com.robms.controller.BillingController#checkoutTable(Long)
2026-05-06T21:36:36.699+05:30 DEBUG 26528 --- [nio-8080-exec-7] org.hibernate.SQL                        : select o1_0.id,o1_0.order_time,o1_0.status,o1_0.table_id,o1_0.total_amount from orders o1_0 left join restaurant_tables t1_0 on t1_0.id=o1_0.table_id where t1_0.id=? and o1_0.status<>?
Hibernate: select o1_0.id,o1_0.order_time,o1_0.status,o1_0.table_id,o1_0.total_amount from orders o1_0 left join restaurant_tables t1_0 on t1_0.id=o1_0.table_id where t1_0.id=? and o1_0.status<>?
2026-05-06T21:36:36.699+05:30 DEBUG 26528 --- [nio-8080-exec-7] org.hibernate.SQL                        : select te1_0.id,te1_0.capacity,te1_0.current_bill_amount,te1_0.name,te1_0.status from restaurant_tables te1_0 where te1_0.id=?
Hibernate: select te1_0.id,te1_0.capacity,te1_0.current_bill_amount,te1_0.name,te1_0.status from restaurant_tables te1_0 where te1_0.id=?
2026-05-06T21:36:36.704+05:30 DEBUG 26528 --- [nio-8080-exec-7] org.hibernate.SQL                        : update orders set order_time=?,status=?,table_id=?,total_amount=? where id=?
Hibernate: update orders set order_time=?,status=?,table_id=?,total_amount=? where id=?
2026-05-06T21:36:36.704+05:30 DEBUG 26528 --- [nio-8080-exec-7] org.hibernate.SQL                        : select i1_0.order_id,i1_0.id,i1_0.menu_item_id,mi1_0.id,mi1_0.available,mi1_0.category,mi1_0.description,mi1_0.name,mi1_0.price,i1_0.price_at_order_time,i1_0.quantity,i1_0.special_instructions from order_items i1_0 left join menu_items mi1_0 on mi1_0.id=i1_0.menu_item_id where i1_0.order_id=?
Hibernate: select i1_0.order_id,i1_0.id,i1_0.menu_item_id,mi1_0.id,mi1_0.available,mi1_0.category,mi1_0.description,mi1_0.name,mi1_0.price,i1_0.price_at_order_time,i1_0.quantity,i1_0.special_instructions from order_items i1_0 left join menu_items mi1_0 on mi1_0.id=i1_0.menu_item_id where i1_0.order_id=?
2026-05-06T21:36:36.704+05:30 DEBUG 26528 --- [nio-8080-exec-7] org.springframework.web.SimpLogging      : Processing MESSAGE destination=/topic/orders session=null payload={"id":1,"table":{"id":1,"name":"Table 1","status":"occupied","capacity":4,"curre...(truncated)
2026-05-06T21:36:36.704+05:30 DEBUG 26528 --- [nio-8080-exec-7] org.hibernate.SQL                        : update restaurant_tables set capacity=?,current_bill_amount=?,name=?,status=? where id=?
Hibernate: update restaurant_tables set capacity=?,current_bill_amount=?,name=?,status=? where id=?
2026-05-06T21:36:36.704+05:30 DEBUG 26528 --- [nio-8080-exec-7] o.s.w.s.m.m.a.HttpEntityMethodProcessor  : Using 'application/octet-stream', given [*/*] and supported [*/*]
2026-05-06T21:36:36.704+05:30 DEBUG 26528 --- [nio-8080-exec-7] o.s.web.servlet.DispatcherServlet        : Completed 200 OK
2026-05-06T21:36:36.713+05:30 DEBUG 26528 --- [nio-8080-exec-9] o.s.web.servlet.DispatcherServlet        : GET "/api/orders/active", parameters={}
2026-05-06T21:36:36.717+05:30 DEBUG 26528 --- [nio-8080-exec-9] s.w.s.m.m.a.RequestMappingHandlerMapping : Mapped to com.robms.controller.OrderController#getActiveOrders()
2026-05-06T21:36:36.718+05:30 DEBUG 26528 --- [nio-8080-exec-9] org.hibernate.SQL                        : select o1_0.id,o1_0.order_time,o1_0.status,o1_0.table_id,o1_0.total_amount from orders o1_0 where o1_0.status not in (?,?)
Hibernate: select o1_0.id,o1_0.order_time,o1_0.status,o1_0.table_id,o1_0.total_amount from orders o1_0 where o1_0.status not in (?,?)
2026-05-06T21:36:36.718+05:30 DEBUG 26528 --- [nio-8080-exec-9] m.m.a.RequestResponseBodyMethodProcessor : Using 'application/json', given [*/*] and supported [application/json, application/*+json]
2026-05-06T21:36:36.718+05:30 DEBUG 26528 --- [nio-8080-exec-9] m.m.a.RequestResponseBodyMethodProcessor : Writing [[]]
2026-05-06T21:36:36.718+05:30 DEBUG 26528 --- [nio-8080-exec-9] o.s.web.servlet.DispatcherServlet        : Completed 200 OK
2026-05-06T21:36:36.721+05:30 DEBUG 26528 --- [nio-8080-exec-8] o.s.web.servlet.DispatcherServlet        : GET "/api/tables", parameters={}
2026-05-06T21:36:36.721+05:30 DEBUG 26528 --- [nio-8080-exec-8] s.w.s.m.m.a.RequestMappingHandlerMapping : Mapped to com.robms.controller.TableController#getAllTables()
2026-05-06T21:36:36.721+05:30 DEBUG 26528 --- [nio-8080-exec-8] org.hibernate.SQL                        : select te1_0.id,te1_0.capacity,te1_0.current_bill_amount,te1_0.name,te1_0.status from restaurant_tables te1_0
Hibernate: select te1_0.id,te1_0.capacity,te1_0.current_bill_amount,te1_0.name,te1_0.status from restaurant_tables te1_0
2026-05-06T21:36:36.721+05:30 DEBUG 26528 --- [nio-8080-exec-8] m.m.a.RequestResponseBodyMethodProcessor : Using 'application/json', given [*/*] and supported [application/json, application/*+json]
2026-05-06T21:36:36.721+05:30 DEBUG 26528 --- [nio-8080-exec-8] m.m.a.RequestResponseBodyMethodProcessor : Writing [[com.robms.model.TableEntity@3f590664, com.robms.model.TableEntity@57c30464, com.robms.model.TableEn (truncated)...]
2026-05-06T21:36:36.721+05:30 DEBUG 26528 --- [nio-8080-exec-8] o.s.web.servlet.DispatcherServlet        : Completed 200 OK
2026-05-06T21:36:50.065+05:30  INFO 26528 --- [MessageBroker-1] o.s.w.s.c.WebSocketMessageBrokerStats    : WebSocketSession[0 current WS(0)-HttpStream(0)-HttpPoll(0), 0 total, 0 closed abnormally (0 connect failure, 0 send limit, 0 transport error)], stompSubProtocol[processed CONNECT(0)-CONNECTED(0)-DISCONNECT(0)], stompBrokerRelay[null], inboundChannel[pool size = 0, active threads = 0, queued tasks = 0, completed tasks = 0], outboundChannel[pool size = 0, active threads = 0, queued tasks = 0, completed tasks = 0], sockJsScheduler[pool size = 1, active threads = 1, queued tasks = 0, completed tasks = 0]
2026-05-06T21:37:02.483+05:30 DEBUG 26528 --- [nio-8080-exec-1] o.s.web.servlet.DispatcherServlet        : GET "/api/tables", parameters={}
2026-05-06T21:37:02.483+05:30 DEBUG 26528 --- [nio-8080-exec-1] s.w.s.m.m.a.RequestMappingHandlerMapping : Mapped to com.robms.controller.TableController#getAllTables()
2026-05-06T21:37:02.485+05:30 DEBUG 26528 --- [nio-8080-exec-1] org.hibernate.SQL                        : select te1_0.id,te1_0.capacity,te1_0.current_bill_amount,te1_0.name,te1_0.status from restaurant_tables te1_0
Hibernate: select te1_0.id,te1_0.capacity,te1_0.current_bill_amount,te1_0.name,te1_0.status from restaurant_tables te1_0
2026-05-06T21:37:02.490+05:30 DEBUG 26528 --- [nio-8080-exec-1] m.m.a.RequestResponseBodyMethodProcessor : Using 'application/json', given [application/json, text/plain, */*] and supported [application/json, application/*+json]
2026-05-06T21:37:02.490+05:30 DEBUG 26528 --- [nio-8080-exec-1] m.m.a.RequestResponseBodyMethodProcessor : Writing [[com.robms.model.TableEntity@7fe1b528, com.robms.model.TableEntity@78bde2d8, com.robms.model.TableEn (truncated)...]
2026-05-06T21:37:02.492+05:30 DEBUG 26528 --- [nio-8080-exec-1] o.s.web.servlet.DispatcherServlet        : Completed 200 OK
2026-05-06T21:37:02.500+05:30 DEBUG 26528 --- [nio-8080-exec-2] o.s.web.servlet.DispatcherServlet        : GET "/api/tables", parameters={}
2026-05-06T21:37:02.500+05:30 DEBUG 26528 --- [nio-8080-exec-2] s.w.s.m.m.a.RequestMappingHandlerMapping : Mapped to com.robms.controller.TableController#getAllTables()
2026-05-06T21:37:02.505+05:30 DEBUG 26528 --- [nio-8080-exec-2] org.hibernate.SQL                        : select te1_0.id,te1_0.capacity,te1_0.current_bill_amount,te1_0.name,te1_0.status from restaurant_tables te1_0
Hibernate: select te1_0.id,te1_0.capacity,te1_0.current_bill_amount,te1_0.name,te1_0.status from restaurant_tables te1_0
2026-05-06T21:37:02.506+05:30 DEBUG 26528 --- [nio-8080-exec-2] m.m.a.RequestResponseBodyMethodProcessor : Using 'application/json', given [application/json, text/plain, */*] and supported [application/json, application/*+json]
2026-05-06T21:37:02.508+05:30 DEBUG 26528 --- [nio-8080-exec-2] m.m.a.RequestResponseBodyMethodProcessor : Writing [[com.robms.model.TableEntity@14e94ad0, com.robms.model.TableEntity@6914f4c1, com.robms.model.TableEn (truncated)...]
2026-05-06T21:37:02.508+05:30 DEBUG 26528 --- [nio-8080-exec-2] o.s.web.servlet.DispatcherServlet        : Completed 200 OK
2026-05-06T21:37:02.511+05:30 DEBUG 26528 --- [nio-8080-exec-3] o.s.web.servlet.DispatcherServlet        : GET "/api/tables", parameters={}
2026-05-06T21:37:02.512+05:30 DEBUG 26528 --- [nio-8080-exec-3] s.w.s.m.m.a.RequestMappingHandlerMapping : Mapped to com.robms.controller.TableController#getAllTables()
2026-05-06T21:37:02.512+05:30 DEBUG 26528 --- [nio-8080-exec-3] org.hibernate.SQL                        : select te1_0.id,te1_0.capacity,te1_0.current_bill_amount,te1_0.name,te1_0.status from restaurant_tables te1_0
Hibernate: select te1_0.id,te1_0.capacity,te1_0.current_bill_amount,te1_0.name,te1_0.status from restaurant_tables te1_0
2026-05-06T21:37:02.512+05:30 DEBUG 26528 --- [nio-8080-exec-3] m.m.a.RequestResponseBodyMethodProcessor : Using 'application/json', given [application/json, text/plain, */*] and supported [application/json, application/*+json]
2026-05-06T21:37:02.512+05:30 DEBUG 26528 --- [nio-8080-exec-3] m.m.a.RequestResponseBodyMethodProcessor : Writing [[com.robms.model.TableEntity@3b0db489, com.robms.model.TableEntity@58238dbf, com.robms.model.TableEn (truncated)...]
2026-05-06T21:37:02.512+05:30 DEBUG 26528 --- [nio-8080-exec-3] o.s.web.servlet.DispatcherServlet        : Completed 200 OK
2026-05-06T21:38:02.449+05:30 DEBUG 26528 --- [nio-8080-exec-4] o.s.web.servlet.DispatcherServlet        : GET "/api/tables", parameters={}
2026-05-06T21:38:02.478+05:30 DEBUG 26528 --- [nio-8080-exec-4] s.w.s.m.m.a.RequestMappingHandlerMapping : Mapped to com.robms.controller.TableController#getAllTables()
2026-05-06T21:38:02.478+05:30 DEBUG 26528 --- [nio-8080-exec-4] org.hibernate.SQL                        : select te1_0.id,te1_0.capacity,te1_0.current_bill_amount,te1_0.name,te1_0.status from restaurant_tables te1_0
Hibernate: select te1_0.id,te1_0.capacity,te1_0.current_bill_amount,te1_0.name,te1_0.status from restaurant_tables te1_0
2026-05-06T21:38:02.478+05:30 DEBUG 26528 --- [nio-8080-exec-4] m.m.a.RequestResponseBodyMethodProcessor : Using 'application/json', given [application/json, text/plain, */*] and supported [application/json, application/*+json]
2026-05-06T21:38:02.478+05:30 DEBUG 26528 --- [nio-8080-exec-4] m.m.a.RequestResponseBodyMethodProcessor : Writing [[com.robms.model.TableEntity@2ec09d9c, com.robms.model.TableEntity@2cfe714e, com.robms.model.TableEn (truncated)...]
2026-05-06T21:38:02.478+05:30 DEBUG 26528 --- [nio-8080-exec-4] o.s.web.servlet.DispatcherServlet        : Completed 200 OK
2026-05-06T21:38:02.494+05:30 DEBUG 26528 --- [nio-8080-exec-5] o.s.web.servlet.DispatcherServlet        : GET "/api/tables", parameters={}
2026-05-06T21:38:02.494+05:30 DEBUG 26528 --- [nio-8080-exec-5] s.w.s.m.m.a.RequestMappingHandlerMapping : Mapped to com.robms.controller.TableController#getAllTables()
2026-05-06T21:38:02.499+05:30 DEBUG 26528 --- [nio-8080-exec-5] org.hibernate.SQL                        : select te1_0.id,te1_0.capacity,te1_0.current_bill_amount,te1_0.name,te1_0.status from restaurant_tables te1_0
Hibernate: select te1_0.id,te1_0.capacity,te1_0.current_bill_amount,te1_0.name,te1_0.status from restaurant_tables te1_0
2026-05-06T21:38:02.499+05:30 DEBUG 26528 --- [nio-8080-exec-5] m.m.a.RequestResponseBodyMethodProcessor : Using 'application/json', given [application/json, text/plain, */*] and supported [application/json, application/*+json]
2026-05-06T21:38:02.499+05:30 DEBUG 26528 --- [nio-8080-exec-5] m.m.a.RequestResponseBodyMethodProcessor : Writing [[com.robms.model.TableEntity@73dfb2c8, com.robms.model.TableEntity@35d069e3, com.robms.model.TableEn (truncated)...]
2026-05-06T21:38:02.510+05:30 DEBUG 26528 --- [nio-8080-exec-5] o.s.web.servlet.DispatcherServlet        : Completed 200 OK
2026-05-06T21:38:02.513+05:30 DEBUG 26528 --- [nio-8080-exec-6] o.s.web.servlet.DispatcherServlet        : GET "/api/tables", parameters={}
2026-05-06T21:38:02.513+05:30 DEBUG 26528 --- [nio-8080-exec-6] s.w.s.m.m.a.RequestMappingHandlerMapping : Mapped to com.robms.controller.TableController#getAllTables()
2026-05-06T21:38:02.513+05:30 DEBUG 26528 --- [nio-8080-exec-6] org.hibernate.SQL                        : select te1_0.id,te1_0.capacity,te1_0.current_bill_amount,te1_0.name,te1_0.status from restaurant_tables te1_0
Hibernate: select te1_0.id,te1_0.capacity,te1_0.current_bill_amount,te1_0.name,te1_0.status from restaurant_tables te1_0
2026-05-06T21:38:02.516+05:30 DEBUG 26528 --- [nio-8080-exec-6] m.m.a.RequestResponseBodyMethodProcessor : Using 'application/json', given [application/json, text/plain, */*] and supported [application/json, application/*+json]
2026-05-06T21:38:02.516+05:30 DEBUG 26528 --- [nio-8080-exec-6] m.m.a.RequestResponseBodyMethodProcessor : Writing [[com.robms.model.TableEntity@752ac2ff, com.robms.model.TableEntity@359b059c, com.robms.model.TableEn (truncated)...]
2026-05-06T21:38:02.518+05:30 DEBUG 26528 --- [nio-8080-exec-6] o.s.web.servlet.DispatcherServlet        : Completed 200 OK
2026-05-06T21:39:02.451+05:30 DEBUG 26528 --- [nio-8080-exec-9] o.s.web.servlet.DispatcherServlet        : GET "/api/tables", parameters={}
2026-05-06T21:39:02.451+05:30 DEBUG 26528 --- [nio-8080-exec-9] s.w.s.m.m.a.RequestMappingHandlerMapping : Mapped to com.robms.controller.TableController#getAllTables()
2026-05-06T21:39:02.451+05:30 DEBUG 26528 --- [nio-8080-exec-9] org.hibernate.SQL                        : select te1_0.id,te1_0.capacity,te1_0.current_bill_amount,te1_0.name,te1_0.status from restaurant_tables te1_0
Hibernate: select te1_0.id,te1_0.capacity,te1_0.current_bill_amount,te1_0.name,te1_0.status from restaurant_tables te1_0
2026-05-06T21:39:02.467+05:30 DEBUG 26528 --- [nio-8080-exec-9] m.m.a.RequestResponseBodyMethodProcessor : Using 'application/json', given [application/json, text/plain, */*] and supported [application/json, application/*+json]
2026-05-06T21:39:02.469+05:30 DEBUG 26528 --- [nio-8080-exec-9] m.m.a.RequestResponseBodyMethodProcessor : Writing [[com.robms.model.TableEntity@6a6c83bf, com.robms.model.TableEntity@67462876, com.robms.model.TableEn (truncated)...]
2026-05-06T21:39:02.469+05:30 DEBUG 26528 --- [nio-8080-exec-9] o.s.web.servlet.DispatcherServlet        : Completed 200 OK
2026-05-06T21:39:02.469+05:30 DEBUG 26528 --- [nio-8080-exec-8] o.s.web.servlet.DispatcherServlet        : GET "/api/tables", parameters={}
2026-05-06T21:39:02.469+05:30 DEBUG 26528 --- [nio-8080-exec-8] s.w.s.m.m.a.RequestMappingHandlerMapping : Mapped to com.robms.controller.TableController#getAllTables()
2026-05-06T21:39:02.469+05:30 DEBUG 26528 --- [nio-8080-exec-8] org.hibernate.SQL                        : select te1_0.id,te1_0.capacity,te1_0.current_bill_amount,te1_0.name,te1_0.status from restaurant_tables te1_0
Hibernate: select te1_0.id,te1_0.capacity,te1_0.current_bill_amount,te1_0.name,te1_0.status from restaurant_tables te1_0
2026-05-06T21:39:02.469+05:30 DEBUG 26528 --- [nio-8080-exec-8] m.m.a.RequestResponseBodyMethodProcessor : Using 'application/json', given [application/json, text/plain, */*] and supported [application/json, application/*+json]
2026-05-06T21:39:02.469+05:30 DEBUG 26528 --- [nio-8080-exec-8] m.m.a.RequestResponseBodyMethodProcessor : Writing [[com.robms.model.TableEntity@2ebebe9c, com.robms.model.TableEntity@4e324fab, com.robms.model.TableEn (truncated)...]
2026-05-06T21:39:02.469+05:30 DEBUG 26528 --- [nio-8080-exec-8] o.s.web.servlet.DispatcherServlet        : Completed 200 OK
2026-05-06T21:39:02.483+05:30 DEBUG 26528 --- [io-8080-exec-10] o.s.web.servlet.DispatcherServlet        : GET "/api/tables", parameters={}
2026-05-06T21:39:02.483+05:30 DEBUG 26528 --- [io-8080-exec-10] s.w.s.m.m.a.RequestMappingHandlerMapping : Mapped to com.robms.controller.TableController#getAllTables()
2026-05-06T21:39:02.483+05:30 DEBUG 26528 --- [io-8080-exec-10] org.hibernate.SQL                        : select te1_0.id,te1_0.capacity,te1_0.current_bill_amount,te1_0.name,te1_0.status from restaurant_tables te1_0
Hibernate: select te1_0.id,te1_0.capacity,te1_0.current_bill_amount,te1_0.name,te1_0.status from restaurant_tables te1_0
2026-05-06T21:39:02.491+05:30 DEBUG 26528 --- [io-8080-exec-10] m.m.a.RequestResponseBodyMethodProcessor : Using 'application/json', given [application/json, text/plain, */*] and supported [application/json, application/*+json]
2026-05-06T21:39:02.491+05:30 DEBUG 26528 --- [io-8080-exec-10] m.m.a.RequestResponseBodyMethodProcessor : Writing [[com.robms.model.TableEntity@1cd061f8, com.robms.model.TableEntity@1ec6bd72, com.robms.model.TableEn (truncated)...]
2026-05-06T21:39:02.491+05:30 DEBUG 26528 --- [io-8080-exec-10] o.s.web.servlet.DispatcherServlet        : Completed 200 OK
2026-05-06T21:40:02.468+05:30 DEBUG 26528 --- [nio-8080-exec-1] o.s.web.servlet.DispatcherServlet        : GET "/api/tables", parameters={}
2026-05-06T21:40:02.487+05:30 DEBUG 26528 --- [nio-8080-exec-1] s.w.s.m.m.a.RequestMappingHandlerMapping : Mapped to com.robms.controller.TableController#getAllTables()
2026-05-06T21:40:02.487+05:30 DEBUG 26528 --- [nio-8080-exec-1] org.hibernate.SQL                        : select te1_0.id,te1_0.capacity,te1_0.current_bill_amount,te1_0.name,te1_0.status from restaurant_tables te1_0
Hibernate: select te1_0.id,te1_0.capacity,te1_0.current_bill_amount,te1_0.name,te1_0.status from restaurant_tables te1_0
2026-05-06T21:40:02.487+05:30 DEBUG 26528 --- [nio-8080-exec-1] m.m.a.RequestResponseBodyMethodProcessor : Using 'application/json', given [application/json, text/plain, */*] and supported [application/json, application/*+json]
2026-05-06T21:40:02.487+05:30 DEBUG 26528 --- [nio-8080-exec-1] m.m.a.RequestResponseBodyMethodProcessor : Writing [[com.robms.model.TableEntity@1f9471d7, com.robms.model.TableEntity@4ab66415, com.robms.model.TableEn (truncated)...]
2026-05-06T21:40:02.487+05:30 DEBUG 26528 --- [nio-8080-exec-1] o.s.web.servlet.DispatcherServlet        : Completed 200 OK
2026-05-06T21:40:02.500+05:30 DEBUG 26528 --- [nio-8080-exec-3] o.s.web.servlet.DispatcherServlet        : GET "/api/tables", parameters={}
2026-05-06T21:40:02.500+05:30 DEBUG 26528 --- [nio-8080-exec-3] s.w.s.m.m.a.RequestMappingHandlerMapping : Mapped to com.robms.controller.TableController#getAllTables()
2026-05-06T21:40:02.502+05:30 DEBUG 26528 --- [nio-8080-exec-3] org.hibernate.SQL                        : select te1_0.id,te1_0.capacity,te1_0.current_bill_amount,te1_0.name,te1_0.status from restaurant_tables te1_0
Hibernate: select te1_0.id,te1_0.capacity,te1_0.current_bill_amount,te1_0.name,te1_0.status from restaurant_tables te1_0
2026-05-06T21:40:02.502+05:30 DEBUG 26528 --- [nio-8080-exec-3] m.m.a.RequestResponseBodyMethodProcessor : Using 'application/json', given [application/json, text/plain, */*] and supported [application/json, application/*+json]
2026-05-06T21:40:02.502+05:30 DEBUG 26528 --- [nio-8080-exec-3] m.m.a.RequestResponseBodyMethodProcessor : Writing [[com.robms.model.TableEntity@5ddb2c72, com.robms.model.TableEntity@1b6ccafc, com.robms.model.TableEn (truncated)...]
2026-05-06T21:40:02.502+05:30 DEBUG 26528 --- [nio-8080-exec-3] o.s.web.servlet.DispatcherServlet        : Completed 200 OK
2026-05-06T21:40:02.509+05:30 DEBUG 26528 --- [nio-8080-exec-4] o.s.web.servlet.DispatcherServlet        : GET "/api/tables", parameters={}
2026-05-06T21:40:02.509+05:30 DEBUG 26528 --- [nio-8080-exec-4] s.w.s.m.m.a.RequestMappingHandlerMapping : Mapped to com.robms.controller.TableController#getAllTables()
2026-05-06T21:40:02.511+05:30 DEBUG 26528 --- [nio-8080-exec-4] org.hibernate.SQL                        : select te1_0.id,te1_0.capacity,te1_0.current_bill_amount,te1_0.name,te1_0.status from restaurant_tables te1_0
Hibernate: select te1_0.id,te1_0.capacity,te1_0.current_bill_amount,te1_0.name,te1_0.status from restaurant_tables te1_0
2026-05-06T21:40:02.513+05:30 DEBUG 26528 --- [nio-8080-exec-4] m.m.a.RequestResponseBodyMethodProcessor : Using 'application/json', given [application/json, text/plain, */*] and supported [application/json, application/*+json]
2026-05-06T21:40:02.513+05:30 DEBUG 26528 --- [nio-8080-exec-4] m.m.a.RequestResponseBodyMethodProcessor : Writing [[com.robms.model.TableEntity@17d95a7, com.robms.model.TableEntity@797f82c, com.robms.model.TableEnti (truncated)...]
2026-05-06T21:40:02.513+05:30 DEBUG 26528 --- [nio-8080-exec-4] o.s.web.servlet.DispatcherServlet        : Completed 200 OK
2026-05-06T21:41:02.491+05:30 DEBUG 26528 --- [nio-8080-exec-5] o.s.web.servlet.DispatcherServlet        : GET "/api/tables", parameters={}
2026-05-06T21:41:02.512+05:30 DEBUG 26528 --- [nio-8080-exec-5] s.w.s.m.m.a.RequestMappingHandlerMapping : Mapped to com.robms.controller.TableController#getAllTables()
2026-05-06T21:41:02.513+05:30 DEBUG 26528 --- [nio-8080-exec-5] org.hibernate.SQL                        : select te1_0.id,te1_0.capacity,te1_0.current_bill_amount,te1_0.name,te1_0.status from restaurant_tables te1_0
Hibernate: select te1_0.id,te1_0.capacity,te1_0.current_bill_amount,te1_0.name,te1_0.status from restaurant_tables te1_0
2026-05-06T21:41:02.516+05:30 DEBUG 26528 --- [nio-8080-exec-5] m.m.a.RequestResponseBodyMethodProcessor : Using 'application/json', given [application/json, text/plain, */*] and supported [application/json, application/*+json]
2026-05-06T21:41:02.516+05:30 DEBUG 26528 --- [nio-8080-exec-5] m.m.a.RequestResponseBodyMethodProcessor : Writing [[com.robms.model.TableEntity@3489242c, com.robms.model.TableEntity@1b911ac3, com.robms.model.TableEn (truncated)...]
2026-05-06T21:41:02.520+05:30 DEBUG 26528 --- [nio-8080-exec-5] o.s.web.servlet.DispatcherServlet        : Completed 200 OK
2026-05-06T21:41:02.522+05:30 DEBUG 26528 --- [nio-8080-exec-5] o.s.web.servlet.DispatcherServlet        : GET "/api/tables", parameters={}
2026-05-06T21:41:02.522+05:30 DEBUG 26528 --- [nio-8080-exec-5] s.w.s.m.m.a.RequestMappingHandlerMapping : Mapped to com.robms.controller.TableController#getAllTables()
2026-05-06T21:41:02.524+05:30 DEBUG 26528 --- [nio-8080-exec-5] org.hibernate.SQL                        : select te1_0.id,te1_0.capacity,te1_0.current_bill_amount,te1_0.name,te1_0.status from restaurant_tables te1_0
Hibernate: select te1_0.id,te1_0.capacity,te1_0.current_bill_amount,te1_0.name,te1_0.status from restaurant_tables te1_0
2026-05-06T21:41:02.524+05:30 DEBUG 26528 --- [nio-8080-exec-5] m.m.a.RequestResponseBodyMethodProcessor : Using 'application/json', given [application/json, text/plain, */*] and supported [application/json, application/*+json]
2026-05-06T21:41:02.524+05:30 DEBUG 26528 --- [nio-8080-exec-5] m.m.a.RequestResponseBodyMethodProcessor : Writing [[com.robms.model.TableEntity@2d123e26, com.robms.model.TableEntity@433a5852, com.robms.model.TableEn (truncated)...]
2026-05-06T21:41:02.526+05:30 DEBUG 26528 --- [nio-8080-exec-5] o.s.web.servlet.DispatcherServlet        : Completed 200 OK
2026-05-06T21:41:02.528+05:30 DEBUG 26528 --- [nio-8080-exec-6] o.s.web.servlet.DispatcherServlet        : GET "/api/tables", parameters={}
2026-05-06T21:41:02.529+05:30 DEBUG 26528 --- [nio-8080-exec-6] s.w.s.m.m.a.RequestMappingHandlerMapping : Mapped to com.robms.controller.TableController#getAllTables()
2026-05-06T21:41:02.531+05:30 DEBUG 26528 --- [nio-8080-exec-6] org.hibernate.SQL                        : select te1_0.id,te1_0.capacity,te1_0.current_bill_amount,te1_0.name,te1_0.status from restaurant_tables te1_0
Hibernate: select te1_0.id,te1_0.capacity,te1_0.current_bill_amount,te1_0.name,te1_0.status from restaurant_tables te1_0
2026-05-06T21:41:02.531+05:30 DEBUG 26528 --- [nio-8080-exec-6] m.m.a.RequestResponseBodyMethodProcessor : Using 'application/json', given [application/json, text/plain, */*] and supported [application/json, application/*+json]
2026-05-06T21:41:02.531+05:30 DEBUG 26528 --- [nio-8080-exec-6] m.m.a.RequestResponseBodyMethodProcessor : Writing [[com.robms.model.TableEntity@62089a0f, com.robms.model.TableEntity@7a6f4a82, com.robms.model.TableEn (truncated)...]
2026-05-06T21:41:02.531+05:30 DEBUG 26528 --- [nio-8080-exec-6] o.s.web.servlet.DispatcherServlet        : Completed 200 OK
2026-05-06T21:41:52.845+05:30 DEBUG 26528 --- [nio-8080-exec-7] o.s.web.servlet.DispatcherServlet        : GET "/api/tables", parameters={}
2026-05-06T21:41:52.845+05:30 DEBUG 26528 --- [nio-8080-exec-7] s.w.s.m.m.a.RequestMappingHandlerMapping : Mapped to com.robms.controller.TableController#getAllTables()
2026-05-06T21:41:52.849+05:30 DEBUG 26528 --- [nio-8080-exec-7] org.hibernate.SQL                        : select te1_0.id,te1_0.capacity,te1_0.current_bill_amount,te1_0.name,te1_0.status from restaurant_tables te1_0
Hibernate: select te1_0.id,te1_0.capacity,te1_0.current_bill_amount,te1_0.name,te1_0.status from restaurant_tables te1_0
2026-05-06T21:41:52.852+05:30 DEBUG 26528 --- [nio-8080-exec-7] m.m.a.RequestResponseBodyMethodProcessor : Using 'application/json', given [application/json, text/plain, */*] and supported [application/json, application/*+json]
2026-05-06T21:41:52.853+05:30 DEBUG 26528 --- [nio-8080-exec-7] m.m.a.RequestResponseBodyMethodProcessor : Writing [[com.robms.model.TableEntity@55630bba, com.robms.model.TableEntity@1642d9a0, com.robms.model.TableEn (truncated)...]
2026-05-06T21:41:52.854+05:30 DEBUG 26528 --- [nio-8080-exec-7] o.s.web.servlet.DispatcherServlet        : Completed 200 OK
2026-05-06T21:41:52.857+05:30 DEBUG 26528 --- [nio-8080-exec-9] o.s.web.servlet.DispatcherServlet        : GET "/api/tables", parameters={}
2026-05-06T21:41:52.857+05:30 DEBUG 26528 --- [nio-8080-exec-9] s.w.s.m.m.a.RequestMappingHandlerMapping : Mapped to com.robms.controller.TableController#getAllTables()
2026-05-06T21:41:52.857+05:30 DEBUG 26528 --- [nio-8080-exec-9] org.hibernate.SQL                        : select te1_0.id,te1_0.capacity,te1_0.current_bill_amount,te1_0.name,te1_0.status from restaurant_tables te1_0
Hibernate: select te1_0.id,te1_0.capacity,te1_0.current_bill_amount,te1_0.name,te1_0.status from restaurant_tables te1_0
2026-05-06T21:41:52.863+05:30 DEBUG 26528 --- [nio-8080-exec-9] m.m.a.RequestResponseBodyMethodProcessor : Using 'application/json', given [application/json, text/plain, */*] and supported [application/json, application/*+json]
2026-05-06T21:41:52.864+05:30 DEBUG 26528 --- [nio-8080-exec-9] m.m.a.RequestResponseBodyMethodProcessor : Writing [[com.robms.model.TableEntity@1c74b7c4, com.robms.model.TableEntity@729d18d0, com.robms.model.TableEn (truncated)...]
2026-05-06T21:41:52.868+05:30 DEBUG 26528 --- [nio-8080-exec-9] o.s.web.servlet.DispatcherServlet        : Completed 200 OK
2026-05-06T21:42:02.467+05:30 DEBUG 26528 --- [nio-8080-exec-8] o.s.web.servlet.DispatcherServlet        : GET "/api/tables", parameters={}
2026-05-06T21:42:02.468+05:30 DEBUG 26528 --- [nio-8080-exec-8] s.w.s.m.m.a.RequestMappingHandlerMapping : Mapped to com.robms.controller.TableController#getAllTables()
2026-05-06T21:42:02.472+05:30 DEBUG 26528 --- [nio-8080-exec-8] org.hibernate.SQL                        : select te1_0.id,te1_0.capacity,te1_0.current_bill_amount,te1_0.name,te1_0.status from restaurant_tables te1_0
Hibernate: select te1_0.id,te1_0.capacity,te1_0.current_bill_amount,te1_0.name,te1_0.status from restaurant_tables te1_0
2026-05-06T21:42:02.474+05:30 DEBUG 26528 --- [nio-8080-exec-8] m.m.a.RequestResponseBodyMethodProcessor : Using 'application/json', given [application/json, text/plain, */*] and supported [application/json, application/*+json]
2026-05-06T21:42:02.474+05:30 DEBUG 26528 --- [nio-8080-exec-8] m.m.a.RequestResponseBodyMethodProcessor : Writing [[com.robms.model.TableEntity@35f14f74, com.robms.model.TableEntity@164145a7, com.robms.model.TableEn (truncated)...]
2026-05-06T21:42:02.475+05:30 DEBUG 26528 --- [nio-8080-exec-8] o.s.web.servlet.DispatcherServlet        : Completed 200 OK
2026-05-06T21:42:02.480+05:30 DEBUG 26528 --- [io-8080-exec-10] o.s.web.servlet.DispatcherServlet        : GET "/api/tables", parameters={}
2026-05-06T21:42:02.480+05:30 DEBUG 26528 --- [io-8080-exec-10] s.w.s.m.m.a.RequestMappingHandlerMapping : Mapped to com.robms.controller.TableController#getAllTables()
2026-05-06T21:42:02.483+05:30 DEBUG 26528 --- [io-8080-exec-10] org.hibernate.SQL                        : select te1_0.id,te1_0.capacity,te1_0.current_bill_amount,te1_0.name,te1_0.status from restaurant_tables te1_0
Hibernate: select te1_0.id,te1_0.capacity,te1_0.current_bill_amount,te1_0.name,te1_0.status from restaurant_tables te1_0
2026-05-06T21:42:02.484+05:30 DEBUG 26528 --- [io-8080-exec-10] m.m.a.RequestResponseBodyMethodProcessor : Using 'application/json', given [application/json, text/plain, */*] and supported [application/json, application/*+json]
2026-05-06T21:42:02.488+05:30 DEBUG 26528 --- [io-8080-exec-10] m.m.a.RequestResponseBodyMethodProcessor : Writing [[com.robms.model.TableEntity@492844d4, com.robms.model.TableEntity@23473ff, com.robms.model.TableEnt (truncated)...]
2026-05-06T21:42:02.491+05:30 DEBUG 26528 --- [io-8080-exec-10] o.s.web.servlet.DispatcherServlet        : Completed 200 OK
2026-05-06T21:42:02.493+05:30 DEBUG 26528 --- [nio-8080-exec-1] o.s.web.servlet.DispatcherServlet        : GET "/api/tables", parameters={}
2026-05-06T21:42:02.493+05:30 DEBUG 26528 --- [nio-8080-exec-1] s.w.s.m.m.a.RequestMappingHandlerMapping : Mapped to com.robms.controller.TableController#getAllTables()
2026-05-06T21:42:02.495+05:30 DEBUG 26528 --- [nio-8080-exec-1] org.hibernate.SQL                        : select te1_0.id,te1_0.capacity,te1_0.current_bill_amount,te1_0.name,te1_0.status from restaurant_tables te1_0
Hibernate: select te1_0.id,te1_0.capacity,te1_0.current_bill_amount,te1_0.name,te1_0.status from restaurant_tables te1_0
2026-05-06T21:42:02.499+05:30 DEBUG 26528 --- [nio-8080-exec-1] m.m.a.RequestResponseBodyMethodProcessor : Using 'application/json', given [application/json, text/plain, */*] and supported [application/json, application/*+json]
2026-05-06T21:42:02.499+05:30 DEBUG 26528 --- [nio-8080-exec-1] m.m.a.RequestResponseBodyMethodProcessor : Writing [[com.robms.model.TableEntity@45cc72ff, com.robms.model.TableEntity@4d3bac38, com.robms.model.TableEn (truncated)...]
2026-05-06T21:42:02.503+05:30 DEBUG 26528 --- [nio-8080-exec-1] o.s.web.servlet.DispatcherServlet        : Completed 200 OK
2026-05-06T21:42:02.854+05:30 DEBUG 26528 --- [nio-8080-exec-2] o.s.web.servlet.DispatcherServlet        : GET "/api/tables", parameters={}
2026-05-06T21:42:02.854+05:30 DEBUG 26528 --- [nio-8080-exec-2] s.w.s.m.m.a.RequestMappingHandlerMapping : Mapped to com.robms.controller.TableController#getAllTables()
2026-05-06T21:42:02.854+05:30 DEBUG 26528 --- [nio-8080-exec-2] org.hibernate.SQL                        : select te1_0.id,te1_0.capacity,te1_0.current_bill_amount,te1_0.name,te1_0.status from restaurant_tables te1_0
Hibernate: select te1_0.id,te1_0.capacity,te1_0.current_bill_amount,te1_0.name,te1_0.status from restaurant_tables te1_0
2026-05-06T21:42:02.854+05:30 DEBUG 26528 --- [nio-8080-exec-2] m.m.a.RequestResponseBodyMethodProcessor : Using 'application/json', given [application/json, text/plain, */*] and supported [application/json, application/*+json]
2026-05-06T21:42:02.862+05:30 DEBUG 26528 --- [nio-8080-exec-2] m.m.a.RequestResponseBodyMethodProcessor : Writing [[com.robms.model.TableEntity@186db8a5, com.robms.model.TableEntity@303d361a, com.robms.model.TableEn (truncated)...]
2026-05-06T21:42:02.864+05:30 DEBUG 26528 --- [nio-8080-exec-2] o.s.web.servlet.DispatcherServlet        : Completed 200 OK
2026-05-06T21:42:07.256+05:30 DEBUG 26528 --- [nio-8080-exec-3] o.s.web.servlet.DispatcherServlet        : GET "/api/tables", parameters={}
2026-05-06T21:42:07.262+05:30 DEBUG 26528 --- [nio-8080-exec-3] s.w.s.m.m.a.RequestMappingHandlerMapping : Mapped to com.robms.controller.TableController#getAllTables()
2026-05-06T21:42:07.267+05:30 DEBUG 26528 --- [nio-8080-exec-3] org.hibernate.SQL                        : select te1_0.id,te1_0.capacity,te1_0.current_bill_amount,te1_0.name,te1_0.status from restaurant_tables te1_0
Hibernate: select te1_0.id,te1_0.capacity,te1_0.current_bill_amount,te1_0.name,te1_0.status from restaurant_tables te1_0
2026-05-06T21:42:07.269+05:30 DEBUG 26528 --- [nio-8080-exec-3] m.m.a.RequestResponseBodyMethodProcessor : Using 'application/json', given [application/json, text/plain, */*] and supported [application/json, application/*+json]
2026-05-06T21:42:07.269+05:30 DEBUG 26528 --- [nio-8080-exec-3] m.m.a.RequestResponseBodyMethodProcessor : Writing [[com.robms.model.TableEntity@11cf644, com.robms.model.TableEntity@16bd897f, com.robms.model.TableEnt (truncated)...]
2026-05-06T21:42:07.273+05:30 DEBUG 26528 --- [nio-8080-exec-3] o.s.web.servlet.DispatcherServlet        : Completed 200 OK
2026-05-06T21:42:07.275+05:30 DEBUG 26528 --- [nio-8080-exec-4] o.s.web.servlet.DispatcherServlet        : GET "/api/tables", parameters={}
2026-05-06T21:42:07.275+05:30 DEBUG 26528 --- [nio-8080-exec-4] s.w.s.m.m.a.RequestMappingHandlerMapping : Mapped to com.robms.controller.TableController#getAllTables()
2026-05-06T21:42:07.275+05:30 DEBUG 26528 --- [nio-8080-exec-4] org.hibernate.SQL                        : select te1_0.id,te1_0.capacity,te1_0.current_bill_amount,te1_0.name,te1_0.status from restaurant_tables te1_0
Hibernate: select te1_0.id,te1_0.capacity,te1_0.current_bill_amount,te1_0.name,te1_0.status from restaurant_tables te1_0
2026-05-06T21:42:07.275+05:30 DEBUG 26528 --- [nio-8080-exec-4] m.m.a.RequestResponseBodyMethodProcessor : Using 'application/json', given [application/json, text/plain, */*] and supported [application/json, application/*+json]
2026-05-06T21:42:07.281+05:30 DEBUG 26528 --- [nio-8080-exec-4] m.m.a.RequestResponseBodyMethodProcessor : Writing [[com.robms.model.TableEntity@542fd56e, com.robms.model.TableEntity@5dfb43b6, com.robms.model.TableEn (truncated)...]
2026-05-06T21:42:07.282+05:30 DEBUG 26528 --- [nio-8080-exec-4] o.s.web.servlet.DispatcherServlet        : Completed 200 OK
2026-05-06T21:42:12.607+05:30 DEBUG 26528 --- [nio-8080-exec-5] o.s.web.servlet.DispatcherServlet        : GET "/api/menu/available", parameters={}
2026-05-06T21:42:12.608+05:30 DEBUG 26528 --- [nio-8080-exec-6] o.s.web.servlet.DispatcherServlet        : GET "/api/tables", parameters={}
2026-05-06T21:42:12.611+05:30 DEBUG 26528 --- [nio-8080-exec-5] s.w.s.m.m.a.RequestMappingHandlerMapping : Mapped to com.robms.controller.MenuController#getAvailableMenuItems()
2026-05-06T21:42:12.612+05:30 DEBUG 26528 --- [nio-8080-exec-6] s.w.s.m.m.a.RequestMappingHandlerMapping : Mapped to com.robms.controller.TableController#getAllTables()
2026-05-06T21:42:12.617+05:30 DEBUG 26528 --- [nio-8080-exec-5] org.hibernate.SQL                        : select mi1_0.id,mi1_0.available,mi1_0.category,mi1_0.description,mi1_0.name,mi1_0.price from menu_items mi1_0 where mi1_0.available
Hibernate: select mi1_0.id,mi1_0.available,mi1_0.category,mi1_0.description,mi1_0.name,mi1_0.price from menu_items mi1_0 where mi1_0.available
2026-05-06T21:42:12.620+05:30 DEBUG 26528 --- [nio-8080-exec-6] org.hibernate.SQL                        : select te1_0.id,te1_0.capacity,te1_0.current_bill_amount,te1_0.name,te1_0.status from restaurant_tables te1_0
Hibernate: select te1_0.id,te1_0.capacity,te1_0.current_bill_amount,te1_0.name,te1_0.status from restaurant_tables te1_0
2026-05-06T21:42:12.622+05:30 DEBUG 26528 --- [nio-8080-exec-6] m.m.a.RequestResponseBodyMethodProcessor : Using 'application/json', given [application/json, text/plain, */*] and supported [application/json, application/*+json]
2026-05-06T21:42:12.622+05:30 DEBUG 26528 --- [nio-8080-exec-5] m.m.a.RequestResponseBodyMethodProcessor : Using 'application/json', given [application/json, text/plain, */*] and supported [application/json, application/*+json]
2026-05-06T21:42:12.622+05:30 DEBUG 26528 --- [nio-8080-exec-6] m.m.a.RequestResponseBodyMethodProcessor : Writing [[com.robms.model.TableEntity@3fd64d79, com.robms.model.TableEntity@73a18f26, com.robms.model.TableEn (truncated)...]
2026-05-06T21:42:12.622+05:30 DEBUG 26528 --- [nio-8080-exec-5] m.m.a.RequestResponseBodyMethodProcessor : Writing [[com.robms.model.MenuItem@16b5a1d6, com.robms.model.MenuItem@65dd39f8, com.robms.model.MenuItem@3762 (truncated)...]
2026-05-06T21:42:12.622+05:30 DEBUG 26528 --- [nio-8080-exec-5] o.s.web.servlet.DispatcherServlet        : Completed 200 OK
2026-05-06T21:42:12.627+05:30 DEBUG 26528 --- [nio-8080-exec-6] o.s.web.servlet.DispatcherServlet        : Completed 200 OK
2026-05-06T21:42:12.631+05:30 DEBUG 26528 --- [nio-8080-exec-9] o.s.web.servlet.DispatcherServlet        : GET "/api/tables", parameters={}
2026-05-06T21:42:12.631+05:30 DEBUG 26528 --- [nio-8080-exec-7] o.s.web.servlet.DispatcherServlet        : GET "/api/menu/available", parameters={}
2026-05-06T21:42:12.631+05:30 DEBUG 26528 --- [nio-8080-exec-9] s.w.s.m.m.a.RequestMappingHandlerMapping : Mapped to com.robms.controller.TableController#getAllTables()
2026-05-06T21:42:12.634+05:30 DEBUG 26528 --- [nio-8080-exec-7] s.w.s.m.m.a.RequestMappingHandlerMapping : Mapped to com.robms.controller.MenuController#getAvailableMenuItems()
2026-05-06T21:42:12.636+05:30 DEBUG 26528 --- [nio-8080-exec-9] org.hibernate.SQL                        : select te1_0.id,te1_0.capacity,te1_0.current_bill_amount,te1_0.name,te1_0.status from restaurant_tables te1_0
Hibernate: select te1_0.id,te1_0.capacity,te1_0.current_bill_amount,te1_0.name,te1_0.status from restaurant_tables te1_0
2026-05-06T21:42:12.639+05:30 DEBUG 26528 --- [nio-8080-exec-7] org.hibernate.SQL                        : select mi1_0.id,mi1_0.available,mi1_0.category,mi1_0.description,mi1_0.name,mi1_0.price from menu_items mi1_0 where mi1_0.available
Hibernate: select mi1_0.id,mi1_0.available,mi1_0.category,mi1_0.description,mi1_0.name,mi1_0.price from menu_items mi1_0 where mi1_0.available
2026-05-06T21:42:12.646+05:30 DEBUG 26528 --- [nio-8080-exec-9] m.m.a.RequestResponseBodyMethodProcessor : Using 'application/json', given [application/json, text/plain, */*] and supported [application/json, application/*+json]
2026-05-06T21:42:12.646+05:30 DEBUG 26528 --- [nio-8080-exec-9] m.m.a.RequestResponseBodyMethodProcessor : Writing [[com.robms.model.TableEntity@59915ef5, com.robms.model.TableEntity@426135bf, com.robms.model.TableEn (truncated)...]
2026-05-06T21:42:12.648+05:30 DEBUG 26528 --- [nio-8080-exec-7] m.m.a.RequestResponseBodyMethodProcessor : Using 'application/json', given [application/json, text/plain, */*] and supported [application/json, application/*+json]
2026-05-06T21:42:12.649+05:30 DEBUG 26528 --- [nio-8080-exec-7] m.m.a.RequestResponseBodyMethodProcessor : Writing [[com.robms.model.MenuItem@30eb63de, com.robms.model.MenuItem@7aef214f, com.robms.model.MenuItem@4735 (truncated)...]
2026-05-06T21:42:12.649+05:30 DEBUG 26528 --- [nio-8080-exec-9] o.s.web.servlet.DispatcherServlet        : Completed 200 OK
2026-05-06T21:42:12.649+05:30 DEBUG 26528 --- [nio-8080-exec-7] o.s.web.servlet.DispatcherServlet        : Completed 200 OK
2026-05-06T21:42:17.619+05:30 DEBUG 26528 --- [io-8080-exec-10] o.s.web.servlet.DispatcherServlet        : POST "/api/orders", parameters={}
2026-05-06T21:42:17.639+05:30 DEBUG 26528 --- [io-8080-exec-10] s.w.s.m.m.a.RequestMappingHandlerMapping : Mapped to com.robms.controller.OrderController#createOrder(Order)
2026-05-06T21:42:17.644+05:30 DEBUG 26528 --- [io-8080-exec-10] m.m.a.RequestResponseBodyMethodProcessor : Read "application/json;charset=UTF-8" to [com.robms.model.Order@4a976777]
2026-05-06T21:42:17.644+05:30 DEBUG 26528 --- [io-8080-exec-10] org.hibernate.SQL                        : select te1_0.id,te1_0.capacity,te1_0.current_bill_amount,te1_0.name,te1_0.status from restaurant_tables te1_0 where te1_0.id=?
Hibernate: select te1_0.id,te1_0.capacity,te1_0.current_bill_amount,te1_0.name,te1_0.status from restaurant_tables te1_0 where te1_0.id=?
2026-05-06T21:42:17.652+05:30 DEBUG 26528 --- [io-8080-exec-10] org.hibernate.SQL                        : update restaurant_tables set capacity=?,current_bill_amount=?,name=?,status=? where id=?
Hibernate: update restaurant_tables set capacity=?,current_bill_amount=?,name=?,status=? where id=?
2026-05-06T21:42:17.652+05:30 DEBUG 26528 --- [io-8080-exec-10] org.hibernate.SQL                        : insert into orders (order_time,status,table_id,total_amount,id) values (?,?,?,?,default)
Hibernate: insert into orders (order_time,status,table_id,total_amount,id) values (?,?,?,?,default)
2026-05-06T21:42:17.659+05:30 DEBUG 26528 --- [io-8080-exec-10] org.hibernate.SQL                        : insert into order_items (menu_item_id,order_id,price_at_order_time,quantity,special_instructions,id) values (?,?,?,?,?,default)
Hibernate: insert into order_items (menu_item_id,order_id,price_at_order_time,quantity,special_instructions,id) values (?,?,?,?,?,default)
2026-05-06T21:42:17.659+05:30 DEBUG 26528 --- [io-8080-exec-10] org.hibernate.SQL                        : insert into order_items (menu_item_id,order_id,price_at_order_time,quantity,special_instructions,id) values (?,?,?,?,?,default)
Hibernate: insert into order_items (menu_item_id,order_id,price_at_order_time,quantity,special_instructions,id) values (?,?,?,?,?,default)
2026-05-06T21:42:17.667+05:30 DEBUG 26528 --- [io-8080-exec-10] org.springframework.web.SimpLogging      : Processing MESSAGE destination=/topic/orders session=null payload={"id":2,"table":{"id":1,"name":"Table 1","status":"occupied","capacity":4,"curre...(truncated)
2026-05-06T21:42:17.669+05:30 DEBUG 26528 --- [io-8080-exec-10] m.m.a.RequestResponseBodyMethodProcessor : Using 'application/json', given [application/json, text/plain, */*] and supported [application/json, application/*+json]
2026-05-06T21:42:17.669+05:30 DEBUG 26528 --- [io-8080-exec-10] m.m.a.RequestResponseBodyMethodProcessor : Writing [com.robms.model.Order@4a976777]
2026-05-06T21:42:17.670+05:30 DEBUG 26528 --- [io-8080-exec-10] o.s.web.servlet.DispatcherServlet        : Completed 200 OK
2026-05-06T21:42:21.944+05:30 DEBUG 26528 --- [nio-8080-exec-1] o.s.web.servlet.DispatcherServlet        : GET "/api/tables", parameters={}
2026-05-06T21:42:21.944+05:30 DEBUG 26528 --- [nio-8080-exec-1] s.w.s.m.m.a.RequestMappingHandlerMapping : Mapped to com.robms.controller.TableController#getAllTables()
2026-05-06T21:42:21.952+05:30 DEBUG 26528 --- [nio-8080-exec-1] org.hibernate.SQL                        : select te1_0.id,te1_0.capacity,te1_0.current_bill_amount,te1_0.name,te1_0.status from restaurant_tables te1_0
Hibernate: select te1_0.id,te1_0.capacity,te1_0.current_bill_amount,te1_0.name,te1_0.status from restaurant_tables te1_0
2026-05-06T21:42:21.952+05:30 DEBUG 26528 --- [nio-8080-exec-1] m.m.a.RequestResponseBodyMethodProcessor : Using 'application/json', given [application/json, text/plain, */*] and supported [application/json, application/*+json]
2026-05-06T21:42:21.952+05:30 DEBUG 26528 --- [nio-8080-exec-1] m.m.a.RequestResponseBodyMethodProcessor : Writing [[com.robms.model.TableEntity@4bd4ef3b, com.robms.model.TableEntity@33c5c96b, com.robms.model.TableEn (truncated)...]
2026-05-06T21:42:21.952+05:30 DEBUG 26528 --- [nio-8080-exec-1] o.s.web.servlet.DispatcherServlet        : Completed 200 OK
2026-05-06T21:42:21.960+05:30 DEBUG 26528 --- [nio-8080-exec-2] o.s.web.servlet.DispatcherServlet        : GET "/api/tables", parameters={}
2026-05-06T21:42:21.960+05:30 DEBUG 26528 --- [nio-8080-exec-2] s.w.s.m.m.a.RequestMappingHandlerMapping : Mapped to com.robms.controller.TableController#getAllTables()
2026-05-06T21:42:21.966+05:30 DEBUG 26528 --- [nio-8080-exec-2] org.hibernate.SQL                        : select te1_0.id,te1_0.capacity,te1_0.current_bill_amount,te1_0.name,te1_0.status from restaurant_tables te1_0
Hibernate: select te1_0.id,te1_0.capacity,te1_0.current_bill_amount,te1_0.name,te1_0.status from restaurant_tables te1_0
2026-05-06T21:42:21.969+05:30 DEBUG 26528 --- [nio-8080-exec-2] m.m.a.RequestResponseBodyMethodProcessor : Using 'application/json', given [application/json, text/plain, */*] and supported [application/json, application/*+json]
2026-05-06T21:42:21.969+05:30 DEBUG 26528 --- [nio-8080-exec-2] m.m.a.RequestResponseBodyMethodProcessor : Writing [[com.robms.model.TableEntity@21a78858, com.robms.model.TableEntity@4a50f2a4, com.robms.model.TableEn (truncated)...]
2026-05-06T21:42:21.969+05:30 DEBUG 26528 --- [nio-8080-exec-2] o.s.web.servlet.DispatcherServlet        : Completed 200 OK
2026-05-06T21:42:31.949+05:30 DEBUG 26528 --- [nio-8080-exec-3] o.s.web.servlet.DispatcherServlet        : GET "/api/tables", parameters={}
2026-05-06T21:42:31.972+05:30 DEBUG 26528 --- [nio-8080-exec-3] s.w.s.m.m.a.RequestMappingHandlerMapping : Mapped to com.robms.controller.TableController#getAllTables()
2026-05-06T21:42:31.979+05:30 DEBUG 26528 --- [nio-8080-exec-3] org.hibernate.SQL                        : select te1_0.id,te1_0.capacity,te1_0.current_bill_amount,te1_0.name,te1_0.status from restaurant_tables te1_0
Hibernate: select te1_0.id,te1_0.capacity,te1_0.current_bill_amount,te1_0.name,te1_0.status from restaurant_tables te1_0
2026-05-06T21:42:31.979+05:30 DEBUG 26528 --- [nio-8080-exec-3] m.m.a.RequestResponseBodyMethodProcessor : Using 'application/json', given [application/json, text/plain, */*] and supported [application/json, application/*+json]
2026-05-06T21:42:31.979+05:30 DEBUG 26528 --- [nio-8080-exec-3] m.m.a.RequestResponseBodyMethodProcessor : Writing [[com.robms.model.TableEntity@49057579, com.robms.model.TableEntity@6915a23, com.robms.model.TableEnt (truncated)...]
2026-05-06T21:42:31.979+05:30 DEBUG 26528 --- [nio-8080-exec-3] o.s.web.servlet.DispatcherServlet        : Completed 200 OK
2026-05-06T21:42:33.693+05:30 DEBUG 26528 --- [nio-8080-exec-4] o.s.web.servlet.DispatcherServlet        : GET "/api/orders/active", parameters={}
2026-05-06T21:42:33.711+05:30 DEBUG 26528 --- [nio-8080-exec-6] o.s.web.servlet.DispatcherServlet        : GET "/ws/info?t=1778083953702", parameters={masked}
2026-05-06T21:42:33.712+05:30 DEBUG 26528 --- [nio-8080-exec-4] s.w.s.m.m.a.RequestMappingHandlerMapping : Mapped to com.robms.controller.OrderController#getActiveOrders()
2026-05-06T21:42:33.712+05:30 DEBUG 26528 --- [nio-8080-exec-6] o.s.w.s.s.s.WebSocketHandlerMapping      : Mapped to org.springframework.web.socket.sockjs.support.SockJsHttpRequestHandler@2e2c9e24
2026-05-06T21:42:33.716+05:30 DEBUG 26528 --- [nio-8080-exec-4] org.hibernate.SQL                        : select o1_0.id,o1_0.order_time,o1_0.status,o1_0.table_id,o1_0.total_amount from orders o1_0 where o1_0.status not in (?,?)
Hibernate: select o1_0.id,o1_0.order_time,o1_0.status,o1_0.table_id,o1_0.total_amount from orders o1_0 where o1_0.status not in (?,?)
2026-05-06T21:42:33.717+05:30 DEBUG 26528 --- [nio-8080-exec-6] o.s.w.s.s.t.h.DefaultSockJsService       : Processing transport request: GET http://localhost:8080/ws/info?t=1778083953702
2026-05-06T21:42:33.717+05:30 DEBUG 26528 --- [nio-8080-exec-4] org.hibernate.SQL                        : select te1_0.id,te1_0.capacity,te1_0.current_bill_amount,te1_0.name,te1_0.status from restaurant_tables te1_0 where te1_0.id=?
Hibernate: select te1_0.id,te1_0.capacity,te1_0.current_bill_amount,te1_0.name,te1_0.status from restaurant_tables te1_0 where te1_0.id=?
2026-05-06T21:42:33.719+05:30 DEBUG 26528 --- [nio-8080-exec-6] o.s.web.servlet.DispatcherServlet        : Completed 200 OK
2026-05-06T21:42:33.719+05:30 DEBUG 26528 --- [nio-8080-exec-4] m.m.a.RequestResponseBodyMethodProcessor : Using 'application/json', given [application/json, text/plain, */*] and supported [application/json, application/*+json]
2026-05-06T21:42:33.719+05:30 DEBUG 26528 --- [nio-8080-exec-4] m.m.a.RequestResponseBodyMethodProcessor : Writing [[com.robms.model.Order@14991ce4]]
2026-05-06T21:42:33.719+05:30 DEBUG 26528 --- [nio-8080-exec-4] org.hibernate.SQL                        : select i1_0.order_id,i1_0.id,i1_0.menu_item_id,mi1_0.id,mi1_0.available,mi1_0.category,mi1_0.description,mi1_0.name,mi1_0.price,i1_0.price_at_order_time,i1_0.quantity,i1_0.special_instructions from order_items i1_0 left join menu_items mi1_0 on mi1_0.id=i1_0.menu_item_id where i1_0.order_id=?
Hibernate: select i1_0.order_id,i1_0.id,i1_0.menu_item_id,mi1_0.id,mi1_0.available,mi1_0.category,mi1_0.description,mi1_0.name,mi1_0.price,i1_0.price_at_order_time,i1_0.quantity,i1_0.special_instructions from order_items i1_0 left join menu_items mi1_0 on mi1_0.id=i1_0.menu_item_id where i1_0.order_id=?
2026-05-06T21:42:33.724+05:30 DEBUG 26528 --- [nio-8080-exec-5] o.s.web.servlet.DispatcherServlet        : GET "/ws/info?t=1778083953702", parameters={masked}
2026-05-06T21:42:33.724+05:30 DEBUG 26528 --- [nio-8080-exec-4] o.s.web.servlet.DispatcherServlet        : Completed 200 OK
2026-05-06T21:42:33.725+05:30 DEBUG 26528 --- [nio-8080-exec-5] o.s.w.s.s.s.WebSocketHandlerMapping      : Mapped to org.springframework.web.socket.sockjs.support.SockJsHttpRequestHandler@2e2c9e24
2026-05-06T21:42:33.726+05:30 DEBUG 26528 --- [nio-8080-exec-9] o.s.web.servlet.DispatcherServlet        : GET "/ws/703/g1ywhjqu/websocket", parameters={}
2026-05-06T21:42:33.729+05:30 DEBUG 26528 --- [nio-8080-exec-5] o.s.w.s.s.t.h.DefaultSockJsService       : Processing transport request: GET http://localhost:8080/ws/info?t=1778083953702
2026-05-06T21:42:33.729+05:30 DEBUG 26528 --- [nio-8080-exec-9] o.s.w.s.s.s.WebSocketHandlerMapping      : Mapped to org.springframework.web.socket.sockjs.support.SockJsHttpRequestHandler@2e2c9e24
2026-05-06T21:42:33.730+05:30 DEBUG 26528 --- [nio-8080-exec-5] o.s.web.servlet.DispatcherServlet        : Completed 200 OK
2026-05-06T21:42:33.731+05:30 DEBUG 26528 --- [nio-8080-exec-7] o.s.web.servlet.DispatcherServlet        : GET "/api/orders/active", parameters={}
2026-05-06T21:42:33.733+05:30 DEBUG 26528 --- [nio-8080-exec-7] s.w.s.m.m.a.RequestMappingHandlerMapping : Mapped to com.robms.controller.OrderController#getActiveOrders()
2026-05-06T21:42:33.733+05:30 DEBUG 26528 --- [nio-8080-exec-9] o.s.w.s.s.t.h.DefaultSockJsService       : Processing transport request: GET http://localhost:8080/ws/703/g1ywhjqu/websocket
2026-05-06T21:42:33.735+05:30 DEBUG 26528 --- [nio-8080-exec-7] org.hibernate.SQL                        : select o1_0.id,o1_0.order_time,o1_0.status,o1_0.table_id,o1_0.total_amount from orders o1_0 where o1_0.status not in (?,?)
Hibernate: select o1_0.id,o1_0.order_time,o1_0.status,o1_0.table_id,o1_0.total_amount from orders o1_0 where o1_0.status not in (?,?)
2026-05-06T21:42:33.737+05:30 DEBUG 26528 --- [nio-8080-exec-7] org.hibernate.SQL                        : select te1_0.id,te1_0.capacity,te1_0.current_bill_amount,te1_0.name,te1_0.status from restaurant_tables te1_0 where te1_0.id=?
Hibernate: select te1_0.id,te1_0.capacity,te1_0.current_bill_amount,te1_0.name,te1_0.status from restaurant_tables te1_0 where te1_0.id=?
2026-05-06T21:42:33.740+05:30 DEBUG 26528 --- [nio-8080-exec-7] m.m.a.RequestResponseBodyMethodProcessor : Using 'application/json', given [application/json, text/plain, */*] and supported [application/json, application/*+json]
2026-05-06T21:42:33.740+05:30 DEBUG 26528 --- [nio-8080-exec-7] m.m.a.RequestResponseBodyMethodProcessor : Writing [[com.robms.model.Order@52ff80c0]]
2026-05-06T21:42:33.741+05:30 DEBUG 26528 --- [nio-8080-exec-7] org.hibernate.SQL                        : select i1_0.order_id,i1_0.id,i1_0.menu_item_id,mi1_0.id,mi1_0.available,mi1_0.category,mi1_0.description,mi1_0.name,mi1_0.price,i1_0.price_at_order_time,i1_0.quantity,i1_0.special_instructions from order_items i1_0 left join menu_items mi1_0 on mi1_0.id=i1_0.menu_item_id where i1_0.order_id=?
Hibernate: select i1_0.order_id,i1_0.id,i1_0.menu_item_id,mi1_0.id,mi1_0.available,mi1_0.category,mi1_0.description,mi1_0.name,mi1_0.price,i1_0.price_at_order_time,i1_0.quantity,i1_0.special_instructions from order_items i1_0 left join menu_items mi1_0 on mi1_0.id=i1_0.menu_item_id where i1_0.order_id=?
2026-05-06T21:42:33.744+05:30 DEBUG 26528 --- [nio-8080-exec-7] o.s.web.servlet.DispatcherServlet        : Completed 200 OK
2026-05-06T21:42:33.774+05:30 DEBUG 26528 --- [nio-8080-exec-9] o.s.web.servlet.DispatcherServlet        : Completed 101 SWITCHING_PROTOCOLS
2026-05-06T21:42:33.791+05:30 DEBUG 26528 --- [nio-8080-exec-9] s.w.s.h.LoggingWebSocketHandlerDecorator : New WebSocketServerSockJsSession[id=g1ywhjqu]
2026-05-06T21:42:33.801+05:30 DEBUG 26528 --- [nio-8080-exec-8] o.s.web.servlet.DispatcherServlet        : GET "/ws/236/zw0lhuyf/websocket", parameters={}
2026-05-06T21:42:33.801+05:30 DEBUG 26528 --- [nio-8080-exec-8] o.s.w.s.s.s.WebSocketHandlerMapping      : Mapped to org.springframework.web.socket.sockjs.support.SockJsHttpRequestHandler@2e2c9e24
2026-05-06T21:42:33.801+05:30 DEBUG 26528 --- [nio-8080-exec-8] o.s.w.s.s.t.h.DefaultSockJsService       : Processing transport request: GET http://localhost:8080/ws/236/zw0lhuyf/websocket
2026-05-06T21:42:33.801+05:30 DEBUG 26528 --- [nio-8080-exec-8] o.s.web.servlet.DispatcherServlet        : Completed 101 SWITCHING_PROTOCOLS
2026-05-06T21:42:33.801+05:30 DEBUG 26528 --- [nio-8080-exec-8] s.w.s.h.LoggingWebSocketHandlerDecorator : New WebSocketServerSockJsSession[id=zw0lhuyf]
2026-05-06T21:42:33.824+05:30 DEBUG 26528 --- [nboundChannel-2] org.springframework.web.SimpLogging      : Processing CONNECT session=zw0lhuyf
2026-05-06T21:42:33.834+05:30 DEBUG 26528 --- [nboundChannel-5] org.springframework.web.SimpLogging      : Processing SUBSCRIBE /topic/orders id=sub-0 session=zw0lhuyf
2026-05-06T21:42:37.110+05:30 DEBUG 26528 --- [nio-8080-exec-2] o.s.web.servlet.DispatcherServlet        : PUT "/api/orders/2/status?status=preparing", parameters={masked}
2026-05-06T21:42:37.131+05:30 DEBUG 26528 --- [nio-8080-exec-2] s.w.s.m.m.a.RequestMappingHandlerMapping : Mapped to com.robms.controller.OrderController#updateOrderStatus(Long, String)
2026-05-06T21:42:37.136+05:30 DEBUG 26528 --- [nio-8080-exec-2] org.hibernate.SQL                        : select o1_0.id,o1_0.order_time,o1_0.status,o1_0.table_id,t1_0.id,t1_0.capacity,t1_0.current_bill_amount,t1_0.name,t1_0.status,o1_0.total_amount from orders o1_0 join restaurant_tables t1_0 on t1_0.id=o1_0.table_id where o1_0.id=?
Hibernate: select o1_0.id,o1_0.order_time,o1_0.status,o1_0.table_id,t1_0.id,t1_0.capacity,t1_0.current_bill_amount,t1_0.name,t1_0.status,o1_0.total_amount from orders o1_0 join restaurant_tables t1_0 on t1_0.id=o1_0.table_id where o1_0.id=?
2026-05-06T21:42:37.139+05:30 DEBUG 26528 --- [nio-8080-exec-2] org.hibernate.SQL                        : update orders set order_time=?,status=?,table_id=?,total_amount=? where id=?
Hibernate: update orders set order_time=?,status=?,table_id=?,total_amount=? where id=?
2026-05-06T21:42:37.141+05:30 DEBUG 26528 --- [nio-8080-exec-2] org.hibernate.SQL                        : select i1_0.order_id,i1_0.id,i1_0.menu_item_id,mi1_0.id,mi1_0.available,mi1_0.category,mi1_0.description,mi1_0.name,mi1_0.price,i1_0.price_at_order_time,i1_0.quantity,i1_0.special_instructions from order_items i1_0 left join menu_items mi1_0 on mi1_0.id=i1_0.menu_item_id where i1_0.order_id=?
Hibernate: select i1_0.order_id,i1_0.id,i1_0.menu_item_id,mi1_0.id,mi1_0.available,mi1_0.category,mi1_0.description,mi1_0.name,mi1_0.price,i1_0.price_at_order_time,i1_0.quantity,i1_0.special_instructions from order_items i1_0 left join menu_items mi1_0 on mi1_0.id=i1_0.menu_item_id where i1_0.order_id=?
2026-05-06T21:42:37.142+05:30 DEBUG 26528 --- [nio-8080-exec-2] org.springframework.web.SimpLogging      : Processing MESSAGE destination=/topic/orders session=null payload={"id":2,"table":{"id":1,"name":"Table 1","status":"occupied","capacity":4,"curre...(truncated)
2026-05-06T21:42:37.143+05:30 DEBUG 26528 --- [nio-8080-exec-2] org.springframework.web.SimpLogging      : Broadcasting to 1 sessions.
2026-05-06T21:42:37.144+05:30 DEBUG 26528 --- [nio-8080-exec-2] o.s.w.s.m.m.a.HttpEntityMethodProcessor  : Using 'application/json', given [application/json, text/plain, */*] and supported [application/json, application/*+json]
2026-05-06T21:42:37.144+05:30 DEBUG 26528 --- [nio-8080-exec-2] o.s.w.s.m.m.a.HttpEntityMethodProcessor  : Writing [com.robms.model.Order@621e6bea]
2026-05-06T21:42:37.148+05:30 DEBUG 26528 --- [nio-8080-exec-2] o.s.web.servlet.DispatcherServlet        : Completed 200 OK
2026-05-06T21:42:39.644+05:30 DEBUG 26528 --- [nio-8080-exec-6] o.s.web.servlet.DispatcherServlet        : PUT "/api/orders/2/status?status=ready", parameters={masked}
2026-05-06T21:42:39.663+05:30 DEBUG 26528 --- [nio-8080-exec-6] s.w.s.m.m.a.RequestMappingHandlerMapping : Mapped to com.robms.controller.OrderController#updateOrderStatus(Long, String)
2026-05-06T21:42:39.667+05:30 DEBUG 26528 --- [nio-8080-exec-6] org.hibernate.SQL                        : select o1_0.id,o1_0.order_time,o1_0.status,o1_0.table_id,t1_0.id,t1_0.capacity,t1_0.current_bill_amount,t1_0.name,t1_0.status,o1_0.total_amount from orders o1_0 join restaurant_tables t1_0 on t1_0.id=o1_0.table_id where o1_0.id=?
Hibernate: select o1_0.id,o1_0.order_time,o1_0.status,o1_0.table_id,t1_0.id,t1_0.capacity,t1_0.current_bill_amount,t1_0.name,t1_0.status,o1_0.total_amount from orders o1_0 join restaurant_tables t1_0 on t1_0.id=o1_0.table_id where o1_0.id=?
2026-05-06T21:42:39.671+05:30 DEBUG 26528 --- [nio-8080-exec-6] org.hibernate.SQL                        : update orders set order_time=?,status=?,table_id=?,total_amount=? where id=?
Hibernate: update orders set order_time=?,status=?,table_id=?,total_amount=? where id=?
2026-05-06T21:42:39.673+05:30 DEBUG 26528 --- [nio-8080-exec-6] org.hibernate.SQL                        : select i1_0.order_id,i1_0.id,i1_0.menu_item_id,mi1_0.id,mi1_0.available,mi1_0.category,mi1_0.description,mi1_0.name,mi1_0.price,i1_0.price_at_order_time,i1_0.quantity,i1_0.special_instructions from order_items i1_0 left join menu_items mi1_0 on mi1_0.id=i1_0.menu_item_id where i1_0.order_id=?
Hibernate: select i1_0.order_id,i1_0.id,i1_0.menu_item_id,mi1_0.id,mi1_0.available,mi1_0.category,mi1_0.description,mi1_0.name,mi1_0.price,i1_0.price_at_order_time,i1_0.quantity,i1_0.special_instructions from order_items i1_0 left join menu_items mi1_0 on mi1_0.id=i1_0.menu_item_id where i1_0.order_id=?
2026-05-06T21:42:39.676+05:30 DEBUG 26528 --- [nio-8080-exec-6] org.springframework.web.SimpLogging      : Processing MESSAGE destination=/topic/orders session=null payload={"id":2,"table":{"id":1,"name":"Table 1","status":"occupied","capacity":4,"curre...(truncated)
2026-05-06T21:42:39.676+05:30 DEBUG 26528 --- [nio-8080-exec-6] org.springframework.web.SimpLogging      : Broadcasting to 1 sessions.
2026-05-06T21:42:39.676+05:30 DEBUG 26528 --- [nio-8080-exec-6] o.s.w.s.m.m.a.HttpEntityMethodProcessor  : Using 'application/json', given [application/json, text/plain, */*] and supported [application/json, application/*+json]
2026-05-06T21:42:39.676+05:30 DEBUG 26528 --- [nio-8080-exec-6] o.s.w.s.m.m.a.HttpEntityMethodProcessor  : Writing [com.robms.model.Order@70563990]
2026-05-06T21:42:39.676+05:30 DEBUG 26528 --- [nio-8080-exec-6] o.s.web.servlet.DispatcherServlet        : Completed 200 OK
2026-05-06T21:42:45.303+05:30 DEBUG 26528 --- [nio-8080-exec-4] s.w.s.h.LoggingWebSocketHandlerDecorator : WebSocketServerSockJsSession[id=g1ywhjqu] closed with CloseStatus[code=1000, reason=null]
2026-05-06T21:42:45.324+05:30 DEBUG 26528 --- [nio-8080-exec-4] o.s.w.s.m.SubProtocolWebSocketHandler    : Clearing session g1ywhjqu
2026-05-06T21:42:45.303+05:30 DEBUG 26528 --- [nio-8080-exec-5] s.w.s.h.LoggingWebSocketHandlerDecorator : WebSocketServerSockJsSession[id=zw0lhuyf] closed with CloseStatus[code=1000, reason=null]
2026-05-06T21:42:45.333+05:30 DEBUG 26528 --- [nio-8080-exec-5] o.s.w.s.m.SubProtocolWebSocketHandler    : Clearing session zw0lhuyf
2026-05-06T21:42:45.451+05:30 DEBUG 26528 --- [nboundChannel-9] org.springframework.web.SimpLogging      : Processing DISCONNECT session=g1ywhjqu
2026-05-06T21:42:45.457+05:30 DEBUG 26528 --- [boundChannel-11] org.springframework.web.SimpLogging      : Processing DISCONNECT session=zw0lhuyf
2026-05-06T21:42:45.493+05:30 DEBUG 26528 --- [tboundChannel-4] o.s.w.s.m.SubProtocolWebSocketHandler    : No session for GenericMessage [payload=byte[0], headers={simpMessageType=DISCONNECT_ACK, simpDisconnectMessage=GenericMessage [payload=byte[0], headers={simpMessageType=DISCONNECT, stompCommand=DISCONNECT, simpSessionAttributes={org.springframework.messaging.simp.SimpAttributes.COMPLETED=true}, simpSessionId=g1ywhjqu}], simpSessionId=g1ywhjqu}]
2026-05-06T21:42:45.504+05:30 DEBUG 26528 --- [tboundChannel-5] o.s.w.s.m.SubProtocolWebSocketHandler    : No session for GenericMessage [payload=byte[0], headers={simpMessageType=DISCONNECT_ACK, simpDisconnectMessage=GenericMessage [payload=byte[0], headers={simpMessageType=DISCONNECT, stompCommand=DISCONNECT, simpSessionAttributes={org.springframework.messaging.simp.SimpAttributes.COMPLETED=true}, simpSessionId=zw0lhuyf}], simpSessionId=zw0lhuyf}]
2026-05-06T21:42:53.740+05:30 DEBUG 26528 --- [MessageBroker-7] o.s.w.s.s.t.h.DefaultSockJsService       : Closed 2 sessions: [zw0lhuyf, g1ywhjqu]
2026-05-06T21:42:55.144+05:30 DEBUG 26528 --- [nio-8080-exec-7] o.s.web.servlet.DispatcherServlet        : GET "/api/billing/table/1", parameters={}
2026-05-06T21:42:55.165+05:30 DEBUG 26528 --- [nio-8080-exec-7] s.w.s.m.m.a.RequestMappingHandlerMapping : Mapped to com.robms.controller.BillingController#getBillForTable(Long)
2026-05-06T21:42:55.171+05:30 DEBUG 26528 --- [nio-8080-exec-7] org.hibernate.SQL                        : select o1_0.id,o1_0.order_time,o1_0.status,o1_0.table_id,o1_0.total_amount from orders o1_0 left join restaurant_tables t1_0 on t1_0.id=o1_0.table_id where t1_0.id=? and o1_0.status<>?
Hibernate: select o1_0.id,o1_0.order_time,o1_0.status,o1_0.table_id,o1_0.total_amount from orders o1_0 left join restaurant_tables t1_0 on t1_0.id=o1_0.table_id where t1_0.id=? and o1_0.status<>?
2026-05-06T21:42:55.189+05:30 DEBUG 26528 --- [nio-8080-exec-7] org.hibernate.SQL                        : select te1_0.id,te1_0.capacity,te1_0.current_bill_amount,te1_0.name,te1_0.status from restaurant_tables te1_0 where te1_0.id=?
Hibernate: select te1_0.id,te1_0.capacity,te1_0.current_bill_amount,te1_0.name,te1_0.status from restaurant_tables te1_0 where te1_0.id=?
2026-05-06T21:42:55.191+05:30 DEBUG 26528 --- [nio-8080-exec-7] org.hibernate.SQL                        : select i1_0.order_id,i1_0.id,i1_0.menu_item_id,mi1_0.id,mi1_0.available,mi1_0.category,mi1_0.description,mi1_0.name,mi1_0.price,i1_0.price_at_order_time,i1_0.quantity,i1_0.special_instructions from order_items i1_0 left join menu_items mi1_0 on mi1_0.id=i1_0.menu_item_id where i1_0.order_id=?
Hibernate: select i1_0.order_id,i1_0.id,i1_0.menu_item_id,mi1_0.id,mi1_0.available,mi1_0.category,mi1_0.description,mi1_0.name,mi1_0.price,i1_0.price_at_order_time,i1_0.quantity,i1_0.special_instructions from order_items i1_0 left join menu_items mi1_0 on mi1_0.id=i1_0.menu_item_id where i1_0.order_id=?
2026-05-06T21:42:55.197+05:30 DEBUG 26528 --- [nio-8080-exec-7] o.s.w.s.m.m.a.HttpEntityMethodProcessor  : Using 'application/json', given [application/json, text/plain, */*] and supported [application/json, application/*+json]
2026-05-06T21:42:55.197+05:30 DEBUG 26528 --- [nio-8080-exec-7] o.s.w.s.m.m.a.HttpEntityMethodProcessor  : Writing [com.robms.controller.BillingController$1@9b45c97]
2026-05-06T21:42:55.199+05:30 DEBUG 26528 --- [nio-8080-exec-7] o.s.web.servlet.DispatcherServlet        : Completed 200 OK
2026-05-06T21:42:58.504+05:30 DEBUG 26528 --- [nio-8080-exec-9] o.s.web.servlet.DispatcherServlet        : GET "/api/tables", parameters={}
2026-05-06T21:42:58.524+05:30 DEBUG 26528 --- [nio-8080-exec-9] s.w.s.m.m.a.RequestMappingHandlerMapping : Mapped to com.robms.controller.TableController#getAllTables()
2026-05-06T21:42:58.524+05:30 DEBUG 26528 --- [nio-8080-exec-9] org.hibernate.SQL                        : select te1_0.id,te1_0.capacity,te1_0.current_bill_amount,te1_0.name,te1_0.status from restaurant_tables te1_0
Hibernate: select te1_0.id,te1_0.capacity,te1_0.current_bill_amount,te1_0.name,te1_0.status from restaurant_tables te1_0
2026-05-06T21:42:58.529+05:30 DEBUG 26528 --- [nio-8080-exec-9] m.m.a.RequestResponseBodyMethodProcessor : Using 'application/json', given [application/json, text/plain, */*] and supported [application/json, application/*+json]
2026-05-06T21:42:58.530+05:30 DEBUG 26528 --- [nio-8080-exec-9] m.m.a.RequestResponseBodyMethodProcessor : Writing [[com.robms.model.TableEntity@39e634d4, com.robms.model.TableEntity@62b0e8dc, com.robms.model.TableEn (truncated)...]
2026-05-06T21:42:58.532+05:30 DEBUG 26528 --- [nio-8080-exec-9] o.s.web.servlet.DispatcherServlet        : Completed 200 OK
2026-05-06T21:42:58.537+05:30 DEBUG 26528 --- [nio-8080-exec-8] o.s.web.servlet.DispatcherServlet        : GET "/api/tables", parameters={}
2026-05-06T21:42:58.537+05:30 DEBUG 26528 --- [nio-8080-exec-8] s.w.s.m.m.a.RequestMappingHandlerMapping : Mapped to com.robms.controller.TableController#getAllTables()
2026-05-06T21:42:58.537+05:30 DEBUG 26528 --- [nio-8080-exec-8] org.hibernate.SQL                        : select te1_0.id,te1_0.capacity,te1_0.current_bill_amount,te1_0.name,te1_0.status from restaurant_tables te1_0
Hibernate: select te1_0.id,te1_0.capacity,te1_0.current_bill_amount,te1_0.name,te1_0.status from restaurant_tables te1_0
2026-05-06T21:42:58.537+05:30 DEBUG 26528 --- [nio-8080-exec-8] m.m.a.RequestResponseBodyMethodProcessor : Using 'application/json', given [application/json, text/plain, */*] and supported [application/json, application/*+json]
2026-05-06T21:42:58.537+05:30 DEBUG 26528 --- [nio-8080-exec-8] m.m.a.RequestResponseBodyMethodProcessor : Writing [[com.robms.model.TableEntity@5102ead, com.robms.model.TableEntity@43ce1804, com.robms.model.TableEnt (truncated)...]
2026-05-06T21:42:58.537+05:30 DEBUG 26528 --- [nio-8080-exec-8] o.s.web.servlet.DispatcherServlet        : Completed 200 OK
2026-05-06T21:43:02.336+05:30 DEBUG 26528 --- [io-8080-exec-10] o.s.web.servlet.DispatcherServlet        : GET "/api/billing/table/1", parameters={}
2026-05-06T21:43:02.358+05:30 DEBUG 26528 --- [io-8080-exec-10] s.w.s.m.m.a.RequestMappingHandlerMapping : Mapped to com.robms.controller.BillingController#getBillForTable(Long)
2026-05-06T21:43:02.368+05:30 DEBUG 26528 --- [io-8080-exec-10] org.hibernate.SQL                        : select o1_0.id,o1_0.order_time,o1_0.status,o1_0.table_id,o1_0.total_amount from orders o1_0 left join restaurant_tables t1_0 on t1_0.id=o1_0.table_id where t1_0.id=? and o1_0.status<>?
Hibernate: select o1_0.id,o1_0.order_time,o1_0.status,o1_0.table_id,o1_0.total_amount from orders o1_0 left join restaurant_tables t1_0 on t1_0.id=o1_0.table_id where t1_0.id=? and o1_0.status<>?
2026-05-06T21:43:02.368+05:30 DEBUG 26528 --- [io-8080-exec-10] org.hibernate.SQL                        : select te1_0.id,te1_0.capacity,te1_0.current_bill_amount,te1_0.name,te1_0.status from restaurant_tables te1_0 where te1_0.id=?
Hibernate: select te1_0.id,te1_0.capacity,te1_0.current_bill_amount,te1_0.name,te1_0.status from restaurant_tables te1_0 where te1_0.id=?
2026-05-06T21:43:02.368+05:30 DEBUG 26528 --- [io-8080-exec-10] org.hibernate.SQL                        : select i1_0.order_id,i1_0.id,i1_0.menu_item_id,mi1_0.id,mi1_0.available,mi1_0.category,mi1_0.description,mi1_0.name,mi1_0.price,i1_0.price_at_order_time,i1_0.quantity,i1_0.special_instructions from order_items i1_0 left join menu_items mi1_0 on mi1_0.id=i1_0.menu_item_id where i1_0.order_id=?
Hibernate: select i1_0.order_id,i1_0.id,i1_0.menu_item_id,mi1_0.id,mi1_0.available,mi1_0.category,mi1_0.description,mi1_0.name,mi1_0.price,i1_0.price_at_order_time,i1_0.quantity,i1_0.special_instructions from order_items i1_0 left join menu_items mi1_0 on mi1_0.id=i1_0.menu_item_id where i1_0.order_id=?
2026-05-06T21:43:02.376+05:30 DEBUG 26528 --- [io-8080-exec-10] o.s.w.s.m.m.a.HttpEntityMethodProcessor  : Using 'application/json', given [application/json, text/plain, */*] and supported [application/json, application/*+json]
2026-05-06T21:43:02.376+05:30 DEBUG 26528 --- [io-8080-exec-10] o.s.w.s.m.m.a.HttpEntityMethodProcessor  : Writing [com.robms.controller.BillingController$1@2a3b6fa9]
2026-05-06T21:43:02.378+05:30 DEBUG 26528 --- [io-8080-exec-10] o.s.web.servlet.DispatcherServlet        : Completed 200 OK
2026-05-06T21:43:02.469+05:30 DEBUG 26528 --- [nio-8080-exec-1] o.s.web.servlet.DispatcherServlet        : GET "/api/tables", parameters={}
2026-05-06T21:43:02.469+05:30 DEBUG 26528 --- [nio-8080-exec-1] s.w.s.m.m.a.RequestMappingHandlerMapping : Mapped to com.robms.controller.TableController#getAllTables()
2026-05-06T21:43:02.475+05:30 DEBUG 26528 --- [nio-8080-exec-1] org.hibernate.SQL                        : select te1_0.id,te1_0.capacity,te1_0.current_bill_amount,te1_0.name,te1_0.status from restaurant_tables te1_0
Hibernate: select te1_0.id,te1_0.capacity,te1_0.current_bill_amount,te1_0.name,te1_0.status from restaurant_tables te1_0
2026-05-06T21:43:02.475+05:30 DEBUG 26528 --- [nio-8080-exec-1] m.m.a.RequestResponseBodyMethodProcessor : Using 'application/json', given [application/json, text/plain, */*] and supported [application/json, application/*+json]
2026-05-06T21:43:02.475+05:30 DEBUG 26528 --- [nio-8080-exec-1] m.m.a.RequestResponseBodyMethodProcessor : Writing [[com.robms.model.TableEntity@fe51aa6, com.robms.model.TableEntity@6f480a81, com.robms.model.TableEnt (truncated)...]
2026-05-06T21:43:02.481+05:30 DEBUG 26528 --- [nio-8080-exec-1] o.s.web.servlet.DispatcherServlet        : Completed 200 OK
2026-05-06T21:43:02.484+05:30 DEBUG 26528 --- [nio-8080-exec-2] o.s.web.servlet.DispatcherServlet        : GET "/api/tables", parameters={}
2026-05-06T21:43:02.485+05:30 DEBUG 26528 --- [nio-8080-exec-2] s.w.s.m.m.a.RequestMappingHandlerMapping : Mapped to com.robms.controller.TableController#getAllTables()
2026-05-06T21:43:02.485+05:30 DEBUG 26528 --- [nio-8080-exec-2] org.hibernate.SQL                        : select te1_0.id,te1_0.capacity,te1_0.current_bill_amount,te1_0.name,te1_0.status from restaurant_tables te1_0
Hibernate: select te1_0.id,te1_0.capacity,te1_0.current_bill_amount,te1_0.name,te1_0.status from restaurant_tables te1_0
2026-05-06T21:43:02.492+05:30 DEBUG 26528 --- [nio-8080-exec-2] m.m.a.RequestResponseBodyMethodProcessor : Using 'application/json', given [application/json, text/plain, */*] and supported [application/json, application/*+json]
2026-05-06T21:43:02.492+05:30 DEBUG 26528 --- [nio-8080-exec-2] m.m.a.RequestResponseBodyMethodProcessor : Writing [[com.robms.model.TableEntity@11f68a5, com.robms.model.TableEntity@5f8b1c65, com.robms.model.TableEnt (truncated)...]
2026-05-06T21:43:02.492+05:30 DEBUG 26528 --- [nio-8080-exec-2] o.s.web.servlet.DispatcherServlet        : Completed 200 OK
2026-05-06T21:43:02.497+05:30 DEBUG 26528 --- [nio-8080-exec-3] o.s.web.servlet.DispatcherServlet        : GET "/api/tables", parameters={}
2026-05-06T21:43:02.499+05:30 DEBUG 26528 --- [nio-8080-exec-3] s.w.s.m.m.a.RequestMappingHandlerMapping : Mapped to com.robms.controller.TableController#getAllTables()
2026-05-06T21:43:02.500+05:30 DEBUG 26528 --- [nio-8080-exec-3] org.hibernate.SQL                        : select te1_0.id,te1_0.capacity,te1_0.current_bill_amount,te1_0.name,te1_0.status from restaurant_tables te1_0
Hibernate: select te1_0.id,te1_0.capacity,te1_0.current_bill_amount,te1_0.name,te1_0.status from restaurant_tables te1_0
2026-05-06T21:43:02.500+05:30 DEBUG 26528 --- [nio-8080-exec-3] m.m.a.RequestResponseBodyMethodProcessor : Using 'application/json', given [application/json, text/plain, */*] and supported [application/json, application/*+json]
2026-05-06T21:43:02.500+05:30 DEBUG 26528 --- [nio-8080-exec-3] m.m.a.RequestResponseBodyMethodProcessor : Writing [[com.robms.model.TableEntity@43a73243, com.robms.model.TableEntity@7674285c, com.robms.model.TableEn (truncated)...]
2026-05-06T21:43:02.500+05:30 DEBUG 26528 --- [nio-8080-exec-3] o.s.web.servlet.DispatcherServlet        : Completed 200 OK
2026-05-06T21:43:05.079+05:30 DEBUG 26528 --- [nio-8080-exec-6] o.s.web.servlet.DispatcherServlet        : POST "/api/billing/checkout/1", parameters={}
2026-05-06T21:43:05.100+05:30 DEBUG 26528 --- [nio-8080-exec-6] s.w.s.m.m.a.RequestMappingHandlerMapping : Mapped to com.robms.controller.BillingController#checkoutTable(Long)
2026-05-06T21:43:05.100+05:30 DEBUG 26528 --- [nio-8080-exec-6] org.hibernate.SQL                        : select o1_0.id,o1_0.order_time,o1_0.status,o1_0.table_id,o1_0.total_amount from orders o1_0 left join restaurant_tables t1_0 on t1_0.id=o1_0.table_id where t1_0.id=? and o1_0.status<>?
Hibernate: select o1_0.id,o1_0.order_time,o1_0.status,o1_0.table_id,o1_0.total_amount from orders o1_0 left join restaurant_tables t1_0 on t1_0.id=o1_0.table_id where t1_0.id=? and o1_0.status<>?
2026-05-06T21:43:05.105+05:30 DEBUG 26528 --- [nio-8080-exec-6] org.hibernate.SQL                        : select te1_0.id,te1_0.capacity,te1_0.current_bill_amount,te1_0.name,te1_0.status from restaurant_tables te1_0 where te1_0.id=?
Hibernate: select te1_0.id,te1_0.capacity,te1_0.current_bill_amount,te1_0.name,te1_0.status from restaurant_tables te1_0 where te1_0.id=?
2026-05-06T21:43:05.107+05:30 DEBUG 26528 --- [nio-8080-exec-6] org.hibernate.SQL                        : update orders set order_time=?,status=?,table_id=?,total_amount=? where id=?
Hibernate: update orders set order_time=?,status=?,table_id=?,total_amount=? where id=?
2026-05-06T21:43:05.107+05:30 DEBUG 26528 --- [nio-8080-exec-6] org.hibernate.SQL                        : select i1_0.order_id,i1_0.id,i1_0.menu_item_id,mi1_0.id,mi1_0.available,mi1_0.category,mi1_0.description,mi1_0.name,mi1_0.price,i1_0.price_at_order_time,i1_0.quantity,i1_0.special_instructions from order_items i1_0 left join menu_items mi1_0 on mi1_0.id=i1_0.menu_item_id where i1_0.order_id=?
Hibernate: select i1_0.order_id,i1_0.id,i1_0.menu_item_id,mi1_0.id,mi1_0.available,mi1_0.category,mi1_0.description,mi1_0.name,mi1_0.price,i1_0.price_at_order_time,i1_0.quantity,i1_0.special_instructions from order_items i1_0 left join menu_items mi1_0 on mi1_0.id=i1_0.menu_item_id where i1_0.order_id=?
2026-05-06T21:43:05.107+05:30 DEBUG 26528 --- [nio-8080-exec-6] org.springframework.web.SimpLogging      : Processing MESSAGE destination=/topic/orders session=null payload={"id":2,"table":{"id":1,"name":"Table 1","status":"occupied","capacity":4,"curre...(truncated)
2026-05-06T21:43:05.115+05:30 DEBUG 26528 --- [nio-8080-exec-6] org.hibernate.SQL                        : update restaurant_tables set capacity=?,current_bill_amount=?,name=?,status=? where id=?
Hibernate: update restaurant_tables set capacity=?,current_bill_amount=?,name=?,status=? where id=?
2026-05-06T21:43:05.120+05:30 DEBUG 26528 --- [nio-8080-exec-6] o.s.w.s.m.m.a.HttpEntityMethodProcessor  : Using 'application/json', given [application/json, text/plain, */*] and supported [*/*]
2026-05-06T21:43:05.121+05:30 DEBUG 26528 --- [nio-8080-exec-6] o.s.web.servlet.DispatcherServlet        : Completed 200 OK
2026-05-06T21:43:10.298+05:30 DEBUG 26528 --- [nio-8080-exec-4] o.s.web.servlet.DispatcherServlet        : GET "/api/tables", parameters={}
2026-05-06T21:43:10.309+05:30 DEBUG 26528 --- [nio-8080-exec-4] s.w.s.m.m.a.RequestMappingHandlerMapping : Mapped to com.robms.controller.TableController#getAllTables()
2026-05-06T21:43:10.313+05:30 DEBUG 26528 --- [nio-8080-exec-4] org.hibernate.SQL                        : select te1_0.id,te1_0.capacity,te1_0.current_bill_amount,te1_0.name,te1_0.status from restaurant_tables te1_0
Hibernate: select te1_0.id,te1_0.capacity,te1_0.current_bill_amount,te1_0.name,te1_0.status from restaurant_tables te1_0
2026-05-06T21:43:10.314+05:30 DEBUG 26528 --- [nio-8080-exec-4] m.m.a.RequestResponseBodyMethodProcessor : Using 'application/json', given [application/json, text/plain, */*] and supported [application/json, application/*+json]
2026-05-06T21:43:10.314+05:30 DEBUG 26528 --- [nio-8080-exec-4] m.m.a.RequestResponseBodyMethodProcessor : Writing [[com.robms.model.TableEntity@3798165a, com.robms.model.TableEntity@372b7e8e, com.robms.model.TableEn (truncated)...]
2026-05-06T21:43:10.317+05:30 DEBUG 26528 --- [nio-8080-exec-4] o.s.web.servlet.DispatcherServlet        : Completed 200 OK
2026-05-06T21:43:10.318+05:30 DEBUG 26528 --- [nio-8080-exec-5] o.s.web.servlet.DispatcherServlet        : GET "/api/tables", parameters={}
2026-05-06T21:43:10.318+05:30 DEBUG 26528 --- [nio-8080-exec-5] s.w.s.m.m.a.RequestMappingHandlerMapping : Mapped to com.robms.controller.TableController#getAllTables()
2026-05-06T21:43:10.324+05:30 DEBUG 26528 --- [nio-8080-exec-5] org.hibernate.SQL                        : select te1_0.id,te1_0.capacity,te1_0.current_bill_amount,te1_0.name,te1_0.status from restaurant_tables te1_0
Hibernate: select te1_0.id,te1_0.capacity,te1_0.current_bill_amount,te1_0.name,te1_0.status from restaurant_tables te1_0
2026-05-06T21:43:10.324+05:30 DEBUG 26528 --- [nio-8080-exec-5] m.m.a.RequestResponseBodyMethodProcessor : Using 'application/json', given [application/json, text/plain, */*] and supported [application/json, application/*+json]
2026-05-06T21:43:10.324+05:30 DEBUG 26528 --- [nio-8080-exec-5] m.m.a.RequestResponseBodyMethodProcessor : Writing [[com.robms.model.TableEntity@5417bbcc, com.robms.model.TableEntity@5faec171, com.robms.model.TableEn (truncated)...]
2026-05-06T21:43:10.324+05:30 DEBUG 26528 --- [nio-8080-exec-5] o.s.web.servlet.DispatcherServlet        : Completed 200 OK
2026-05-06T21:43:20.307+05:30 DEBUG 26528 --- [nio-8080-exec-8] o.s.web.servlet.DispatcherServlet        : GET "/api/tables", parameters={}
2026-05-06T21:43:20.326+05:30 DEBUG 26528 --- [nio-8080-exec-8] s.w.s.m.m.a.RequestMappingHandlerMapping : Mapped to com.robms.controller.TableController#getAllTables()
2026-05-06T21:43:20.329+05:30 DEBUG 26528 --- [nio-8080-exec-8] org.hibernate.SQL                        : select te1_0.id,te1_0.capacity,te1_0.current_bill_amount,te1_0.name,te1_0.status from restaurant_tables te1_0
Hibernate: select te1_0.id,te1_0.capacity,te1_0.current_bill_amount,te1_0.name,te1_0.status from restaurant_tables te1_0
2026-05-06T21:43:20.334+05:30 DEBUG 26528 --- [nio-8080-exec-8] m.m.a.RequestResponseBodyMethodProcessor : Using 'application/json', given [application/json, text/plain, */*] and supported [application/json, application/*+json]
2026-05-06T21:43:20.335+05:30 DEBUG 26528 --- [nio-8080-exec-8] m.m.a.RequestResponseBodyMethodProcessor : Writing [[com.robms.model.TableEntity@61083623, com.robms.model.TableEntity@3c11407a, com.robms.model.TableEn (truncated)...]
2026-05-06T21:43:20.336+05:30 DEBUG 26528 --- [nio-8080-exec-8] o.s.web.servlet.DispatcherServlet        : Completed 200 OK
2026-05-06T21:43:21.492+05:30 DEBUG 26528 --- [io-8080-exec-10] o.s.web.servlet.DispatcherServlet        : GET "/api/tables", parameters={}
2026-05-06T21:43:21.492+05:30 DEBUG 26528 --- [io-8080-exec-10] s.w.s.m.m.a.RequestMappingHandlerMapping : Mapped to com.robms.controller.TableController#getAllTables()
2026-05-06T21:43:21.495+05:30 DEBUG 26528 --- [io-8080-exec-10] org.hibernate.SQL                        : select te1_0.id,te1_0.capacity,te1_0.current_bill_amount,te1_0.name,te1_0.status from restaurant_tables te1_0
Hibernate: select te1_0.id,te1_0.capacity,te1_0.current_bill_amount,te1_0.name,te1_0.status from restaurant_tables te1_0
2026-05-06T21:43:21.497+05:30 DEBUG 26528 --- [io-8080-exec-10] m.m.a.RequestResponseBodyMethodProcessor : Using 'application/json', given [application/json, text/plain, */*] and supported [application/json, application/*+json]
2026-05-06T21:43:21.497+05:30 DEBUG 26528 --- [io-8080-exec-10] m.m.a.RequestResponseBodyMethodProcessor : Writing [[com.robms.model.TableEntity@1031d74b, com.robms.model.TableEntity@75589eeb, com.robms.model.TableEn (truncated)...]
2026-05-06T21:43:21.499+05:30 DEBUG 26528 --- [io-8080-exec-10] o.s.web.servlet.DispatcherServlet        : Completed 200 OK
2026-05-06T21:43:22.318+05:30 DEBUG 26528 --- [nio-8080-exec-1] o.s.web.servlet.DispatcherServlet        : GET "/api/tables", parameters={}
2026-05-06T21:43:22.340+05:30 DEBUG 26528 --- [nio-8080-exec-1] s.w.s.m.m.a.RequestMappingHandlerMapping : Mapped to com.robms.controller.TableController#getAllTables()
2026-05-06T21:43:22.344+05:30 DEBUG 26528 --- [nio-8080-exec-1] org.hibernate.SQL                        : select te1_0.id,te1_0.capacity,te1_0.current_bill_amount,te1_0.name,te1_0.status from restaurant_tables te1_0
Hibernate: select te1_0.id,te1_0.capacity,te1_0.current_bill_amount,te1_0.name,te1_0.status from restaurant_tables te1_0
2026-05-06T21:43:22.347+05:30 DEBUG 26528 --- [nio-8080-exec-1] m.m.a.RequestResponseBodyMethodProcessor : Using 'application/json', given [application/json, text/plain, */*] and supported [application/json, application/*+json]
2026-05-06T21:43:22.347+05:30 DEBUG 26528 --- [nio-8080-exec-1] m.m.a.RequestResponseBodyMethodProcessor : Writing [[com.robms.model.TableEntity@7107f70, com.robms.model.TableEntity@7d81612, com.robms.model.TableEnti (truncated)...]
2026-05-06T21:43:22.347+05:30 DEBUG 26528 --- [nio-8080-exec-1] o.s.web.servlet.DispatcherServlet        : Completed 200 OK
2026-05-06T21:43:25.166+05:30 DEBUG 26528 --- [nio-8080-exec-3] o.s.web.servlet.DispatcherServlet        : GET "/api/tables", parameters={}
2026-05-06T21:43:25.166+05:30 DEBUG 26528 --- [nio-8080-exec-3] s.w.s.m.m.a.RequestMappingHandlerMapping : Mapped to com.robms.controller.TableController#getAllTables()
2026-05-06T21:43:25.169+05:30 DEBUG 26528 --- [nio-8080-exec-3] org.hibernate.SQL                        : select te1_0.id,te1_0.capacity,te1_0.current_bill_amount,te1_0.name,te1_0.status from restaurant_tables te1_0
Hibernate: select te1_0.id,te1_0.capacity,te1_0.current_bill_amount,te1_0.name,te1_0.status from restaurant_tables te1_0
2026-05-06T21:43:25.169+05:30 DEBUG 26528 --- [nio-8080-exec-3] m.m.a.RequestResponseBodyMethodProcessor : Using 'application/json', given [application/json, text/plain, */*] and supported [application/json, application/*+json]
2026-05-06T21:43:25.169+05:30 DEBUG 26528 --- [nio-8080-exec-3] m.m.a.RequestResponseBodyMethodProcessor : Writing [[com.robms.model.TableEntity@7110e3f9, com.robms.model.TableEntity@4af9ef04, com.robms.model.TableEn (truncated)...]
2026-05-06T21:43:25.169+05:30 DEBUG 26528 --- [nio-8080-exec-3] o.s.web.servlet.DispatcherServlet        : Completed 200 OK
2026-05-06T21:43:30.302+05:30 DEBUG 26528 --- [nio-8080-exec-6] o.s.web.servlet.DispatcherServlet        : GET "/api/tables", parameters={}
2026-05-06T21:43:30.321+05:30 DEBUG 26528 --- [nio-8080-exec-6] s.w.s.m.m.a.RequestMappingHandlerMapping : Mapped to com.robms.controller.TableController#getAllTables()
2026-05-06T21:43:30.321+05:30 DEBUG 26528 --- [nio-8080-exec-6] org.hibernate.SQL                        : select te1_0.id,te1_0.capacity,te1_0.current_bill_amount,te1_0.name,te1_0.status from restaurant_tables te1_0
Hibernate: select te1_0.id,te1_0.capacity,te1_0.current_bill_amount,te1_0.name,te1_0.status from restaurant_tables te1_0
2026-05-06T21:43:30.326+05:30 DEBUG 26528 --- [nio-8080-exec-6] m.m.a.RequestResponseBodyMethodProcessor : Using 'application/json', given [application/json, text/plain, */*] and supported [application/json, application/*+json]
2026-05-06T21:43:30.326+05:30 DEBUG 26528 --- [nio-8080-exec-6] m.m.a.RequestResponseBodyMethodProcessor : Writing [[com.robms.model.TableEntity@1d163224, com.robms.model.TableEntity@2ce7bfe6, com.robms.model.TableEn (truncated)...]
2026-05-06T21:43:30.328+05:30 DEBUG 26528 --- [nio-8080-exec-6] o.s.web.servlet.DispatcherServlet        : Completed 200 OK
2026-05-06T21:43:34.738+05:30 DEBUG 26528 --- [nio-8080-exec-5] o.s.web.servlet.DispatcherServlet        : GET "/api/tables", parameters={}
2026-05-06T21:43:34.763+05:30 DEBUG 26528 --- [nio-8080-exec-5] s.w.s.m.m.a.RequestMappingHandlerMapping : Mapped to com.robms.controller.TableController#getAllTables()
2026-05-06T21:43:34.836+05:30 DEBUG 26528 --- [nio-8080-exec-5] org.hibernate.SQL                        : select te1_0.id,te1_0.capacity,te1_0.current_bill_amount,te1_0.name,te1_0.status from restaurant_tables te1_0
Hibernate: select te1_0.id,te1_0.capacity,te1_0.current_bill_amount,te1_0.name,te1_0.status from restaurant_tables te1_0
2026-05-06T21:43:34.863+05:30 DEBUG 26528 --- [nio-8080-exec-5] m.m.a.RequestResponseBodyMethodProcessor : Using 'application/json', given [application/json, text/plain, */*] and supported [application/json, application/*+json]
2026-05-06T21:43:34.863+05:30 DEBUG 26528 --- [nio-8080-exec-5] m.m.a.RequestResponseBodyMethodProcessor : Writing [[com.robms.model.TableEntity@42f184fe, com.robms.model.TableEntity@2e6bb95e, com.robms.model.TableEn (truncated)...]
2026-05-06T21:43:34.867+05:30 DEBUG 26528 --- [nio-8080-exec-5] o.s.web.servlet.DispatcherServlet        : Completed 200 OK
2026-05-06T21:43:34.875+05:30 DEBUG 26528 --- [nio-8080-exec-7] o.s.web.servlet.DispatcherServlet        : GET "/api/tables", parameters={}
2026-05-06T21:43:34.876+05:30 DEBUG 26528 --- [nio-8080-exec-7] s.w.s.m.m.a.RequestMappingHandlerMapping : Mapped to com.robms.controller.TableController#getAllTables()
2026-05-06T21:43:34.878+05:30 DEBUG 26528 --- [nio-8080-exec-7] org.hibernate.SQL                        : select te1_0.id,te1_0.capacity,te1_0.current_bill_amount,te1_0.name,te1_0.status from restaurant_tables te1_0
Hibernate: select te1_0.id,te1_0.capacity,te1_0.current_bill_amount,te1_0.name,te1_0.status from restaurant_tables te1_0
2026-05-06T21:43:34.885+05:30 DEBUG 26528 --- [nio-8080-exec-7] m.m.a.RequestResponseBodyMethodProcessor : Using 'application/json', given [application/json, text/plain, */*] and supported [application/json, application/*+json]
2026-05-06T21:43:34.886+05:30 DEBUG 26528 --- [nio-8080-exec-7] m.m.a.RequestResponseBodyMethodProcessor : Writing [[com.robms.model.TableEntity@18697a36, com.robms.model.TableEntity@472aab60, com.robms.model.TableEn (truncated)...]
2026-05-06T21:43:34.888+05:30 DEBUG 26528 --- [nio-8080-exec-7] o.s.web.servlet.DispatcherServlet        : Completed 200 OK
2026-05-06T21:43:38.024+05:30 DEBUG 26528 --- [nio-8080-exec-8] o.s.web.servlet.DispatcherServlet        : GET "/api/menu/available", parameters={}
2026-05-06T21:43:38.032+05:30 DEBUG 26528 --- [io-8080-exec-10] o.s.web.servlet.DispatcherServlet        : GET "/api/tables", parameters={}
2026-05-06T21:43:38.047+05:30 DEBUG 26528 --- [nio-8080-exec-8] s.w.s.m.m.a.RequestMappingHandlerMapping : Mapped to com.robms.controller.MenuController#getAvailableMenuItems()
2026-05-06T21:43:38.047+05:30 DEBUG 26528 --- [io-8080-exec-10] s.w.s.m.m.a.RequestMappingHandlerMapping : Mapped to com.robms.controller.TableController#getAllTables()
2026-05-06T21:43:38.049+05:30 DEBUG 26528 --- [nio-8080-exec-8] org.hibernate.SQL                        : select mi1_0.id,mi1_0.available,mi1_0.category,mi1_0.description,mi1_0.name,mi1_0.price from menu_items mi1_0 where mi1_0.available
Hibernate: select mi1_0.id,mi1_0.available,mi1_0.category,mi1_0.description,mi1_0.name,mi1_0.price from menu_items mi1_0 where mi1_0.available
2026-05-06T21:43:38.049+05:30 DEBUG 26528 --- [io-8080-exec-10] org.hibernate.SQL                        : select te1_0.id,te1_0.capacity,te1_0.current_bill_amount,te1_0.name,te1_0.status from restaurant_tables te1_0
Hibernate: select te1_0.id,te1_0.capacity,te1_0.current_bill_amount,te1_0.name,te1_0.status from restaurant_tables te1_0
2026-05-06T21:43:38.049+05:30 DEBUG 26528 --- [nio-8080-exec-8] m.m.a.RequestResponseBodyMethodProcessor : Using 'application/json', given [application/json, text/plain, */*] and supported [application/json, application/*+json]
2026-05-06T21:43:38.049+05:30 DEBUG 26528 --- [io-8080-exec-10] m.m.a.RequestResponseBodyMethodProcessor : Using 'application/json', given [application/json, text/plain, */*] and supported [application/json, application/*+json]
2026-05-06T21:43:38.049+05:30 DEBUG 26528 --- [nio-8080-exec-8] m.m.a.RequestResponseBodyMethodProcessor : Writing [[com.robms.model.MenuItem@6c796f39, com.robms.model.MenuItem@42649332, com.robms.model.MenuItem@6594 (truncated)...]
2026-05-06T21:43:38.049+05:30 DEBUG 26528 --- [io-8080-exec-10] m.m.a.RequestResponseBodyMethodProcessor : Writing [[com.robms.model.TableEntity@ba9af2a, com.robms.model.TableEntity@7d0c7740, com.robms.model.TableEnt (truncated)...]
2026-05-06T21:43:38.054+05:30 DEBUG 26528 --- [io-8080-exec-10] o.s.web.servlet.DispatcherServlet        : Completed 200 OK
2026-05-06T21:43:38.054+05:30 DEBUG 26528 --- [nio-8080-exec-8] o.s.web.servlet.DispatcherServlet        : Completed 200 OK
2026-05-06T21:43:38.057+05:30 DEBUG 26528 --- [nio-8080-exec-1] o.s.web.servlet.DispatcherServlet        : GET "/api/tables", parameters={}
2026-05-06T21:43:38.057+05:30 DEBUG 26528 --- [nio-8080-exec-2] o.s.web.servlet.DispatcherServlet        : GET "/api/menu/available", parameters={}
2026-05-06T21:43:38.058+05:30 DEBUG 26528 --- [nio-8080-exec-2] s.w.s.m.m.a.RequestMappingHandlerMapping : Mapped to com.robms.controller.MenuController#getAvailableMenuItems()
2026-05-06T21:43:38.058+05:30 DEBUG 26528 --- [nio-8080-exec-1] s.w.s.m.m.a.RequestMappingHandlerMapping : Mapped to com.robms.controller.TableController#getAllTables()
2026-05-06T21:43:38.059+05:30 DEBUG 26528 --- [nio-8080-exec-2] org.hibernate.SQL                        : select mi1_0.id,mi1_0.available,mi1_0.category,mi1_0.description,mi1_0.name,mi1_0.price from menu_items mi1_0 where mi1_0.available
Hibernate: select mi1_0.id,mi1_0.available,mi1_0.category,mi1_0.description,mi1_0.name,mi1_0.price from menu_items mi1_0 where mi1_0.available
2026-05-06T21:43:38.059+05:30 DEBUG 26528 --- [nio-8080-exec-1] org.hibernate.SQL                        : select te1_0.id,te1_0.capacity,te1_0.current_bill_amount,te1_0.name,te1_0.status from restaurant_tables te1_0
Hibernate: select te1_0.id,te1_0.capacity,te1_0.current_bill_amount,te1_0.name,te1_0.status from restaurant_tables te1_0
2026-05-06T21:43:38.063+05:30 DEBUG 26528 --- [nio-8080-exec-2] m.m.a.RequestResponseBodyMethodProcessor : Using 'application/json', given [application/json, text/plain, */*] and supported [application/json, application/*+json]
2026-05-06T21:43:38.063+05:30 DEBUG 26528 --- [nio-8080-exec-1] m.m.a.RequestResponseBodyMethodProcessor : Using 'application/json', given [application/json, text/plain, */*] and supported [application/json, application/*+json]
2026-05-06T21:43:38.063+05:30 DEBUG 26528 --- [nio-8080-exec-2] m.m.a.RequestResponseBodyMethodProcessor : Writing [[com.robms.model.MenuItem@628cc1e8, com.robms.model.MenuItem@6f06cae, com.robms.model.MenuItem@61252 (truncated)...]
2026-05-06T21:43:38.063+05:30 DEBUG 26528 --- [nio-8080-exec-1] m.m.a.RequestResponseBodyMethodProcessor : Writing [[com.robms.model.TableEntity@7d2ad4f9, com.robms.model.TableEntity@3b476876, com.robms.model.TableEn (truncated)...]
2026-05-06T21:43:38.064+05:30 DEBUG 26528 --- [nio-8080-exec-2] o.s.web.servlet.DispatcherServlet        : Completed 200 OK
2026-05-06T21:43:38.064+05:30 DEBUG 26528 --- [nio-8080-exec-1] o.s.web.servlet.DispatcherServlet        : Completed 200 OK
2026-05-06T21:44:02.483+05:30 DEBUG 26528 --- [nio-8080-exec-3] o.s.web.servlet.DispatcherServlet        : GET "/api/tables", parameters={}
2026-05-06T21:44:02.507+05:30 DEBUG 26528 --- [nio-8080-exec-3] s.w.s.m.m.a.RequestMappingHandlerMapping : Mapped to com.robms.controller.TableController#getAllTables()
2026-05-06T21:44:02.507+05:30 DEBUG 26528 --- [nio-8080-exec-3] org.hibernate.SQL                        : select te1_0.id,te1_0.capacity,te1_0.current_bill_amount,te1_0.name,te1_0.status from restaurant_tables te1_0
Hibernate: select te1_0.id,te1_0.capacity,te1_0.current_bill_amount,te1_0.name,te1_0.status from restaurant_tables te1_0
2026-05-06T21:44:02.511+05:30 DEBUG 26528 --- [nio-8080-exec-3] m.m.a.RequestResponseBodyMethodProcessor : Using 'application/json', given [application/json, text/plain, */*] and supported [application/json, application/*+json]
2026-05-06T21:44:02.511+05:30 DEBUG 26528 --- [nio-8080-exec-3] m.m.a.RequestResponseBodyMethodProcessor : Writing [[com.robms.model.TableEntity@19469c7e, com.robms.model.TableEntity@35ea3277, com.robms.model.TableEn (truncated)...]
2026-05-06T21:44:02.511+05:30 DEBUG 26528 --- [nio-8080-exec-3] o.s.web.servlet.DispatcherServlet        : Completed 200 OK
2026-05-06T21:44:02.516+05:30 DEBUG 26528 --- [nio-8080-exec-6] o.s.web.servlet.DispatcherServlet        : GET "/api/tables", parameters={}
2026-05-06T21:44:02.516+05:30 DEBUG 26528 --- [nio-8080-exec-6] s.w.s.m.m.a.RequestMappingHandlerMapping : Mapped to com.robms.controller.TableController#getAllTables()
2026-05-06T21:44:02.518+05:30 DEBUG 26528 --- [nio-8080-exec-6] org.hibernate.SQL                        : select te1_0.id,te1_0.capacity,te1_0.current_bill_amount,te1_0.name,te1_0.status from restaurant_tables te1_0
Hibernate: select te1_0.id,te1_0.capacity,te1_0.current_bill_amount,te1_0.name,te1_0.status from restaurant_tables te1_0
2026-05-06T21:44:02.519+05:30 DEBUG 26528 --- [nio-8080-exec-6] m.m.a.RequestResponseBodyMethodProcessor : Using 'application/json', given [application/json, text/plain, */*] and supported [application/json, application/*+json]
2026-05-06T21:44:02.519+05:30 DEBUG 26528 --- [nio-8080-exec-6] m.m.a.RequestResponseBodyMethodProcessor : Writing [[com.robms.model.TableEntity@19f5916d, com.robms.model.TableEntity@7fd37beb, com.robms.model.TableEn (truncated)...]
2026-05-06T21:44:02.519+05:30 DEBUG 26528 --- [nio-8080-exec-6] o.s.web.servlet.DispatcherServlet        : Completed 200 OK
2026-05-06T21:44:02.522+05:30 DEBUG 26528 --- [nio-8080-exec-4] o.s.web.servlet.DispatcherServlet        : GET "/api/tables", parameters={}
2026-05-06T21:44:02.525+05:30 DEBUG 26528 --- [nio-8080-exec-4] s.w.s.m.m.a.RequestMappingHandlerMapping : Mapped to com.robms.controller.TableController#getAllTables()
2026-05-06T21:44:02.527+05:30 DEBUG 26528 --- [nio-8080-exec-4] org.hibernate.SQL                        : select te1_0.id,te1_0.capacity,te1_0.current_bill_amount,te1_0.name,te1_0.status from restaurant_tables te1_0
Hibernate: select te1_0.id,te1_0.capacity,te1_0.current_bill_amount,te1_0.name,te1_0.status from restaurant_tables te1_0
2026-05-06T21:44:02.527+05:30 DEBUG 26528 --- [nio-8080-exec-4] m.m.a.RequestResponseBodyMethodProcessor : Using 'application/json', given [application/json, text/plain, */*] and supported [application/json, application/*+json]
2026-05-06T21:44:02.530+05:30 DEBUG 26528 --- [nio-8080-exec-4] m.m.a.RequestResponseBodyMethodProcessor : Writing [[com.robms.model.TableEntity@655efa07, com.robms.model.TableEntity@7ee9330c, com.robms.model.TableEn (truncated)...]
2026-05-06T21:44:02.530+05:30 DEBUG 26528 --- [nio-8080-exec-4] o.s.web.servlet.DispatcherServlet        : Completed 200 OK
2026-05-06T21:45:02.497+05:30 DEBUG 26528 --- [nio-8080-exec-5] o.s.web.servlet.DispatcherServlet        : GET "/api/tables", parameters={}
2026-05-06T21:45:02.517+05:30 DEBUG 26528 --- [nio-8080-exec-5] s.w.s.m.m.a.RequestMappingHandlerMapping : Mapped to com.robms.controller.TableController#getAllTables()
2026-05-06T21:45:02.518+05:30 DEBUG 26528 --- [nio-8080-exec-5] org.hibernate.SQL                        : select te1_0.id,te1_0.capacity,te1_0.current_bill_amount,te1_0.name,te1_0.status from restaurant_tables te1_0
Hibernate: select te1_0.id,te1_0.capacity,te1_0.current_bill_amount,te1_0.name,te1_0.status from restaurant_tables te1_0
2026-05-06T21:45:02.518+05:30 DEBUG 26528 --- [nio-8080-exec-5] m.m.a.RequestResponseBodyMethodProcessor : Using 'application/json', given [application/json, text/plain, */*] and supported [application/json, application/*+json]
2026-05-06T21:45:02.518+05:30 DEBUG 26528 --- [nio-8080-exec-5] m.m.a.RequestResponseBodyMethodProcessor : Writing [[com.robms.model.TableEntity@2b5f21e5, com.robms.model.TableEntity@7f72e7f8, com.robms.model.TableEn (truncated)...]
2026-05-06T21:45:02.525+05:30 DEBUG 26528 --- [nio-8080-exec-5] o.s.web.servlet.DispatcherServlet        : Completed 200 OK
2026-05-06T21:45:02.529+05:30 DEBUG 26528 --- [nio-8080-exec-7] o.s.web.servlet.DispatcherServlet        : GET "/api/tables", parameters={}
2026-05-06T21:45:02.529+05:30 DEBUG 26528 --- [nio-8080-exec-7] s.w.s.m.m.a.RequestMappingHandlerMapping : Mapped to com.robms.controller.TableController#getAllTables()
2026-05-06T21:45:02.531+05:30 DEBUG 26528 --- [nio-8080-exec-7] org.hibernate.SQL                        : select te1_0.id,te1_0.capacity,te1_0.current_bill_amount,te1_0.name,te1_0.status from restaurant_tables te1_0
Hibernate: select te1_0.id,te1_0.capacity,te1_0.current_bill_amount,te1_0.name,te1_0.status from restaurant_tables te1_0
2026-05-06T21:45:02.534+05:30 DEBUG 26528 --- [nio-8080-exec-7] m.m.a.RequestResponseBodyMethodProcessor : Using 'application/json', given [application/json, text/plain, */*] and supported [application/json, application/*+json]
2026-05-06T21:45:02.534+05:30 DEBUG 26528 --- [nio-8080-exec-7] m.m.a.RequestResponseBodyMethodProcessor : Writing [[com.robms.model.TableEntity@17aa4dd6, com.robms.model.TableEntity@cd12e1f, com.robms.model.TableEnt (truncated)...]
2026-05-06T21:45:02.534+05:30 DEBUG 26528 --- [nio-8080-exec-7] o.s.web.servlet.DispatcherServlet        : Completed 200 OK
2026-05-06T21:45:02.538+05:30 DEBUG 26528 --- [io-8080-exec-10] o.s.web.servlet.DispatcherServlet        : GET "/api/tables", parameters={}
2026-05-06T21:45:02.538+05:30 DEBUG 26528 --- [io-8080-exec-10] s.w.s.m.m.a.RequestMappingHandlerMapping : Mapped to com.robms.controller.TableController#getAllTables()
2026-05-06T21:45:02.538+05:30 DEBUG 26528 --- [io-8080-exec-10] org.hibernate.SQL                        : select te1_0.id,te1_0.capacity,te1_0.current_bill_amount,te1_0.name,te1_0.status from restaurant_tables te1_0
Hibernate: select te1_0.id,te1_0.capacity,te1_0.current_bill_amount,te1_0.name,te1_0.status from restaurant_tables te1_0
2026-05-06T21:45:02.542+05:30 DEBUG 26528 --- [io-8080-exec-10] m.m.a.RequestResponseBodyMethodProcessor : Using 'application/json', given [application/json, text/plain, */*] and supported [application/json, application/*+json]
2026-05-06T21:45:02.542+05:30 DEBUG 26528 --- [io-8080-exec-10] m.m.a.RequestResponseBodyMethodProcessor : Writing [[com.robms.model.TableEntity@23bc1850, com.robms.model.TableEntity@498018bd, com.robms.model.TableEn (truncated)...]
2026-05-06T21:45:02.542+05:30 DEBUG 26528 --- [io-8080-exec-10] o.s.web.servlet.DispatcherServlet        : Completed 200 OK
2026-05-06T21:46:02.469+05:30 DEBUG 26528 --- [nio-8080-exec-8] o.s.web.servlet.DispatcherServlet        : GET "/api/tables", parameters={}
2026-05-06T21:46:02.488+05:30 DEBUG 26528 --- [nio-8080-exec-8] s.w.s.m.m.a.RequestMappingHandlerMapping : Mapped to com.robms.controller.TableController#getAllTables()
2026-05-06T21:46:02.488+05:30 DEBUG 26528 --- [nio-8080-exec-8] org.hibernate.SQL                        : select te1_0.id,te1_0.capacity,te1_0.current_bill_amount,te1_0.name,te1_0.status from restaurant_tables te1_0
Hibernate: select te1_0.id,te1_0.capacity,te1_0.current_bill_amount,te1_0.name,te1_0.status from restaurant_tables te1_0
2026-05-06T21:46:02.488+05:30 DEBUG 26528 --- [nio-8080-exec-8] m.m.a.RequestResponseBodyMethodProcessor : Using 'application/json', given [application/json, text/plain, */*] and supported [application/json, application/*+json]
2026-05-06T21:46:02.493+05:30 DEBUG 26528 --- [nio-8080-exec-8] m.m.a.RequestResponseBodyMethodProcessor : Writing [[com.robms.model.TableEntity@1400edd3, com.robms.model.TableEntity@3a4bc8de, com.robms.model.TableEn (truncated)...]
2026-05-06T21:46:02.493+05:30 DEBUG 26528 --- [nio-8080-exec-8] o.s.web.servlet.DispatcherServlet        : Completed 200 OK
2026-05-06T21:46:02.496+05:30 DEBUG 26528 --- [nio-8080-exec-2] o.s.web.servlet.DispatcherServlet        : GET "/api/tables", parameters={}
2026-05-06T21:46:02.496+05:30 DEBUG 26528 --- [nio-8080-exec-2] s.w.s.m.m.a.RequestMappingHandlerMapping : Mapped to com.robms.controller.TableController#getAllTables()
2026-05-06T21:46:02.496+05:30 DEBUG 26528 --- [nio-8080-exec-2] org.hibernate.SQL                        : select te1_0.id,te1_0.capacity,te1_0.current_bill_amount,te1_0.name,te1_0.status from restaurant_tables te1_0
Hibernate: select te1_0.id,te1_0.capacity,te1_0.current_bill_amount,te1_0.name,te1_0.status from restaurant_tables te1_0
2026-05-06T21:46:02.496+05:30 DEBUG 26528 --- [nio-8080-exec-2] m.m.a.RequestResponseBodyMethodProcessor : Using 'application/json', given [application/json, text/plain, */*] and supported [application/json, application/*+json]
2026-05-06T21:46:02.496+05:30 DEBUG 26528 --- [nio-8080-exec-2] m.m.a.RequestResponseBodyMethodProcessor : Writing [[com.robms.model.TableEntity@125ad4fc, com.robms.model.TableEntity@2c847acd, com.robms.model.TableEn (truncated)...]
2026-05-06T21:46:02.499+05:30 DEBUG 26528 --- [nio-8080-exec-2] o.s.web.servlet.DispatcherServlet        : Completed 200 OK
2026-05-06T21:46:02.501+05:30 DEBUG 26528 --- [nio-8080-exec-1] o.s.web.servlet.DispatcherServlet        : GET "/api/tables", parameters={}
2026-05-06T21:46:02.501+05:30 DEBUG 26528 --- [nio-8080-exec-1] s.w.s.m.m.a.RequestMappingHandlerMapping : Mapped to com.robms.controller.TableController#getAllTables()
2026-05-06T21:46:02.502+05:30 DEBUG 26528 --- [nio-8080-exec-1] org.hibernate.SQL                        : select te1_0.id,te1_0.capacity,te1_0.current_bill_amount,te1_0.name,te1_0.status from restaurant_tables te1_0
Hibernate: select te1_0.id,te1_0.capacity,te1_0.current_bill_amount,te1_0.name,te1_0.status from restaurant_tables te1_0
2026-05-06T21:46:02.502+05:30 DEBUG 26528 --- [nio-8080-exec-1] m.m.a.RequestResponseBodyMethodProcessor : Using 'application/json', given [application/json, text/plain, */*] and supported [application/json, application/*+json]
2026-05-06T21:46:02.502+05:30 DEBUG 26528 --- [nio-8080-exec-1] m.m.a.RequestResponseBodyMethodProcessor : Writing [[com.robms.model.TableEntity@1417fe53, com.robms.model.TableEntity@3cac255d, com.robms.model.TableEn (truncated)...]
2026-05-06T21:46:02.502+05:30 DEBUG 26528 --- [nio-8080-exec-1] o.s.web.servlet.DispatcherServlet        : Completed 200 OK
2026-05-06T21:46:38.847+05:30 DEBUG 26528 --- [nio-8080-exec-6] o.s.web.servlet.DispatcherServlet        : GET "/api/tables", parameters={}
2026-05-06T21:46:38.866+05:30 DEBUG 26528 --- [nio-8080-exec-6] s.w.s.m.m.a.RequestMappingHandlerMapping : Mapped to com.robms.controller.TableController#getAllTables()
2026-05-06T21:46:38.851+05:30 DEBUG 26528 --- [nio-8080-exec-4] o.s.web.servlet.DispatcherServlet        : GET "/api/orders/active", parameters={}
2026-05-06T21:46:38.858+05:30 DEBUG 26528 --- [nio-8080-exec-9] o.s.web.servlet.DispatcherServlet        : GET "/ws/info?t=1778084198854", parameters={masked}
2026-05-06T21:46:38.859+05:30 DEBUG 26528 --- [nio-8080-exec-5] o.s.web.servlet.DispatcherServlet        : GET "/ws/info?t=1778084198855", parameters={masked}
2026-05-06T21:46:38.869+05:30 DEBUG 26528 --- [nio-8080-exec-4] s.w.s.m.m.a.RequestMappingHandlerMapping : Mapped to com.robms.controller.OrderController#getActiveOrders()
2026-05-06T21:46:38.869+05:30 DEBUG 26528 --- [nio-8080-exec-9] o.s.w.s.s.s.WebSocketHandlerMapping      : Mapped to org.springframework.web.socket.sockjs.support.SockJsHttpRequestHandler@2e2c9e24
2026-05-06T21:46:38.869+05:30 DEBUG 26528 --- [nio-8080-exec-5] o.s.w.s.s.s.WebSocketHandlerMapping      : Mapped to org.springframework.web.socket.sockjs.support.SockJsHttpRequestHandler@2e2c9e24
2026-05-06T21:46:38.869+05:30 DEBUG 26528 --- [nio-8080-exec-9] o.s.w.s.s.t.h.DefaultSockJsService       : Processing transport request: GET http://localhost:8080/ws/info?t=1778084198854
2026-05-06T21:46:38.869+05:30 DEBUG 26528 --- [nio-8080-exec-6] org.hibernate.SQL                        : select te1_0.id,te1_0.capacity,te1_0.current_bill_amount,te1_0.name,te1_0.status from restaurant_tables te1_0
Hibernate: select te1_0.id,te1_0.capacity,te1_0.current_bill_amount,te1_0.name,te1_0.status from restaurant_tables te1_0
2026-05-06T21:46:38.869+05:30 DEBUG 26528 --- [nio-8080-exec-5] o.s.w.s.s.t.h.DefaultSockJsService       : Processing transport request: GET http://localhost:8080/ws/info?t=1778084198855
2026-05-06T21:46:38.872+05:30 DEBUG 26528 --- [nio-8080-exec-4] org.hibernate.SQL                        : select o1_0.id,o1_0.order_time,o1_0.status,o1_0.table_id,o1_0.total_amount from orders o1_0 where o1_0.status not in (?,?)
2026-05-06T21:46:38.872+05:30 DEBUG 26528 --- [nio-8080-exec-9] o.s.web.servlet.DispatcherServlet        : Completed 200 OK
2026-05-06T21:46:38.873+05:30 DEBUG 26528 --- [nio-8080-exec-5] o.s.web.servlet.DispatcherServlet        : Completed 200 OK
Hibernate: select o1_0.id,o1_0.order_time,o1_0.status,o1_0.table_id,o1_0.total_amount from orders o1_0 where o1_0.status not in (?,?)
2026-05-06T21:46:38.873+05:30 DEBUG 26528 --- [nio-8080-exec-6] m.m.a.RequestResponseBodyMethodProcessor : Using 'application/json', given [application/json, text/plain, */*] and supported [application/json, application/*+json]
2026-05-06T21:46:38.874+05:30 DEBUG 26528 --- [nio-8080-exec-6] m.m.a.RequestResponseBodyMethodProcessor : Writing [[com.robms.model.TableEntity@6b16f061, com.robms.model.TableEntity@19904538, com.robms.model.TableEn (truncated)...]
2026-05-06T21:46:38.874+05:30 DEBUG 26528 --- [nio-8080-exec-4] m.m.a.RequestResponseBodyMethodProcessor : Using 'application/json', given [application/json, text/plain, */*] and supported [application/json, application/*+json]
2026-05-06T21:46:38.874+05:30 DEBUG 26528 --- [nio-8080-exec-6] o.s.web.servlet.DispatcherServlet        : Completed 200 OK
2026-05-06T21:46:38.874+05:30 DEBUG 26528 --- [nio-8080-exec-4] m.m.a.RequestResponseBodyMethodProcessor : Writing [[]]
2026-05-06T21:46:38.874+05:30 DEBUG 26528 --- [nio-8080-exec-4] o.s.web.servlet.DispatcherServlet        : Completed 200 OK
2026-05-06T21:46:38.874+05:30 DEBUG 26528 --- [io-8080-exec-10] o.s.web.servlet.DispatcherServlet        : GET "/api/orders/active", parameters={}
2026-05-06T21:46:38.874+05:30 DEBUG 26528 --- [nio-8080-exec-7] o.s.web.servlet.DispatcherServlet        : GET "/api/tables", parameters={}
2026-05-06T21:46:38.878+05:30 DEBUG 26528 --- [io-8080-exec-10] s.w.s.m.m.a.RequestMappingHandlerMapping : Mapped to com.robms.controller.OrderController#getActiveOrders()
2026-05-06T21:46:38.878+05:30 DEBUG 26528 --- [nio-8080-exec-7] s.w.s.m.m.a.RequestMappingHandlerMapping : Mapped to com.robms.controller.TableController#getAllTables()
2026-05-06T21:46:38.880+05:30 DEBUG 26528 --- [nio-8080-exec-8] o.s.web.servlet.DispatcherServlet        : GET "/ws/835/eforzvdj/websocket", parameters={}
2026-05-06T21:46:38.880+05:30 DEBUG 26528 --- [nio-8080-exec-7] org.hibernate.SQL                        : select te1_0.id,te1_0.capacity,te1_0.current_bill_amount,te1_0.name,te1_0.status from restaurant_tables te1_0
2026-05-06T21:46:38.880+05:30 DEBUG 26528 --- [io-8080-exec-10] org.hibernate.SQL                        : select o1_0.id,o1_0.order_time,o1_0.status,o1_0.table_id,o1_0.total_amount from orders o1_0 where o1_0.status not in (?,?)
Hibernate: select o1_0.id,o1_0.order_time,o1_0.status,o1_0.table_id,o1_0.total_amount from orders o1_0 where o1_0.status not in (?,?)
Hibernate: select te1_0.id,te1_0.capacity,te1_0.current_bill_amount,te1_0.name,te1_0.status from restaurant_tables te1_0
2026-05-06T21:46:38.880+05:30 DEBUG 26528 --- [nio-8080-exec-8] o.s.w.s.s.s.WebSocketHandlerMapping      : Mapped to org.springframework.web.socket.sockjs.support.SockJsHttpRequestHandler@2e2c9e24
2026-05-06T21:46:38.882+05:30 DEBUG 26528 --- [nio-8080-exec-8] o.s.w.s.s.t.h.DefaultSockJsService       : Processing transport request: GET http://localhost:8080/ws/835/eforzvdj/websocket
2026-05-06T21:46:38.882+05:30 DEBUG 26528 --- [io-8080-exec-10] m.m.a.RequestResponseBodyMethodProcessor : Using 'application/json', given [application/json, text/plain, */*] and supported [application/json, application/*+json]
2026-05-06T21:46:38.882+05:30 DEBUG 26528 --- [nio-8080-exec-7] m.m.a.RequestResponseBodyMethodProcessor : Using 'application/json', given [application/json, text/plain, */*] and supported [application/json, application/*+json]
2026-05-06T21:46:38.882+05:30 DEBUG 26528 --- [io-8080-exec-10] m.m.a.RequestResponseBodyMethodProcessor : Writing [[]]
2026-05-06T21:46:38.882+05:30 DEBUG 26528 --- [nio-8080-exec-8] o.s.web.servlet.DispatcherServlet        : Completed 101 SWITCHING_PROTOCOLS
2026-05-06T21:46:38.882+05:30 DEBUG 26528 --- [nio-8080-exec-7] m.m.a.RequestResponseBodyMethodProcessor : Writing [[com.robms.model.TableEntity@2ccf04d8, com.robms.model.TableEntity@24c705a7, com.robms.model.TableEn (truncated)...]
2026-05-06T21:46:38.884+05:30 DEBUG 26528 --- [io-8080-exec-10] o.s.web.servlet.DispatcherServlet        : Completed 200 OK
2026-05-06T21:46:38.884+05:30 DEBUG 26528 --- [nio-8080-exec-7] o.s.web.servlet.DispatcherServlet        : Completed 200 OK
2026-05-06T21:46:38.884+05:30 DEBUG 26528 --- [nio-8080-exec-8] s.w.s.h.LoggingWebSocketHandlerDecorator : New WebSocketServerSockJsSession[id=eforzvdj]
2026-05-06T21:46:38.889+05:30 DEBUG 26528 --- [nio-8080-exec-2] o.s.web.servlet.DispatcherServlet        : GET "/api/tables", parameters={}
2026-05-06T21:46:38.889+05:30 DEBUG 26528 --- [nio-8080-exec-2] s.w.s.m.m.a.RequestMappingHandlerMapping : Mapped to com.robms.controller.TableController#getAllTables()
2026-05-06T21:46:38.889+05:30 DEBUG 26528 --- [nio-8080-exec-2] org.hibernate.SQL                        : select te1_0.id,te1_0.capacity,te1_0.current_bill_amount,te1_0.name,te1_0.status from restaurant_tables te1_0
Hibernate: select te1_0.id,te1_0.capacity,te1_0.current_bill_amount,te1_0.name,te1_0.status from restaurant_tables te1_0
2026-05-06T21:46:38.889+05:30 DEBUG 26528 --- [nio-8080-exec-2] m.m.a.RequestResponseBodyMethodProcessor : Using 'application/json', given [application/json, text/plain, */*] and supported [application/json, application/*+json]
2026-05-06T21:46:38.889+05:30 DEBUG 26528 --- [nio-8080-exec-2] m.m.a.RequestResponseBodyMethodProcessor : Writing [[com.robms.model.TableEntity@3886e838, com.robms.model.TableEntity@36182303, com.robms.model.TableEn (truncated)...]
2026-05-06T21:46:38.897+05:30 DEBUG 26528 --- [nio-8080-exec-2] o.s.web.servlet.DispatcherServlet        : Completed 200 OK
2026-05-06T21:46:38.897+05:30 DEBUG 26528 --- [nio-8080-exec-1] o.s.web.servlet.DispatcherServlet        : GET "/api/tables", parameters={}
2026-05-06T21:46:38.897+05:30 DEBUG 26528 --- [nio-8080-exec-3] o.s.web.servlet.DispatcherServlet        : GET "/ws/380/ox1mberk/websocket", parameters={}
2026-05-06T21:46:38.897+05:30 DEBUG 26528 --- [nio-8080-exec-1] s.w.s.m.m.a.RequestMappingHandlerMapping : Mapped to com.robms.controller.TableController#getAllTables()
2026-05-06T21:46:38.897+05:30 DEBUG 26528 --- [nio-8080-exec-3] o.s.w.s.s.s.WebSocketHandlerMapping      : Mapped to org.springframework.web.socket.sockjs.support.SockJsHttpRequestHandler@2e2c9e24
2026-05-06T21:46:38.900+05:30 DEBUG 26528 --- [nio-8080-exec-3] o.s.w.s.s.t.h.DefaultSockJsService       : Processing transport request: GET http://localhost:8080/ws/380/ox1mberk/websocket
2026-05-06T21:46:38.900+05:30 DEBUG 26528 --- [nio-8080-exec-3] o.s.web.servlet.DispatcherServlet        : Completed 101 SWITCHING_PROTOCOLS
2026-05-06T21:46:38.900+05:30 DEBUG 26528 --- [nio-8080-exec-1] org.hibernate.SQL                        : select te1_0.id,te1_0.capacity,te1_0.current_bill_amount,te1_0.name,te1_0.status from restaurant_tables te1_0
Hibernate: select te1_0.id,te1_0.capacity,te1_0.current_bill_amount,te1_0.name,te1_0.status from restaurant_tables te1_0
2026-05-06T21:46:38.900+05:30 DEBUG 26528 --- [nio-8080-exec-3] s.w.s.h.LoggingWebSocketHandlerDecorator : New WebSocketServerSockJsSession[id=ox1mberk]
2026-05-06T21:46:38.900+05:30 DEBUG 26528 --- [nio-8080-exec-1] m.m.a.RequestResponseBodyMethodProcessor : Using 'application/json', given [application/json, text/plain, */*] and supported [application/json, application/*+json]
2026-05-06T21:46:38.900+05:30 DEBUG 26528 --- [nio-8080-exec-1] m.m.a.RequestResponseBodyMethodProcessor : Writing [[com.robms.model.TableEntity@3823190a, com.robms.model.TableEntity@34414ef3, com.robms.model.TableEn (truncated)...]
2026-05-06T21:46:38.900+05:30 DEBUG 26528 --- [nio-8080-exec-1] o.s.web.servlet.DispatcherServlet        : Completed 200 OK
2026-05-06T21:46:38.906+05:30 DEBUG 26528 --- [nio-8080-exec-5] o.s.web.servlet.DispatcherServlet        : GET "/api/tables", parameters={}
2026-05-06T21:46:38.906+05:30 DEBUG 26528 --- [boundChannel-14] org.springframework.web.SimpLogging      : Processing CONNECT session=ox1mberk
2026-05-06T21:46:38.906+05:30 DEBUG 26528 --- [nio-8080-exec-5] s.w.s.m.m.a.RequestMappingHandlerMapping : Mapped to com.robms.controller.TableController#getAllTables()
2026-05-06T21:46:38.906+05:30 DEBUG 26528 --- [nio-8080-exec-5] org.hibernate.SQL                        : select te1_0.id,te1_0.capacity,te1_0.current_bill_amount,te1_0.name,te1_0.status from restaurant_tables te1_0
Hibernate: select te1_0.id,te1_0.capacity,te1_0.current_bill_amount,te1_0.name,te1_0.status from restaurant_tables te1_0
2026-05-06T21:46:38.914+05:30 DEBUG 26528 --- [boundChannel-17] org.springframework.web.SimpLogging      : Processing SUBSCRIBE /topic/orders id=sub-0 session=ox1mberk
2026-05-06T21:46:38.914+05:30 DEBUG 26528 --- [nio-8080-exec-5] m.m.a.RequestResponseBodyMethodProcessor : Using 'application/json', given [application/json, text/plain, */*] and supported [application/json, application/*+json]
2026-05-06T21:46:38.914+05:30 DEBUG 26528 --- [nio-8080-exec-5] m.m.a.RequestResponseBodyMethodProcessor : Writing [[com.robms.model.TableEntity@2d672d3e, com.robms.model.TableEntity@220e60ab, com.robms.model.TableEn (truncated)...]
2026-05-06T21:46:38.914+05:30 DEBUG 26528 --- [nio-8080-exec-5] o.s.web.servlet.DispatcherServlet        : Completed 200 OK
2026-05-06T21:46:38.914+05:30 DEBUG 26528 --- [nio-8080-exec-4] o.s.web.servlet.DispatcherServlet        : GET "/api/tables", parameters={}
2026-05-06T21:46:38.919+05:30 DEBUG 26528 --- [nio-8080-exec-4] s.w.s.m.m.a.RequestMappingHandlerMapping : Mapped to com.robms.controller.TableController#getAllTables()
2026-05-06T21:46:38.919+05:30 DEBUG 26528 --- [nio-8080-exec-4] org.hibernate.SQL                        : select te1_0.id,te1_0.capacity,te1_0.current_bill_amount,te1_0.name,te1_0.status from restaurant_tables te1_0
Hibernate: select te1_0.id,te1_0.capacity,te1_0.current_bill_amount,te1_0.name,te1_0.status from restaurant_tables te1_0
2026-05-06T21:46:38.922+05:30 DEBUG 26528 --- [nio-8080-exec-4] m.m.a.RequestResponseBodyMethodProcessor : Using 'application/json', given [application/json, text/plain, */*] and supported [application/json, application/*+json]
2026-05-06T21:46:38.922+05:30 DEBUG 26528 --- [nio-8080-exec-4] m.m.a.RequestResponseBodyMethodProcessor : Writing [[com.robms.model.TableEntity@3b7b1e55, com.robms.model.TableEntity@2025fde6, com.robms.model.TableEn (truncated)...]
2026-05-06T21:46:38.922+05:30 DEBUG 26528 --- [nio-8080-exec-4] o.s.web.servlet.DispatcherServlet        : Completed 200 OK
2026-05-06T21:46:39.036+05:30 DEBUG 26528 --- [io-8080-exec-10] o.s.web.servlet.DispatcherServlet        : GET "/api/menu/available", parameters={}
2026-05-06T21:46:39.038+05:30 DEBUG 26528 --- [nio-8080-exec-7] o.s.web.servlet.DispatcherServlet        : GET "/api/tables", parameters={}
2026-05-06T21:46:39.038+05:30 DEBUG 26528 --- [io-8080-exec-10] s.w.s.m.m.a.RequestMappingHandlerMapping : Mapped to com.robms.controller.MenuController#getAvailableMenuItems()
2026-05-06T21:46:39.038+05:30 DEBUG 26528 --- [nio-8080-exec-7] s.w.s.m.m.a.RequestMappingHandlerMapping : Mapped to com.robms.controller.TableController#getAllTables()
2026-05-06T21:46:39.040+05:30 DEBUG 26528 --- [io-8080-exec-10] org.hibernate.SQL                        : select mi1_0.id,mi1_0.available,mi1_0.category,mi1_0.description,mi1_0.name,mi1_0.price from menu_items mi1_0 where mi1_0.available
2026-05-06T21:46:39.040+05:30 DEBUG 26528 --- [nio-8080-exec-7] org.hibernate.SQL                        : select te1_0.id,te1_0.capacity,te1_0.current_bill_amount,te1_0.name,te1_0.status from restaurant_tables te1_0
Hibernate: select te1_0.id,te1_0.capacity,te1_0.current_bill_amount,te1_0.name,te1_0.status from restaurant_tables te1_0
Hibernate: select mi1_0.id,mi1_0.available,mi1_0.category,mi1_0.description,mi1_0.name,mi1_0.price from menu_items mi1_0 where mi1_0.available
2026-05-06T21:46:39.041+05:30 DEBUG 26528 --- [io-8080-exec-10] m.m.a.RequestResponseBodyMethodProcessor : Using 'application/json', given [application/json, text/plain, */*] and supported [application/json, application/*+json]
2026-05-06T21:46:39.041+05:30 DEBUG 26528 --- [nio-8080-exec-7] m.m.a.RequestResponseBodyMethodProcessor : Using 'application/json', given [application/json, text/plain, */*] and supported [application/json, application/*+json]
2026-05-06T21:46:39.041+05:30 DEBUG 26528 --- [io-8080-exec-10] m.m.a.RequestResponseBodyMethodProcessor : Writing [[com.robms.model.MenuItem@3e4af6db, com.robms.model.MenuItem@66d7eee3, com.robms.model.MenuItem@55de (truncated)...]
2026-05-06T21:46:39.041+05:30 DEBUG 26528 --- [nio-8080-exec-7] m.m.a.RequestResponseBodyMethodProcessor : Writing [[com.robms.model.TableEntity@25eb146, com.robms.model.TableEntity@161727c1, com.robms.model.TableEnt (truncated)...]
2026-05-06T21:46:39.041+05:30 DEBUG 26528 --- [io-8080-exec-10] o.s.web.servlet.DispatcherServlet        : Completed 200 OK
2026-05-06T21:46:39.041+05:30 DEBUG 26528 --- [nio-8080-exec-7] o.s.web.servlet.DispatcherServlet        : Completed 200 OK
2026-05-06T21:46:39.041+05:30 DEBUG 26528 --- [io-8080-exec-10] o.s.web.servlet.DispatcherServlet        : GET "/api/tables", parameters={}
2026-05-06T21:46:39.041+05:30 DEBUG 26528 --- [io-8080-exec-10] s.w.s.m.m.a.RequestMappingHandlerMapping : Mapped to com.robms.controller.TableController#getAllTables()
2026-05-06T21:46:39.041+05:30 DEBUG 26528 --- [nio-8080-exec-2] o.s.web.servlet.DispatcherServlet        : GET "/api/menu/available", parameters={}
2026-05-06T21:46:39.041+05:30 DEBUG 26528 --- [nio-8080-exec-2] s.w.s.m.m.a.RequestMappingHandlerMapping : Mapped to com.robms.controller.MenuController#getAvailableMenuItems()
2026-05-06T21:46:39.046+05:30 DEBUG 26528 --- [nio-8080-exec-2] org.hibernate.SQL                        : select mi1_0.id,mi1_0.available,mi1_0.category,mi1_0.description,mi1_0.name,mi1_0.price from menu_items mi1_0 where mi1_0.available
Hibernate: select mi1_0.id,mi1_0.available,mi1_0.category,mi1_0.description,mi1_0.name,mi1_0.price from menu_items mi1_0 where mi1_0.available
2026-05-06T21:46:39.046+05:30 DEBUG 26528 --- [io-8080-exec-10] org.hibernate.SQL                        : select te1_0.id,te1_0.capacity,te1_0.current_bill_amount,te1_0.name,te1_0.status from restaurant_tables te1_0
Hibernate: select te1_0.id,te1_0.capacity,te1_0.current_bill_amount,te1_0.name,te1_0.status from restaurant_tables te1_0
2026-05-06T21:46:39.048+05:30 DEBUG 26528 --- [nio-8080-exec-2] m.m.a.RequestResponseBodyMethodProcessor : Using 'application/json', given [application/json, text/plain, */*] and supported [application/json, application/*+json]
2026-05-06T21:46:39.048+05:30 DEBUG 26528 --- [nio-8080-exec-2] m.m.a.RequestResponseBodyMethodProcessor : Writing [[com.robms.model.MenuItem@6a7ff972, com.robms.model.MenuItem@4aa090e5, com.robms.model.MenuItem@6ba1 (truncated)...]
2026-05-06T21:46:39.048+05:30 DEBUG 26528 --- [io-8080-exec-10] m.m.a.RequestResponseBodyMethodProcessor : Using 'application/json', given [application/json, text/plain, */*] and supported [application/json, application/*+json]
2026-05-06T21:46:39.048+05:30 DEBUG 26528 --- [io-8080-exec-10] m.m.a.RequestResponseBodyMethodProcessor : Writing [[com.robms.model.TableEntity@822e6a9, com.robms.model.TableEntity@5f93a6f9, com.robms.model.TableEnt (truncated)...]
2026-05-06T21:46:39.049+05:30 DEBUG 26528 --- [nio-8080-exec-2] o.s.web.servlet.DispatcherServlet        : Completed 200 OK
2026-05-06T21:46:39.050+05:30 DEBUG 26528 --- [io-8080-exec-10] o.s.web.servlet.DispatcherServlet        : Completed 200 OK
2026-05-06T21:46:41.849+05:30 DEBUG 26528 --- [boundChannel-20] org.springframework.web.SimpLogging      : Processing DISCONNECT receipt=close-1 session=ox1mberk
2026-05-06T21:46:41.852+05:30 DEBUG 26528 --- [nio-8080-exec-1] o.s.web.servlet.DispatcherServlet        : GET "/api/orders/active", parameters={}
2026-05-06T21:46:41.854+05:30 DEBUG 26528 --- [nio-8080-exec-1] s.w.s.m.m.a.RequestMappingHandlerMapping : Mapped to com.robms.controller.OrderController#getActiveOrders()
2026-05-06T21:46:41.854+05:30 DEBUG 26528 --- [nio-8080-exec-9] s.w.s.h.LoggingWebSocketHandlerDecorator : WebSocketServerSockJsSession[id=ox1mberk] closed with CloseStatus[code=1000, reason=null]
2026-05-06T21:46:41.854+05:30 DEBUG 26528 --- [nio-8080-exec-9] o.s.w.s.m.SubProtocolWebSocketHandler    : Clearing session ox1mberk
2026-05-06T21:46:41.855+05:30 DEBUG 26528 --- [boundChannel-23] org.springframework.web.SimpLogging      : Processing DISCONNECT session=ox1mberk
2026-05-06T21:46:41.855+05:30 DEBUG 26528 --- [nio-8080-exec-1] org.hibernate.SQL                        : select o1_0.id,o1_0.order_time,o1_0.status,o1_0.table_id,o1_0.total_amount from orders o1_0 where o1_0.status not in (?,?)
Hibernate: select o1_0.id,o1_0.order_time,o1_0.status,o1_0.table_id,o1_0.total_amount from orders o1_0 where o1_0.status not in (?,?)
2026-05-06T21:46:41.856+05:30 DEBUG 26528 --- [tboundChannel-8] o.s.w.s.m.SubProtocolWebSocketHandler    : No session for GenericMessage [payload=byte[0], headers={simpMessageType=DISCONNECT_ACK, simpDisconnectMessage=GenericMessage [payload=byte[0], headers={simpMessageType=DISCONNECT, stompCommand=DISCONNECT, simpSessionAttributes={org.springframework.messaging.simp.SimpAttributes.COMPLETED=true}, simpSessionId=ox1mberk}], simpSessionId=ox1mberk}]
2026-05-06T21:46:41.857+05:30 DEBUG 26528 --- [nio-8080-exec-1] m.m.a.RequestResponseBodyMethodProcessor : Using 'application/json', given [application/json, text/plain, */*] and supported [application/json, application/*+json]
2026-05-06T21:46:41.858+05:30 DEBUG 26528 --- [nio-8080-exec-1] m.m.a.RequestResponseBodyMethodProcessor : Writing [[]]
2026-05-06T21:46:41.858+05:30 DEBUG 26528 --- [nio-8080-exec-6] o.s.web.servlet.DispatcherServlet        : GET "/ws/info?t=1778084201855", parameters={masked}
2026-05-06T21:46:41.858+05:30 DEBUG 26528 --- [nio-8080-exec-6] o.s.w.s.s.s.WebSocketHandlerMapping      : Mapped to org.springframework.web.socket.sockjs.support.SockJsHttpRequestHandler@2e2c9e24
2026-05-06T21:46:41.859+05:30 DEBUG 26528 --- [nio-8080-exec-1] o.s.web.servlet.DispatcherServlet        : Completed 200 OK
2026-05-06T21:46:41.859+05:30 DEBUG 26528 --- [nio-8080-exec-6] o.s.w.s.s.t.h.DefaultSockJsService       : Processing transport request: GET http://localhost:8080/ws/info?t=1778084201855
2026-05-06T21:46:41.859+05:30 DEBUG 26528 --- [nio-8080-exec-5] o.s.web.servlet.DispatcherServlet        : GET "/ws/info?t=1778084201856", parameters={masked}
2026-05-06T21:46:41.859+05:30 DEBUG 26528 --- [nio-8080-exec-6] o.s.web.servlet.DispatcherServlet        : Completed 200 OK
2026-05-06T21:46:41.859+05:30 DEBUG 26528 --- [nio-8080-exec-5] o.s.w.s.s.s.WebSocketHandlerMapping      : Mapped to org.springframework.web.socket.sockjs.support.SockJsHttpRequestHandler@2e2c9e24
2026-05-06T21:46:41.859+05:30 DEBUG 26528 --- [nio-8080-exec-4] o.s.web.servlet.DispatcherServlet        : GET "/api/orders/active", parameters={}
2026-05-06T21:46:41.859+05:30 DEBUG 26528 --- [nio-8080-exec-5] o.s.w.s.s.t.h.DefaultSockJsService       : Processing transport request: GET http://localhost:8080/ws/info?t=1778084201856
2026-05-06T21:46:41.860+05:30 DEBUG 26528 --- [nio-8080-exec-4] s.w.s.m.m.a.RequestMappingHandlerMapping : Mapped to com.robms.controller.OrderController#getActiveOrders()
2026-05-06T21:46:41.861+05:30 DEBUG 26528 --- [nio-8080-exec-5] o.s.web.servlet.DispatcherServlet        : Completed 200 OK
2026-05-06T21:46:41.862+05:30 DEBUG 26528 --- [nio-8080-exec-4] org.hibernate.SQL                        : select o1_0.id,o1_0.order_time,o1_0.status,o1_0.table_id,o1_0.total_amount from orders o1_0 where o1_0.status not in (?,?)
Hibernate: select o1_0.id,o1_0.order_time,o1_0.status,o1_0.table_id,o1_0.total_amount from orders o1_0 where o1_0.status not in (?,?)
2026-05-06T21:46:41.863+05:30 DEBUG 26528 --- [nio-8080-exec-4] m.m.a.RequestResponseBodyMethodProcessor : Using 'application/json', given [application/json, text/plain, */*] and supported [application/json, application/*+json]
2026-05-06T21:46:41.864+05:30 DEBUG 26528 --- [nio-8080-exec-4] m.m.a.RequestResponseBodyMethodProcessor : Writing [[]]
2026-05-06T21:46:41.864+05:30 DEBUG 26528 --- [nio-8080-exec-8] o.s.web.servlet.DispatcherServlet        : GET "/ws/732/voncuehm/websocket", parameters={}
2026-05-06T21:46:41.864+05:30 DEBUG 26528 --- [nio-8080-exec-8] o.s.w.s.s.s.WebSocketHandlerMapping      : Mapped to org.springframework.web.socket.sockjs.support.SockJsHttpRequestHandler@2e2c9e24
2026-05-06T21:46:41.865+05:30 DEBUG 26528 --- [nio-8080-exec-4] o.s.web.servlet.DispatcherServlet        : Completed 200 OK
2026-05-06T21:46:41.865+05:30 DEBUG 26528 --- [nio-8080-exec-8] o.s.w.s.s.t.h.DefaultSockJsService       : Processing transport request: GET http://localhost:8080/ws/732/voncuehm/websocket
2026-05-06T21:46:41.867+05:30 DEBUG 26528 --- [nio-8080-exec-8] o.s.web.servlet.DispatcherServlet        : Completed 101 SWITCHING_PROTOCOLS
2026-05-06T21:46:41.868+05:30 DEBUG 26528 --- [nio-8080-exec-8] s.w.s.h.LoggingWebSocketHandlerDecorator : New WebSocketServerSockJsSession[id=voncuehm]
2026-05-06T21:46:41.889+05:30 DEBUG 26528 --- [nio-8080-exec-7] o.s.web.servlet.DispatcherServlet        : GET "/ws/508/sdha4a1j/websocket", parameters={}
2026-05-06T21:46:41.890+05:30 DEBUG 26528 --- [nio-8080-exec-7] o.s.w.s.s.s.WebSocketHandlerMapping      : Mapped to org.springframework.web.socket.sockjs.support.SockJsHttpRequestHandler@2e2c9e24
2026-05-06T21:46:41.890+05:30 DEBUG 26528 --- [nio-8080-exec-7] o.s.w.s.s.t.h.DefaultSockJsService       : Processing transport request: GET http://localhost:8080/ws/508/sdha4a1j/websocket
2026-05-06T21:46:41.892+05:30 DEBUG 26528 --- [nio-8080-exec-7] o.s.web.servlet.DispatcherServlet        : Completed 101 SWITCHING_PROTOCOLS
2026-05-06T21:46:41.893+05:30 DEBUG 26528 --- [nio-8080-exec-7] s.w.s.h.LoggingWebSocketHandlerDecorator : New WebSocketServerSockJsSession[id=sdha4a1j]
2026-05-06T21:46:41.908+05:30 DEBUG 26528 --- [boundChannel-26] org.springframework.web.SimpLogging      : Processing CONNECT session=sdha4a1j
2026-05-06T21:46:41.912+05:30 DEBUG 26528 --- [boundChannel-29] org.springframework.web.SimpLogging      : Processing SUBSCRIBE /topic/orders id=sub-0 session=sdha4a1j
2026-05-06T21:46:42.013+05:30 DEBUG 26528 --- [nio-8080-exec-3] o.s.web.servlet.DispatcherServlet        : GET "/api/tables", parameters={}
2026-05-06T21:46:42.014+05:30 DEBUG 26528 --- [nio-8080-exec-3] s.w.s.m.m.a.RequestMappingHandlerMapping : Mapped to com.robms.controller.TableController#getAllTables()
2026-05-06T21:46:42.015+05:30 DEBUG 26528 --- [nio-8080-exec-3] org.hibernate.SQL                        : select te1_0.id,te1_0.capacity,te1_0.current_bill_amount,te1_0.name,te1_0.status from restaurant_tables te1_0
Hibernate: select te1_0.id,te1_0.capacity,te1_0.current_bill_amount,te1_0.name,te1_0.status from restaurant_tables te1_0
2026-05-06T21:46:42.018+05:30 DEBUG 26528 --- [nio-8080-exec-3] m.m.a.RequestResponseBodyMethodProcessor : Using 'application/json', given [application/json, text/plain, */*] and supported [application/json, application/*+json]
2026-05-06T21:46:42.018+05:30 DEBUG 26528 --- [nio-8080-exec-3] m.m.a.RequestResponseBodyMethodProcessor : Writing [[com.robms.model.TableEntity@468f4877, com.robms.model.TableEntity@255e94af, com.robms.model.TableEn (truncated)...]
2026-05-06T21:46:42.019+05:30 DEBUG 26528 --- [nio-8080-exec-3] o.s.web.servlet.DispatcherServlet        : Completed 200 OK
2026-05-06T21:46:42.021+05:30 DEBUG 26528 --- [nio-8080-exec-9] o.s.web.servlet.DispatcherServlet        : GET "/api/tables", parameters={}
2026-05-06T21:46:42.022+05:30 DEBUG 26528 --- [nio-8080-exec-9] s.w.s.m.m.a.RequestMappingHandlerMapping : Mapped to com.robms.controller.TableController#getAllTables()
2026-05-06T21:46:42.023+05:30 DEBUG 26528 --- [nio-8080-exec-9] org.hibernate.SQL                        : select te1_0.id,te1_0.capacity,te1_0.current_bill_amount,te1_0.name,te1_0.status from restaurant_tables te1_0
Hibernate: select te1_0.id,te1_0.capacity,te1_0.current_bill_amount,te1_0.name,te1_0.status from restaurant_tables te1_0
2026-05-06T21:46:42.024+05:30 DEBUG 26528 --- [nio-8080-exec-9] m.m.a.RequestResponseBodyMethodProcessor : Using 'application/json', given [application/json, text/plain, */*] and supported [application/json, application/*+json]
2026-05-06T21:46:42.025+05:30 DEBUG 26528 --- [nio-8080-exec-9] m.m.a.RequestResponseBodyMethodProcessor : Writing [[com.robms.model.TableEntity@57f84754, com.robms.model.TableEntity@457ed081, com.robms.model.TableEn (truncated)...]
2026-05-06T21:46:42.025+05:30 DEBUG 26528 --- [nio-8080-exec-9] o.s.web.servlet.DispatcherServlet        : Completed 200 OK
2026-05-06T21:46:42.030+05:30 DEBUG 26528 --- [nio-8080-exec-1] o.s.web.servlet.DispatcherServlet        : GET "/api/tables", parameters={}
2026-05-06T21:46:42.031+05:30 DEBUG 26528 --- [nio-8080-exec-1] s.w.s.m.m.a.RequestMappingHandlerMapping : Mapped to com.robms.controller.TableController#getAllTables()
2026-05-06T21:46:42.032+05:30 DEBUG 26528 --- [nio-8080-exec-1] org.hibernate.SQL                        : select te1_0.id,te1_0.capacity,te1_0.current_bill_amount,te1_0.name,te1_0.status from restaurant_tables te1_0
Hibernate: select te1_0.id,te1_0.capacity,te1_0.current_bill_amount,te1_0.name,te1_0.status from restaurant_tables te1_0
2026-05-06T21:46:42.034+05:30 DEBUG 26528 --- [nio-8080-exec-1] m.m.a.RequestResponseBodyMethodProcessor : Using 'application/json', given [application/json, text/plain, */*] and supported [application/json, application/*+json]
2026-05-06T21:46:42.035+05:30 DEBUG 26528 --- [nio-8080-exec-1] m.m.a.RequestResponseBodyMethodProcessor : Writing [[com.robms.model.TableEntity@3a7c84b1, com.robms.model.TableEntity@3c3c5279, com.robms.model.TableEn (truncated)...]
2026-05-06T21:46:42.036+05:30 DEBUG 26528 --- [nio-8080-exec-1] o.s.web.servlet.DispatcherServlet        : Completed 200 OK
2026-05-06T21:46:42.037+05:30 DEBUG 26528 --- [nio-8080-exec-6] o.s.web.servlet.DispatcherServlet        : GET "/api/tables", parameters={}
2026-05-06T21:46:42.038+05:30 DEBUG 26528 --- [nio-8080-exec-6] s.w.s.m.m.a.RequestMappingHandlerMapping : Mapped to com.robms.controller.TableController#getAllTables()
2026-05-06T21:46:42.039+05:30 DEBUG 26528 --- [nio-8080-exec-6] org.hibernate.SQL                        : select te1_0.id,te1_0.capacity,te1_0.current_bill_amount,te1_0.name,te1_0.status from restaurant_tables te1_0
Hibernate: select te1_0.id,te1_0.capacity,te1_0.current_bill_amount,te1_0.name,te1_0.status from restaurant_tables te1_0
2026-05-06T21:46:42.040+05:30 DEBUG 26528 --- [nio-8080-exec-6] m.m.a.RequestResponseBodyMethodProcessor : Using 'application/json', given [application/json, text/plain, */*] and supported [application/json, application/*+json]
2026-05-06T21:46:42.040+05:30 DEBUG 26528 --- [nio-8080-exec-6] m.m.a.RequestResponseBodyMethodProcessor : Writing [[com.robms.model.TableEntity@12f99f9d, com.robms.model.TableEntity@57a6866, com.robms.model.TableEnt (truncated)...]
2026-05-06T21:46:42.042+05:30 DEBUG 26528 --- [nio-8080-exec-6] o.s.web.servlet.DispatcherServlet        : Completed 200 OK
2026-05-06T21:46:42.589+05:30 DEBUG 26528 --- [nio-8080-exec-5] o.s.web.servlet.DispatcherServlet        : GET "/api/tables", parameters={}
2026-05-06T21:46:42.589+05:30 DEBUG 26528 --- [nio-8080-exec-5] s.w.s.m.m.a.RequestMappingHandlerMapping : Mapped to com.robms.controller.TableController#getAllTables()
2026-05-06T21:46:42.591+05:30 DEBUG 26528 --- [nio-8080-exec-5] org.hibernate.SQL                        : select te1_0.id,te1_0.capacity,te1_0.current_bill_amount,te1_0.name,te1_0.status from restaurant_tables te1_0
Hibernate: select te1_0.id,te1_0.capacity,te1_0.current_bill_amount,te1_0.name,te1_0.status from restaurant_tables te1_0
2026-05-06T21:46:42.592+05:30 DEBUG 26528 --- [nio-8080-exec-5] m.m.a.RequestResponseBodyMethodProcessor : Using 'application/json', given [application/json, text/plain, */*] and supported [application/json, application/*+json]
2026-05-06T21:46:42.593+05:30 DEBUG 26528 --- [nio-8080-exec-5] m.m.a.RequestResponseBodyMethodProcessor : Writing [[com.robms.model.TableEntity@4f71def5, com.robms.model.TableEntity@47a885e9, com.robms.model.TableEn (truncated)...]
2026-05-06T21:46:42.594+05:30 DEBUG 26528 --- [nio-8080-exec-5] o.s.web.servlet.DispatcherServlet        : Completed 200 OK
2026-05-06T21:46:42.596+05:30 DEBUG 26528 --- [nio-8080-exec-4] o.s.web.servlet.DispatcherServlet        : GET "/api/tables", parameters={}
2026-05-06T21:46:42.596+05:30 DEBUG 26528 --- [nio-8080-exec-4] s.w.s.m.m.a.RequestMappingHandlerMapping : Mapped to com.robms.controller.TableController#getAllTables()
2026-05-06T21:46:42.597+05:30 DEBUG 26528 --- [nio-8080-exec-4] org.hibernate.SQL                        : select te1_0.id,te1_0.capacity,te1_0.current_bill_amount,te1_0.name,te1_0.status from restaurant_tables te1_0
Hibernate: select te1_0.id,te1_0.capacity,te1_0.current_bill_amount,te1_0.name,te1_0.status from restaurant_tables te1_0
2026-05-06T21:46:42.599+05:30 DEBUG 26528 --- [nio-8080-exec-4] m.m.a.RequestResponseBodyMethodProcessor : Using 'application/json', given [application/json, text/plain, */*] and supported [application/json, application/*+json]
2026-05-06T21:46:42.599+05:30 DEBUG 26528 --- [nio-8080-exec-4] m.m.a.RequestResponseBodyMethodProcessor : Writing [[com.robms.model.TableEntity@3f4e36b8, com.robms.model.TableEntity@4626a128, com.robms.model.TableEn (truncated)...]
2026-05-06T21:46:42.600+05:30 DEBUG 26528 --- [nio-8080-exec-4] o.s.web.servlet.DispatcherServlet        : Completed 200 OK
2026-05-06T21:46:42.678+05:30 DEBUG 26528 --- [nio-8080-exec-8] o.s.web.servlet.DispatcherServlet        : GET "/api/menu/available", parameters={}
2026-05-06T21:46:42.678+05:30 DEBUG 26528 --- [nio-8080-exec-8] s.w.s.m.m.a.RequestMappingHandlerMapping : Mapped to com.robms.controller.MenuController#getAvailableMenuItems()
2026-05-06T21:46:42.678+05:30 DEBUG 26528 --- [nio-8080-exec-7] o.s.web.servlet.DispatcherServlet        : GET "/api/tables", parameters={}
2026-05-06T21:46:42.679+05:30 DEBUG 26528 --- [nio-8080-exec-7] s.w.s.m.m.a.RequestMappingHandlerMapping : Mapped to com.robms.controller.TableController#getAllTables()
2026-05-06T21:46:42.680+05:30 DEBUG 26528 --- [nio-8080-exec-8] org.hibernate.SQL                        : select mi1_0.id,mi1_0.available,mi1_0.category,mi1_0.description,mi1_0.name,mi1_0.price from menu_items mi1_0 where mi1_0.available
2026-05-06T21:46:42.680+05:30 DEBUG 26528 --- [nio-8080-exec-7] org.hibernate.SQL                        : select te1_0.id,te1_0.capacity,te1_0.current_bill_amount,te1_0.name,te1_0.status from restaurant_tables te1_0
Hibernate: select te1_0.id,te1_0.capacity,te1_0.current_bill_amount,te1_0.name,te1_0.status from restaurant_tables te1_0
Hibernate: select mi1_0.id,mi1_0.available,mi1_0.category,mi1_0.description,mi1_0.name,mi1_0.price from menu_items mi1_0 where mi1_0.available
2026-05-06T21:46:42.682+05:30 DEBUG 26528 --- [nio-8080-exec-7] m.m.a.RequestResponseBodyMethodProcessor : Using 'application/json', given [application/json, text/plain, */*] and supported [application/json, application/*+json]
2026-05-06T21:46:42.684+05:30 DEBUG 26528 --- [nio-8080-exec-7] m.m.a.RequestResponseBodyMethodProcessor : Writing [[com.robms.model.TableEntity@519660a2, com.robms.model.TableEntity@743d2986, com.robms.model.TableEn (truncated)...]
2026-05-06T21:46:42.683+05:30 DEBUG 26528 --- [nio-8080-exec-8] m.m.a.RequestResponseBodyMethodProcessor : Using 'application/json', given [application/json, text/plain, */*] and supported [application/json, application/*+json]
2026-05-06T21:46:42.684+05:30 DEBUG 26528 --- [nio-8080-exec-8] m.m.a.RequestResponseBodyMethodProcessor : Writing [[com.robms.model.MenuItem@1b8d9573, com.robms.model.MenuItem@4153f86b, com.robms.model.MenuItem@47d9 (truncated)...]
2026-05-06T21:46:42.684+05:30 DEBUG 26528 --- [nio-8080-exec-7] o.s.web.servlet.DispatcherServlet        : Completed 200 OK
2026-05-06T21:46:42.684+05:30 DEBUG 26528 --- [nio-8080-exec-8] o.s.web.servlet.DispatcherServlet        : Completed 200 OK
2026-05-06T21:46:42.692+05:30 DEBUG 26528 --- [nio-8080-exec-2] o.s.web.servlet.DispatcherServlet        : GET "/api/menu/available", parameters={}
2026-05-06T21:46:42.692+05:30 DEBUG 26528 --- [nio-8080-exec-2] s.w.s.m.m.a.RequestMappingHandlerMapping : Mapped to com.robms.controller.MenuController#getAvailableMenuItems()
2026-05-06T21:46:42.692+05:30 DEBUG 26528 --- [io-8080-exec-10] o.s.web.servlet.DispatcherServlet        : GET "/api/tables", parameters={}
2026-05-06T21:46:42.693+05:30 DEBUG 26528 --- [io-8080-exec-10] s.w.s.m.m.a.RequestMappingHandlerMapping : Mapped to com.robms.controller.TableController#getAllTables()
2026-05-06T21:46:42.694+05:30 DEBUG 26528 --- [nio-8080-exec-2] org.hibernate.SQL                        : select mi1_0.id,mi1_0.available,mi1_0.category,mi1_0.description,mi1_0.name,mi1_0.price from menu_items mi1_0 where mi1_0.available
Hibernate: select mi1_0.id,mi1_0.available,mi1_0.category,mi1_0.description,mi1_0.name,mi1_0.price from menu_items mi1_0 where mi1_0.available
2026-05-06T21:46:42.695+05:30 DEBUG 26528 --- [io-8080-exec-10] org.hibernate.SQL                        : select te1_0.id,te1_0.capacity,te1_0.current_bill_amount,te1_0.name,te1_0.status from restaurant_tables te1_0
Hibernate: select te1_0.id,te1_0.capacity,te1_0.current_bill_amount,te1_0.name,te1_0.status from restaurant_tables te1_0
2026-05-06T21:46:42.695+05:30 DEBUG 26528 --- [nio-8080-exec-2] m.m.a.RequestResponseBodyMethodProcessor : Using 'application/json', given [application/json, text/plain, */*] and supported [application/json, application/*+json]
2026-05-06T21:46:42.695+05:30 DEBUG 26528 --- [nio-8080-exec-2] m.m.a.RequestResponseBodyMethodProcessor : Writing [[com.robms.model.MenuItem@4cbbbea3, com.robms.model.MenuItem@45f199b2, com.robms.model.MenuItem@6eda (truncated)...]
2026-05-06T21:46:42.696+05:30 DEBUG 26528 --- [io-8080-exec-10] m.m.a.RequestResponseBodyMethodProcessor : Using 'application/json', given [application/json, text/plain, */*] and supported [application/json, application/*+json]
2026-05-06T21:46:42.696+05:30 DEBUG 26528 --- [io-8080-exec-10] m.m.a.RequestResponseBodyMethodProcessor : Writing [[com.robms.model.TableEntity@7a35a045, com.robms.model.TableEntity@40c08f3c, com.robms.model.TableEn (truncated)...]
2026-05-06T21:46:42.696+05:30 DEBUG 26528 --- [nio-8080-exec-2] o.s.web.servlet.DispatcherServlet        : Completed 200 OK
2026-05-06T21:46:42.697+05:30 DEBUG 26528 --- [io-8080-exec-10] o.s.web.servlet.DispatcherServlet        : Completed 200 OK
2026-05-06T21:46:48.738+05:30 DEBUG 26528 --- [MessageBroker-2] o.s.w.s.s.t.h.DefaultSockJsService       : Closed 1 sessions: [ox1mberk]
2026-05-06T21:46:52.461+05:30 DEBUG 26528 --- [nio-8080-exec-3] o.s.web.servlet.DispatcherServlet        : GET "/api/tables", parameters={}
2026-05-06T21:46:52.480+05:30 DEBUG 26528 --- [nio-8080-exec-3] s.w.s.m.m.a.RequestMappingHandlerMapping : Mapped to com.robms.controller.TableController#getAllTables()
2026-05-06T21:46:52.483+05:30 DEBUG 26528 --- [nio-8080-exec-3] org.hibernate.SQL                        : select te1_0.id,te1_0.capacity,te1_0.current_bill_amount,te1_0.name,te1_0.status from restaurant_tables te1_0
Hibernate: select te1_0.id,te1_0.capacity,te1_0.current_bill_amount,te1_0.name,te1_0.status from restaurant_tables te1_0
2026-05-06T21:46:52.484+05:30 DEBUG 26528 --- [nio-8080-exec-3] m.m.a.RequestResponseBodyMethodProcessor : Using 'application/json', given [application/json, text/plain, */*] and supported [application/json, application/*+json]
2026-05-06T21:46:52.484+05:30 DEBUG 26528 --- [nio-8080-exec-3] m.m.a.RequestResponseBodyMethodProcessor : Writing [[com.robms.model.TableEntity@eb70410, com.robms.model.TableEntity@27844eaa, com.robms.model.TableEnt (truncated)...]
2026-05-06T21:46:52.486+05:30 DEBUG 26528 --- [nio-8080-exec-3] o.s.web.servlet.DispatcherServlet        : Completed 200 OK
2026-05-06T21:46:52.488+05:30 DEBUG 26528 --- [nio-8080-exec-9] o.s.web.servlet.DispatcherServlet        : GET "/api/tables", parameters={}
2026-05-06T21:46:52.488+05:30 DEBUG 26528 --- [nio-8080-exec-9] s.w.s.m.m.a.RequestMappingHandlerMapping : Mapped to com.robms.controller.TableController#getAllTables()
2026-05-06T21:46:52.488+05:30 DEBUG 26528 --- [nio-8080-exec-9] org.hibernate.SQL                        : select te1_0.id,te1_0.capacity,te1_0.current_bill_amount,te1_0.name,te1_0.status from restaurant_tables te1_0
Hibernate: select te1_0.id,te1_0.capacity,te1_0.current_bill_amount,te1_0.name,te1_0.status from restaurant_tables te1_0
2026-05-06T21:46:52.488+05:30 DEBUG 26528 --- [nio-8080-exec-9] m.m.a.RequestResponseBodyMethodProcessor : Using 'application/json', given [application/json, text/plain, */*] and supported [application/json, application/*+json]
2026-05-06T21:46:52.488+05:30 DEBUG 26528 --- [nio-8080-exec-9] m.m.a.RequestResponseBodyMethodProcessor : Writing [[com.robms.model.TableEntity@5ef6a981, com.robms.model.TableEntity@50f75c17, com.robms.model.TableEn (truncated)...]
2026-05-06T21:46:52.488+05:30 DEBUG 26528 --- [nio-8080-exec-9] o.s.web.servlet.DispatcherServlet        : Completed 200 OK
2026-05-06T21:46:53.470+05:30 DEBUG 26528 --- [nio-8080-exec-1] o.s.web.servlet.DispatcherServlet        : GET "/api/tables", parameters={}
2026-05-06T21:46:53.482+05:30 DEBUG 26528 --- [nio-8080-exec-1] s.w.s.m.m.a.RequestMappingHandlerMapping : Mapped to com.robms.controller.TableController#getAllTables()
2026-05-06T21:46:53.484+05:30 DEBUG 26528 --- [nio-8080-exec-1] org.hibernate.SQL                        : select te1_0.id,te1_0.capacity,te1_0.current_bill_amount,te1_0.name,te1_0.status from restaurant_tables te1_0
Hibernate: select te1_0.id,te1_0.capacity,te1_0.current_bill_amount,te1_0.name,te1_0.status from restaurant_tables te1_0
2026-05-06T21:46:53.486+05:30 DEBUG 26528 --- [nio-8080-exec-1] m.m.a.RequestResponseBodyMethodProcessor : Using 'application/json', given [application/json, text/plain, */*] and supported [application/json, application/*+json]
2026-05-06T21:46:53.487+05:30 DEBUG 26528 --- [nio-8080-exec-1] m.m.a.RequestResponseBodyMethodProcessor : Writing [[com.robms.model.TableEntity@1254dc1b, com.robms.model.TableEntity@2b60d5f3, com.robms.model.TableEn (truncated)...]
2026-05-06T21:46:53.495+05:30 DEBUG 26528 --- [nio-8080-exec-1] o.s.web.servlet.DispatcherServlet        : Completed 200 OK
2026-05-06T21:47:02.492+05:30 DEBUG 26528 --- [nio-8080-exec-6] o.s.web.servlet.DispatcherServlet        : GET "/api/tables", parameters={}
2026-05-06T21:47:02.513+05:30 DEBUG 26528 --- [nio-8080-exec-6] s.w.s.m.m.a.RequestMappingHandlerMapping : Mapped to com.robms.controller.TableController#getAllTables()
2026-05-06T21:47:02.515+05:30 DEBUG 26528 --- [nio-8080-exec-6] org.hibernate.SQL                        : select te1_0.id,te1_0.capacity,te1_0.current_bill_amount,te1_0.name,te1_0.status from restaurant_tables te1_0
Hibernate: select te1_0.id,te1_0.capacity,te1_0.current_bill_amount,te1_0.name,te1_0.status from restaurant_tables te1_0
2026-05-06T21:47:02.515+05:30 DEBUG 26528 --- [nio-8080-exec-6] m.m.a.RequestResponseBodyMethodProcessor : Using 'application/json', given [application/json, text/plain, */*] and supported [application/json, application/*+json]
2026-05-06T21:47:02.516+05:30 DEBUG 26528 --- [nio-8080-exec-6] m.m.a.RequestResponseBodyMethodProcessor : Writing [[com.robms.model.TableEntity@73d23b08, com.robms.model.TableEntity@220999e6, com.robms.model.TableEn (truncated)...]
2026-05-06T21:47:02.516+05:30 DEBUG 26528 --- [nio-8080-exec-6] o.s.web.servlet.DispatcherServlet        : Completed 200 OK
2026-05-06T21:47:02.520+05:30 DEBUG 26528 --- [nio-8080-exec-5] o.s.web.servlet.DispatcherServlet        : GET "/api/tables", parameters={}
2026-05-06T21:47:02.520+05:30 DEBUG 26528 --- [nio-8080-exec-5] s.w.s.m.m.a.RequestMappingHandlerMapping : Mapped to com.robms.controller.TableController#getAllTables()
2026-05-06T21:47:02.520+05:30 DEBUG 26528 --- [nio-8080-exec-5] org.hibernate.SQL                        : select te1_0.id,te1_0.capacity,te1_0.current_bill_amount,te1_0.name,te1_0.status from restaurant_tables te1_0
Hibernate: select te1_0.id,te1_0.capacity,te1_0.current_bill_amount,te1_0.name,te1_0.status from restaurant_tables te1_0
2026-05-06T21:47:02.523+05:30 DEBUG 26528 --- [nio-8080-exec-5] m.m.a.RequestResponseBodyMethodProcessor : Using 'application/json', given [application/json, text/plain, */*] and supported [application/json, application/*+json]
2026-05-06T21:47:02.523+05:30 DEBUG 26528 --- [nio-8080-exec-5] m.m.a.RequestResponseBodyMethodProcessor : Writing [[com.robms.model.TableEntity@6194d38c, com.robms.model.TableEntity@4bae8eb5, com.robms.model.TableEn (truncated)...]
2026-05-06T21:47:02.524+05:30 DEBUG 26528 --- [nio-8080-exec-5] o.s.web.servlet.DispatcherServlet        : Completed 200 OK
2026-05-06T21:47:03.458+05:30 DEBUG 26528 --- [nio-8080-exec-4] o.s.web.servlet.DispatcherServlet        : GET "/api/tables", parameters={}
2026-05-06T21:47:03.477+05:30 DEBUG 26528 --- [nio-8080-exec-4] s.w.s.m.m.a.RequestMappingHandlerMapping : Mapped to com.robms.controller.TableController#getAllTables()
2026-05-06T21:47:03.481+05:30 DEBUG 26528 --- [nio-8080-exec-4] org.hibernate.SQL                        : select te1_0.id,te1_0.capacity,te1_0.current_bill_amount,te1_0.name,te1_0.status from restaurant_tables te1_0
Hibernate: select te1_0.id,te1_0.capacity,te1_0.current_bill_amount,te1_0.name,te1_0.status from restaurant_tables te1_0
2026-05-06T21:47:03.484+05:30 DEBUG 26528 --- [nio-8080-exec-4] m.m.a.RequestResponseBodyMethodProcessor : Using 'application/json', given [application/json, text/plain, */*] and supported [application/json, application/*+json]
2026-05-06T21:47:03.484+05:30 DEBUG 26528 --- [nio-8080-exec-4] m.m.a.RequestResponseBodyMethodProcessor : Writing [[com.robms.model.TableEntity@3c40c81f, com.robms.model.TableEntity@5e1d8239, com.robms.model.TableEn (truncated)...]
2026-05-06T21:47:03.485+05:30 DEBUG 26528 --- [nio-8080-exec-4] o.s.web.servlet.DispatcherServlet        : Completed 200 OK
2026-05-06T21:47:12.468+05:30 DEBUG 26528 --- [nio-8080-exec-7] o.s.web.servlet.DispatcherServlet        : GET "/api/tables", parameters={}
2026-05-06T21:47:12.495+05:30 DEBUG 26528 --- [nio-8080-exec-7] s.w.s.m.m.a.RequestMappingHandlerMapping : Mapped to com.robms.controller.TableController#getAllTables()
2026-05-06T21:47:12.497+05:30 DEBUG 26528 --- [nio-8080-exec-7] org.hibernate.SQL                        : select te1_0.id,te1_0.capacity,te1_0.current_bill_amount,te1_0.name,te1_0.status from restaurant_tables te1_0
Hibernate: select te1_0.id,te1_0.capacity,te1_0.current_bill_amount,te1_0.name,te1_0.status from restaurant_tables te1_0
2026-05-06T21:47:12.499+05:30 DEBUG 26528 --- [nio-8080-exec-7] m.m.a.RequestResponseBodyMethodProcessor : Using 'application/json', given [application/json, text/plain, */*] and supported [application/json, application/*+json]
2026-05-06T21:47:12.499+05:30 DEBUG 26528 --- [nio-8080-exec-7] m.m.a.RequestResponseBodyMethodProcessor : Writing [[com.robms.model.TableEntity@3c28ba26, com.robms.model.TableEntity@3bd9bfe9, com.robms.model.TableEn (truncated)...]
2026-05-06T21:47:12.503+05:30 DEBUG 26528 --- [nio-8080-exec-7] o.s.web.servlet.DispatcherServlet        : Completed 200 OK
2026-05-06T21:47:12.506+05:30 DEBUG 26528 --- [nio-8080-exec-8] o.s.web.servlet.DispatcherServlet        : GET "/api/tables", parameters={}
2026-05-06T21:47:12.506+05:30 DEBUG 26528 --- [nio-8080-exec-8] s.w.s.m.m.a.RequestMappingHandlerMapping : Mapped to com.robms.controller.TableController#getAllTables()
2026-05-06T21:47:12.510+05:30 DEBUG 26528 --- [nio-8080-exec-8] org.hibernate.SQL                        : select te1_0.id,te1_0.capacity,te1_0.current_bill_amount,te1_0.name,te1_0.status from restaurant_tables te1_0
Hibernate: select te1_0.id,te1_0.capacity,te1_0.current_bill_amount,te1_0.name,te1_0.status from restaurant_tables te1_0
2026-05-06T21:47:12.513+05:30 DEBUG 26528 --- [nio-8080-exec-8] m.m.a.RequestResponseBodyMethodProcessor : Using 'application/json', given [application/json, text/plain, */*] and supported [application/json, application/*+json]
2026-05-06T21:47:12.513+05:30 DEBUG 26528 --- [nio-8080-exec-8] m.m.a.RequestResponseBodyMethodProcessor : Writing [[com.robms.model.TableEntity@4df27734, com.robms.model.TableEntity@402b78ab, com.robms.model.TableEn (truncated)...]
2026-05-06T21:47:12.514+05:30 DEBUG 26528 --- [nio-8080-exec-8] o.s.web.servlet.DispatcherServlet        : Completed 200 OK
2026-05-06T21:47:13.460+05:30 DEBUG 26528 --- [nio-8080-exec-2] o.s.web.servlet.DispatcherServlet        : GET "/api/tables", parameters={}
2026-05-06T21:47:13.481+05:30 DEBUG 26528 --- [nio-8080-exec-2] s.w.s.m.m.a.RequestMappingHandlerMapping : Mapped to com.robms.controller.TableController#getAllTables()
2026-05-06T21:47:13.485+05:30 DEBUG 26528 --- [nio-8080-exec-2] org.hibernate.SQL                        : select te1_0.id,te1_0.capacity,te1_0.current_bill_amount,te1_0.name,te1_0.status from restaurant_tables te1_0
Hibernate: select te1_0.id,te1_0.capacity,te1_0.current_bill_amount,te1_0.name,te1_0.status from restaurant_tables te1_0
2026-05-06T21:47:13.489+05:30 DEBUG 26528 --- [nio-8080-exec-2] m.m.a.RequestResponseBodyMethodProcessor : Using 'application/json', given [application/json, text/plain, */*] and supported [application/json, application/*+json]
2026-05-06T21:47:13.489+05:30 DEBUG 26528 --- [nio-8080-exec-2] m.m.a.RequestResponseBodyMethodProcessor : Writing [[com.robms.model.TableEntity@725dad4e, com.robms.model.TableEntity@26560ea, com.robms.model.TableEnt (truncated)...]
2026-05-06T21:47:13.497+05:30 DEBUG 26528 --- [nio-8080-exec-2] o.s.web.servlet.DispatcherServlet        : Completed 200 OK
2026-05-06T21:47:22.499+05:30 DEBUG 26528 --- [io-8080-exec-10] o.s.web.servlet.DispatcherServlet        : GET "/api/tables", parameters={}
2026-05-06T21:47:22.519+05:30 DEBUG 26528 --- [io-8080-exec-10] s.w.s.m.m.a.RequestMappingHandlerMapping : Mapped to com.robms.controller.TableController#getAllTables()
2026-05-06T21:47:22.521+05:30 DEBUG 26528 --- [io-8080-exec-10] org.hibernate.SQL                        : select te1_0.id,te1_0.capacity,te1_0.current_bill_amount,te1_0.name,te1_0.status from restaurant_tables te1_0
Hibernate: select te1_0.id,te1_0.capacity,te1_0.current_bill_amount,te1_0.name,te1_0.status from restaurant_tables te1_0
2026-05-06T21:47:22.523+05:30 DEBUG 26528 --- [io-8080-exec-10] m.m.a.RequestResponseBodyMethodProcessor : Using 'application/json', given [application/json, text/plain, */*] and supported [application/json, application/*+json]
2026-05-06T21:47:22.523+05:30 DEBUG 26528 --- [io-8080-exec-10] m.m.a.RequestResponseBodyMethodProcessor : Writing [[com.robms.model.TableEntity@19131d43, com.robms.model.TableEntity@5020ea2a, com.robms.model.TableEn (truncated)...]
2026-05-06T21:47:22.523+05:30 DEBUG 26528 --- [io-8080-exec-10] o.s.web.servlet.DispatcherServlet        : Completed 200 OK
2026-05-06T21:47:22.525+05:30 DEBUG 26528 --- [nio-8080-exec-3] o.s.web.servlet.DispatcherServlet        : GET "/api/tables", parameters={}
2026-05-06T21:47:22.526+05:30 DEBUG 26528 --- [nio-8080-exec-3] s.w.s.m.m.a.RequestMappingHandlerMapping : Mapped to com.robms.controller.TableController#getAllTables()
2026-05-06T21:47:22.527+05:30 DEBUG 26528 --- [nio-8080-exec-3] org.hibernate.SQL                        : select te1_0.id,te1_0.capacity,te1_0.current_bill_amount,te1_0.name,te1_0.status from restaurant_tables te1_0
Hibernate: select te1_0.id,te1_0.capacity,te1_0.current_bill_amount,te1_0.name,te1_0.status from restaurant_tables te1_0
2026-05-06T21:47:22.529+05:30 DEBUG 26528 --- [nio-8080-exec-3] m.m.a.RequestResponseBodyMethodProcessor : Using 'application/json', given [application/json, text/plain, */*] and supported [application/json, application/*+json]
2026-05-06T21:47:22.529+05:30 DEBUG 26528 --- [nio-8080-exec-3] m.m.a.RequestResponseBodyMethodProcessor : Writing [[com.robms.model.TableEntity@5369362a, com.robms.model.TableEntity@6c0fc63a, com.robms.model.TableEn (truncated)...]
2026-05-06T21:47:22.529+05:30 DEBUG 26528 --- [nio-8080-exec-3] o.s.web.servlet.DispatcherServlet        : Completed 200 OK
2026-05-06T21:47:23.450+05:30 DEBUG 26528 --- [nio-8080-exec-9] o.s.web.servlet.DispatcherServlet        : GET "/api/tables", parameters={}
2026-05-06T21:47:23.471+05:30 DEBUG 26528 --- [nio-8080-exec-9] s.w.s.m.m.a.RequestMappingHandlerMapping : Mapped to com.robms.controller.TableController#getAllTables()
2026-05-06T21:47:23.473+05:30 DEBUG 26528 --- [nio-8080-exec-9] org.hibernate.SQL                        : select te1_0.id,te1_0.capacity,te1_0.current_bill_amount,te1_0.name,te1_0.status from restaurant_tables te1_0
Hibernate: select te1_0.id,te1_0.capacity,te1_0.current_bill_amount,te1_0.name,te1_0.status from restaurant_tables te1_0
2026-05-06T21:47:23.475+05:30 DEBUG 26528 --- [nio-8080-exec-9] m.m.a.RequestResponseBodyMethodProcessor : Using 'application/json', given [application/json, text/plain, */*] and supported [application/json, application/*+json]
2026-05-06T21:47:23.475+05:30 DEBUG 26528 --- [nio-8080-exec-9] m.m.a.RequestResponseBodyMethodProcessor : Writing [[com.robms.model.TableEntity@bbae932, com.robms.model.TableEntity@7dceaecb, com.robms.model.TableEnt (truncated)...]
2026-05-06T21:47:23.476+05:30 DEBUG 26528 --- [nio-8080-exec-9] o.s.web.servlet.DispatcherServlet        : Completed 200 OK
2026-05-06T21:47:32.457+05:30 DEBUG 26528 --- [nio-8080-exec-1] o.s.web.servlet.DispatcherServlet        : GET "/api/tables", parameters={}
2026-05-06T21:47:32.482+05:30 DEBUG 26528 --- [nio-8080-exec-1] s.w.s.m.m.a.RequestMappingHandlerMapping : Mapped to com.robms.controller.TableController#getAllTables()
2026-05-06T21:47:32.482+05:30 DEBUG 26528 --- [nio-8080-exec-1] org.hibernate.SQL                        : select te1_0.id,te1_0.capacity,te1_0.current_bill_amount,te1_0.name,te1_0.status from restaurant_tables te1_0
Hibernate: select te1_0.id,te1_0.capacity,te1_0.current_bill_amount,te1_0.name,te1_0.status from restaurant_tables te1_0
2026-05-06T21:47:32.482+05:30 DEBUG 26528 --- [nio-8080-exec-1] m.m.a.RequestResponseBodyMethodProcessor : Using 'application/json', given [application/json, text/plain, */*] and supported [application/json, application/*+json]
2026-05-06T21:47:32.482+05:30 DEBUG 26528 --- [nio-8080-exec-1] m.m.a.RequestResponseBodyMethodProcessor : Writing [[com.robms.model.TableEntity@48afc3c, com.robms.model.TableEntity@7b10f22, com.robms.model.TableEnti (truncated)...]
2026-05-06T21:47:32.493+05:30 DEBUG 26528 --- [nio-8080-exec-1] o.s.web.servlet.DispatcherServlet        : Completed 200 OK
2026-05-06T21:47:32.499+05:30 DEBUG 26528 --- [nio-8080-exec-6] o.s.web.servlet.DispatcherServlet        : GET "/api/tables", parameters={}
2026-05-06T21:47:32.499+05:30 DEBUG 26528 --- [nio-8080-exec-6] s.w.s.m.m.a.RequestMappingHandlerMapping : Mapped to com.robms.controller.TableController#getAllTables()
2026-05-06T21:47:32.500+05:30 DEBUG 26528 --- [nio-8080-exec-6] org.hibernate.SQL                        : select te1_0.id,te1_0.capacity,te1_0.current_bill_amount,te1_0.name,te1_0.status from restaurant_tables te1_0
Hibernate: select te1_0.id,te1_0.capacity,te1_0.current_bill_amount,te1_0.name,te1_0.status from restaurant_tables te1_0
2026-05-06T21:47:32.503+05:30 DEBUG 26528 --- [nio-8080-exec-6] m.m.a.RequestResponseBodyMethodProcessor : Using 'application/json', given [application/json, text/plain, */*] and supported [application/json, application/*+json]
2026-05-06T21:47:32.503+05:30 DEBUG 26528 --- [nio-8080-exec-6] m.m.a.RequestResponseBodyMethodProcessor : Writing [[com.robms.model.TableEntity@5be27062, com.robms.model.TableEntity@51bc170f, com.robms.model.TableEn (truncated)...]
2026-05-06T21:47:32.505+05:30 DEBUG 26528 --- [nio-8080-exec-6] o.s.web.servlet.DispatcherServlet        : Completed 200 OK
2026-05-06T21:47:33.457+05:30 DEBUG 26528 --- [nio-8080-exec-5] o.s.web.servlet.DispatcherServlet        : GET "/api/tables", parameters={}
2026-05-06T21:47:33.479+05:30 DEBUG 26528 --- [nio-8080-exec-5] s.w.s.m.m.a.RequestMappingHandlerMapping : Mapped to com.robms.controller.TableController#getAllTables()
2026-05-06T21:47:33.481+05:30 DEBUG 26528 --- [nio-8080-exec-5] org.hibernate.SQL                        : select te1_0.id,te1_0.capacity,te1_0.current_bill_amount,te1_0.name,te1_0.status from restaurant_tables te1_0
Hibernate: select te1_0.id,te1_0.capacity,te1_0.current_bill_amount,te1_0.name,te1_0.status from restaurant_tables te1_0
2026-05-06T21:47:33.481+05:30 DEBUG 26528 --- [nio-8080-exec-5] m.m.a.RequestResponseBodyMethodProcessor : Using 'application/json', given [application/json, text/plain, */*] and supported [application/json, application/*+json]
2026-05-06T21:47:33.481+05:30 DEBUG 26528 --- [nio-8080-exec-5] m.m.a.RequestResponseBodyMethodProcessor : Writing [[com.robms.model.TableEntity@123cdf2a, com.robms.model.TableEntity@4a6d9265, com.robms.model.TableEn (truncated)...]
2026-05-06T21:47:33.481+05:30 DEBUG 26528 --- [nio-8080-exec-5] o.s.web.servlet.DispatcherServlet        : Completed 200 OK
2026-05-06T21:47:42.460+05:30 DEBUG 26528 --- [nio-8080-exec-8] o.s.web.servlet.DispatcherServlet        : GET "/api/tables", parameters={}
2026-05-06T21:47:42.478+05:30 DEBUG 26528 --- [nio-8080-exec-8] s.w.s.m.m.a.RequestMappingHandlerMapping : Mapped to com.robms.controller.TableController#getAllTables()
2026-05-06T21:47:42.480+05:30 DEBUG 26528 --- [nio-8080-exec-8] org.hibernate.SQL                        : select te1_0.id,te1_0.capacity,te1_0.current_bill_amount,te1_0.name,te1_0.status from restaurant_tables te1_0
Hibernate: select te1_0.id,te1_0.capacity,te1_0.current_bill_amount,te1_0.name,te1_0.status from restaurant_tables te1_0
2026-05-06T21:47:42.480+05:30 DEBUG 26528 --- [nio-8080-exec-8] m.m.a.RequestResponseBodyMethodProcessor : Using 'application/json', given [application/json, text/plain, */*] and supported [application/json, application/*+json]
2026-05-06T21:47:42.480+05:30 DEBUG 26528 --- [nio-8080-exec-8] m.m.a.RequestResponseBodyMethodProcessor : Writing [[com.robms.model.TableEntity@331f6cba, com.robms.model.TableEntity@4d216538, com.robms.model.TableEn (truncated)...]
2026-05-06T21:47:42.480+05:30 DEBUG 26528 --- [nio-8080-exec-8] o.s.web.servlet.DispatcherServlet        : Completed 200 OK
2026-05-06T21:47:42.489+05:30 DEBUG 26528 --- [nio-8080-exec-2] o.s.web.servlet.DispatcherServlet        : GET "/api/tables", parameters={}
2026-05-06T21:47:42.489+05:30 DEBUG 26528 --- [nio-8080-exec-2] s.w.s.m.m.a.RequestMappingHandlerMapping : Mapped to com.robms.controller.TableController#getAllTables()
2026-05-06T21:47:42.489+05:30 DEBUG 26528 --- [nio-8080-exec-2] org.hibernate.SQL                        : select te1_0.id,te1_0.capacity,te1_0.current_bill_amount,te1_0.name,te1_0.status from restaurant_tables te1_0
Hibernate: select te1_0.id,te1_0.capacity,te1_0.current_bill_amount,te1_0.name,te1_0.status from restaurant_tables te1_0
2026-05-06T21:47:42.489+05:30 DEBUG 26528 --- [nio-8080-exec-2] m.m.a.RequestResponseBodyMethodProcessor : Using 'application/json', given [application/json, text/plain, */*] and supported [application/json, application/*+json]
2026-05-06T21:47:42.489+05:30 DEBUG 26528 --- [nio-8080-exec-2] m.m.a.RequestResponseBodyMethodProcessor : Writing [[com.robms.model.TableEntity@59de7aca, com.robms.model.TableEntity@42b015e3, com.robms.model.TableEn (truncated)...]
2026-05-06T21:47:42.489+05:30 DEBUG 26528 --- [nio-8080-exec-2] o.s.web.servlet.DispatcherServlet        : Completed 200 OK
2026-05-06T21:47:43.451+05:30 DEBUG 26528 --- [io-8080-exec-10] o.s.web.servlet.DispatcherServlet        : GET "/api/tables", parameters={}
2026-05-06T21:47:43.475+05:30 DEBUG 26528 --- [io-8080-exec-10] s.w.s.m.m.a.RequestMappingHandlerMapping : Mapped to com.robms.controller.TableController#getAllTables()
2026-05-06T21:47:43.475+05:30 DEBUG 26528 --- [io-8080-exec-10] org.hibernate.SQL                        : select te1_0.id,te1_0.capacity,te1_0.current_bill_amount,te1_0.name,te1_0.status from restaurant_tables te1_0
Hibernate: select te1_0.id,te1_0.capacity,te1_0.current_bill_amount,te1_0.name,te1_0.status from restaurant_tables te1_0
2026-05-06T21:47:43.475+05:30 DEBUG 26528 --- [io-8080-exec-10] m.m.a.RequestResponseBodyMethodProcessor : Using 'application/json', given [application/json, text/plain, */*] and supported [application/json, application/*+json]
2026-05-06T21:47:43.475+05:30 DEBUG 26528 --- [io-8080-exec-10] m.m.a.RequestResponseBodyMethodProcessor : Writing [[com.robms.model.TableEntity@24334fd1, com.robms.model.TableEntity@10c01e0, com.robms.model.TableEnt (truncated)...]
2026-05-06T21:47:43.479+05:30 DEBUG 26528 --- [io-8080-exec-10] o.s.web.servlet.DispatcherServlet        : Completed 200 OK
2026-05-06T21:48:02.467+05:30 DEBUG 26528 --- [nio-8080-exec-6] o.s.web.servlet.DispatcherServlet        : GET "/api/tables", parameters={}
2026-05-06T21:48:02.486+05:30 DEBUG 26528 --- [nio-8080-exec-6] s.w.s.m.m.a.RequestMappingHandlerMapping : Mapped to com.robms.controller.TableController#getAllTables()
2026-05-06T21:48:02.486+05:30 DEBUG 26528 --- [nio-8080-exec-6] org.hibernate.SQL                        : select te1_0.id,te1_0.capacity,te1_0.current_bill_amount,te1_0.name,te1_0.status from restaurant_tables te1_0
Hibernate: select te1_0.id,te1_0.capacity,te1_0.current_bill_amount,te1_0.name,te1_0.status from restaurant_tables te1_0
2026-05-06T21:48:02.486+05:30 DEBUG 26528 --- [nio-8080-exec-6] m.m.a.RequestResponseBodyMethodProcessor : Using 'application/json', given [application/json, text/plain, */*] and supported [application/json, application/*+json]
2026-05-06T21:48:02.486+05:30 DEBUG 26528 --- [nio-8080-exec-6] m.m.a.RequestResponseBodyMethodProcessor : Writing [[com.robms.model.TableEntity@197c5a1a, com.robms.model.TableEntity@55702083, com.robms.model.TableEn (truncated)...]
2026-05-06T21:48:02.490+05:30 DEBUG 26528 --- [nio-8080-exec-6] o.s.web.servlet.DispatcherServlet        : Completed 200 OK
2026-05-06T21:48:02.495+05:30 DEBUG 26528 --- [nio-8080-exec-5] o.s.web.servlet.DispatcherServlet        : GET "/api/tables", parameters={}
2026-05-06T21:48:02.495+05:30 DEBUG 26528 --- [nio-8080-exec-5] s.w.s.m.m.a.RequestMappingHandlerMapping : Mapped to com.robms.controller.TableController#getAllTables()
2026-05-06T21:48:02.496+05:30 DEBUG 26528 --- [nio-8080-exec-5] org.hibernate.SQL                        : select te1_0.id,te1_0.capacity,te1_0.current_bill_amount,te1_0.name,te1_0.status from restaurant_tables te1_0
Hibernate: select te1_0.id,te1_0.capacity,te1_0.current_bill_amount,te1_0.name,te1_0.status from restaurant_tables te1_0
2026-05-06T21:48:02.499+05:30 DEBUG 26528 --- [nio-8080-exec-5] m.m.a.RequestResponseBodyMethodProcessor : Using 'application/json', given [application/json, text/plain, */*] and supported [application/json, application/*+json]
2026-05-06T21:48:02.499+05:30 DEBUG 26528 --- [nio-8080-exec-5] m.m.a.RequestResponseBodyMethodProcessor : Writing [[com.robms.model.TableEntity@417f49a6, com.robms.model.TableEntity@15f1452f, com.robms.model.TableEn (truncated)...]
2026-05-06T21:48:02.499+05:30 DEBUG 26528 --- [nio-8080-exec-5] o.s.web.servlet.DispatcherServlet        : Completed 200 OK
2026-05-06T21:48:02.503+05:30 DEBUG 26528 --- [nio-8080-exec-4] o.s.web.servlet.DispatcherServlet        : GET "/api/tables", parameters={}
2026-05-06T21:48:02.503+05:30 DEBUG 26528 --- [nio-8080-exec-4] s.w.s.m.m.a.RequestMappingHandlerMapping : Mapped to com.robms.controller.TableController#getAllTables()
2026-05-06T21:48:02.504+05:30 DEBUG 26528 --- [nio-8080-exec-4] org.hibernate.SQL                        : select te1_0.id,te1_0.capacity,te1_0.current_bill_amount,te1_0.name,te1_0.status from restaurant_tables te1_0
Hibernate: select te1_0.id,te1_0.capacity,te1_0.current_bill_amount,te1_0.name,te1_0.status from restaurant_tables te1_0
2026-05-06T21:48:02.506+05:30 DEBUG 26528 --- [nio-8080-exec-4] m.m.a.RequestResponseBodyMethodProcessor : Using 'application/json', given [application/json, text/plain, */*] and supported [application/json, application/*+json]
2026-05-06T21:48:02.506+05:30 DEBUG 26528 --- [nio-8080-exec-4] m.m.a.RequestResponseBodyMethodProcessor : Writing [[com.robms.model.TableEntity@3f793e4, com.robms.model.TableEntity@5c4ba019, com.robms.model.TableEnt (truncated)...]
2026-05-06T21:48:02.507+05:30 DEBUG 26528 --- [nio-8080-exec-4] o.s.web.servlet.DispatcherServlet        : Completed 200 OK
2026-05-06T21:49:02.468+05:30 DEBUG 26528 --- [nio-8080-exec-7] o.s.web.servlet.DispatcherServlet        : GET "/api/tables", parameters={}
2026-05-06T21:49:02.488+05:30 DEBUG 26528 --- [nio-8080-exec-7] s.w.s.m.m.a.RequestMappingHandlerMapping : Mapped to com.robms.controller.TableController#getAllTables()
2026-05-06T21:49:02.489+05:30 DEBUG 26528 --- [nio-8080-exec-7] org.hibernate.SQL                        : select te1_0.id,te1_0.capacity,te1_0.current_bill_amount,te1_0.name,te1_0.status from restaurant_tables te1_0
Hibernate: select te1_0.id,te1_0.capacity,te1_0.current_bill_amount,te1_0.name,te1_0.status from restaurant_tables te1_0
2026-05-06T21:49:02.489+05:30 DEBUG 26528 --- [nio-8080-exec-7] m.m.a.RequestResponseBodyMethodProcessor : Using 'application/json', given [application/json, text/plain, */*] and supported [application/json, application/*+json]
2026-05-06T21:49:02.489+05:30 DEBUG 26528 --- [nio-8080-exec-7] m.m.a.RequestResponseBodyMethodProcessor : Writing [[com.robms.model.TableEntity@2d713983, com.robms.model.TableEntity@4ff6767e, com.robms.model.TableEn (truncated)...]
2026-05-06T21:49:02.489+05:30 DEBUG 26528 --- [nio-8080-exec-7] o.s.web.servlet.DispatcherServlet        : Completed 200 OK
2026-05-06T21:49:02.495+05:30 DEBUG 26528 --- [nio-8080-exec-8] o.s.web.servlet.DispatcherServlet        : GET "/api/tables", parameters={}
2026-05-06T21:49:02.495+05:30 DEBUG 26528 --- [nio-8080-exec-8] s.w.s.m.m.a.RequestMappingHandlerMapping : Mapped to com.robms.controller.TableController#getAllTables()
2026-05-06T21:49:02.495+05:30 DEBUG 26528 --- [nio-8080-exec-8] org.hibernate.SQL                        : select te1_0.id,te1_0.capacity,te1_0.current_bill_amount,te1_0.name,te1_0.status from restaurant_tables te1_0
Hibernate: select te1_0.id,te1_0.capacity,te1_0.current_bill_amount,te1_0.name,te1_0.status from restaurant_tables te1_0
2026-05-06T21:49:02.495+05:30 DEBUG 26528 --- [nio-8080-exec-8] m.m.a.RequestResponseBodyMethodProcessor : Using 'application/json', given [application/json, text/plain, */*] and supported [application/json, application/*+json]
2026-05-06T21:49:02.495+05:30 DEBUG 26528 --- [nio-8080-exec-8] m.m.a.RequestResponseBodyMethodProcessor : Writing [[com.robms.model.TableEntity@720ccb45, com.robms.model.TableEntity@694686e1, com.robms.model.TableEn (truncated)...]
2026-05-06T21:49:02.498+05:30 DEBUG 26528 --- [nio-8080-exec-8] o.s.web.servlet.DispatcherServlet        : Completed 200 OK
2026-05-06T21:49:02.499+05:30 DEBUG 26528 --- [nio-8080-exec-2] o.s.web.servlet.DispatcherServlet        : GET "/api/tables", parameters={}
2026-05-06T21:49:02.499+05:30 DEBUG 26528 --- [nio-8080-exec-2] s.w.s.m.m.a.RequestMappingHandlerMapping : Mapped to com.robms.controller.TableController#getAllTables()
2026-05-06T21:49:02.501+05:30 DEBUG 26528 --- [nio-8080-exec-2] org.hibernate.SQL                        : select te1_0.id,te1_0.capacity,te1_0.current_bill_amount,te1_0.name,te1_0.status from restaurant_tables te1_0
Hibernate: select te1_0.id,te1_0.capacity,te1_0.current_bill_amount,te1_0.name,te1_0.status from restaurant_tables te1_0
2026-05-06T21:49:02.501+05:30 DEBUG 26528 --- [nio-8080-exec-2] m.m.a.RequestResponseBodyMethodProcessor : Using 'application/json', given [application/json, text/plain, */*] and supported [application/json, application/*+json]
2026-05-06T21:49:02.501+05:30 DEBUG 26528 --- [nio-8080-exec-2] m.m.a.RequestResponseBodyMethodProcessor : Writing [[com.robms.model.TableEntity@3fbded11, com.robms.model.TableEntity@24adae02, com.robms.model.TableEn (truncated)...]
2026-05-06T21:49:02.501+05:30 DEBUG 26528 --- [nio-8080-exec-2] o.s.web.servlet.DispatcherServlet        : Completed 200 OK
2026-05-06T21:49:06.942+05:30 DEBUG 26528 --- [nio-8080-exec-3] s.w.s.h.LoggingWebSocketHandlerDecorator : Transport error in WebSocketServerSockJsSession[id=voncuehm]

java.io.EOFException: null
	at org.apache.tomcat.util.net.NioEndpoint$NioSocketWrapper.fillReadBuffer(NioEndpoint.java:1288) ~[tomcat-embed-core-10.1.20.jar:10.1.20]
	at org.apache.tomcat.util.net.NioEndpoint$NioSocketWrapper.read(NioEndpoint.java:1176) ~[tomcat-embed-core-10.1.20.jar:10.1.20]
	at org.apache.tomcat.websocket.server.WsFrameServer.onDataAvailable(WsFrameServer.java:74) ~[tomcat-embed-websocket-10.1.20.jar:10.1.20]
	at org.apache.tomcat.websocket.server.WsFrameServer.doOnDataAvailable(WsFrameServer.java:184) ~[tomcat-embed-websocket-10.1.20.jar:10.1.20]
	at org.apache.tomcat.websocket.server.WsFrameServer.notifyDataAvailable(WsFrameServer.java:164) ~[tomcat-embed-websocket-10.1.20.jar:10.1.20]
	at org.apache.tomcat.websocket.server.WsHttpUpgradeHandler.upgradeDispatch(WsHttpUpgradeHandler.java:152) ~[tomcat-embed-websocket-10.1.20.jar:10.1.20]
	at org.apache.coyote.http11.upgrade.UpgradeProcessorInternal.dispatch(UpgradeProcessorInternal.java:60) ~[tomcat-embed-core-10.1.20.jar:10.1.20]
	at org.apache.coyote.AbstractProcessorLight.process(AbstractProcessorLight.java:57) ~[tomcat-embed-core-10.1.20.jar:10.1.20]
	at org.apache.coyote.AbstractProtocol$ConnectionHandler.process(AbstractProtocol.java:896) ~[tomcat-embed-core-10.1.20.jar:10.1.20]
	at org.apache.tomcat.util.net.NioEndpoint$SocketProcessor.doRun(NioEndpoint.java:1736) ~[tomcat-embed-core-10.1.20.jar:10.1.20]
	at org.apache.tomcat.util.net.SocketProcessorBase.run(SocketProcessorBase.java:52) ~[tomcat-embed-core-10.1.20.jar:10.1.20]
	at org.apache.tomcat.util.threads.ThreadPoolExecutor.runWorker(ThreadPoolExecutor.java:1191) ~[tomcat-embed-core-10.1.20.jar:10.1.20]
	at org.apache.tomcat.util.threads.ThreadPoolExecutor$Worker.run(ThreadPoolExecutor.java:659) ~[tomcat-embed-core-10.1.20.jar:10.1.20]
	at org.apache.tomcat.util.threads.TaskThread$WrappingRunnable.run(TaskThread.java:63) ~[tomcat-embed-core-10.1.20.jar:10.1.20]
	at java.base/java.lang.Thread.run(Thread.java:840) ~[na:na]

2026-05-06T21:49:06.944+05:30 DEBUG 26528 --- [nio-8080-exec-6] s.w.s.h.LoggingWebSocketHandlerDecorator : Transport error in WebSocketServerSockJsSession[id=sdha4a1j]

java.io.EOFException: null
	at org.apache.tomcat.util.net.NioEndpoint$NioSocketWrapper.fillReadBuffer(NioEndpoint.java:1288) ~[tomcat-embed-core-10.1.20.jar:10.1.20]
	at org.apache.tomcat.util.net.NioEndpoint$NioSocketWrapper.read(NioEndpoint.java:1176) ~[tomcat-embed-core-10.1.20.jar:10.1.20]
	at org.apache.tomcat.websocket.server.WsFrameServer.onDataAvailable(WsFrameServer.java:74) ~[tomcat-embed-websocket-10.1.20.jar:10.1.20]
	at org.apache.tomcat.websocket.server.WsFrameServer.doOnDataAvailable(WsFrameServer.java:184) ~[tomcat-embed-websocket-10.1.20.jar:10.1.20]
	at org.apache.tomcat.websocket.server.WsFrameServer.notifyDataAvailable(WsFrameServer.java:164) ~[tomcat-embed-websocket-10.1.20.jar:10.1.20]
	at org.apache.tomcat.websocket.server.WsHttpUpgradeHandler.upgradeDispatch(WsHttpUpgradeHandler.java:152) ~[tomcat-embed-websocket-10.1.20.jar:10.1.20]
	at org.apache.coyote.http11.upgrade.UpgradeProcessorInternal.dispatch(UpgradeProcessorInternal.java:60) ~[tomcat-embed-core-10.1.20.jar:10.1.20]
	at org.apache.coyote.AbstractProcessorLight.process(AbstractProcessorLight.java:57) ~[tomcat-embed-core-10.1.20.jar:10.1.20]
	at org.apache.coyote.AbstractProtocol$ConnectionHandler.process(AbstractProtocol.java:896) ~[tomcat-embed-core-10.1.20.jar:10.1.20]
	at org.apache.tomcat.util.net.NioEndpoint$SocketProcessor.doRun(NioEndpoint.java:1736) ~[tomcat-embed-core-10.1.20.jar:10.1.20]
	at org.apache.tomcat.util.net.SocketProcessorBase.run(SocketProcessorBase.java:52) ~[tomcat-embed-core-10.1.20.jar:10.1.20]
	at org.apache.tomcat.util.threads.ThreadPoolExecutor.runWorker(ThreadPoolExecutor.java:1191) ~[tomcat-embed-core-10.1.20.jar:10.1.20]
	at org.apache.tomcat.util.threads.ThreadPoolExecutor$Worker.run(ThreadPoolExecutor.java:659) ~[tomcat-embed-core-10.1.20.jar:10.1.20]
	at org.apache.tomcat.util.threads.TaskThread$WrappingRunnable.run(TaskThread.java:63) ~[tomcat-embed-core-10.1.20.jar:10.1.20]
	at java.base/java.lang.Thread.run(Thread.java:840) ~[na:na]

2026-05-06T21:49:06.942+05:30 DEBUG 26528 --- [io-8080-exec-10] s.w.s.h.LoggingWebSocketHandlerDecorator : Transport error in WebSocketServerSockJsSession[id=eforzvdj]

java.io.EOFException: null
	at org.apache.tomcat.util.net.NioEndpoint$NioSocketWrapper.fillReadBuffer(NioEndpoint.java:1288) ~[tomcat-embed-core-10.1.20.jar:10.1.20]
	at org.apache.tomcat.util.net.NioEndpoint$NioSocketWrapper.read(NioEndpoint.java:1176) ~[tomcat-embed-core-10.1.20.jar:10.1.20]
	at org.apache.tomcat.websocket.server.WsFrameServer.onDataAvailable(WsFrameServer.java:74) ~[tomcat-embed-websocket-10.1.20.jar:10.1.20]
	at org.apache.tomcat.websocket.server.WsFrameServer.doOnDataAvailable(WsFrameServer.java:184) ~[tomcat-embed-websocket-10.1.20.jar:10.1.20]
	at org.apache.tomcat.websocket.server.WsFrameServer.notifyDataAvailable(WsFrameServer.java:164) ~[tomcat-embed-websocket-10.1.20.jar:10.1.20]
	at org.apache.tomcat.websocket.server.WsHttpUpgradeHandler.upgradeDispatch(WsHttpUpgradeHandler.java:152) ~[tomcat-embed-websocket-10.1.20.jar:10.1.20]
	at org.apache.coyote.http11.upgrade.UpgradeProcessorInternal.dispatch(UpgradeProcessorInternal.java:60) ~[tomcat-embed-core-10.1.20.jar:10.1.20]
	at org.apache.coyote.AbstractProcessorLight.process(AbstractProcessorLight.java:57) ~[tomcat-embed-core-10.1.20.jar:10.1.20]
	at org.apache.coyote.AbstractProtocol$ConnectionHandler.process(AbstractProtocol.java:896) ~[tomcat-embed-core-10.1.20.jar:10.1.20]
	at org.apache.tomcat.util.net.NioEndpoint$SocketProcessor.doRun(NioEndpoint.java:1736) ~[tomcat-embed-core-10.1.20.jar:10.1.20]
	at org.apache.tomcat.util.net.SocketProcessorBase.run(SocketProcessorBase.java:52) ~[tomcat-embed-core-10.1.20.jar:10.1.20]
	at org.apache.tomcat.util.threads.ThreadPoolExecutor.runWorker(ThreadPoolExecutor.java:1191) ~[tomcat-embed-core-10.1.20.jar:10.1.20]
	at org.apache.tomcat.util.threads.ThreadPoolExecutor$Worker.run(ThreadPoolExecutor.java:659) ~[tomcat-embed-core-10.1.20.jar:10.1.20]
	at org.apache.tomcat.util.threads.TaskThread$WrappingRunnable.run(TaskThread.java:63) ~[tomcat-embed-core-10.1.20.jar:10.1.20]
	at java.base/java.lang.Thread.run(Thread.java:840) ~[na:na]

2026-05-06T21:49:06.947+05:30 DEBUG 26528 --- [nio-8080-exec-3] s.w.s.h.LoggingWebSocketHandlerDecorator : WebSocketServerSockJsSession[id=voncuehm] closed with CloseStatus[code=1006, reason=null]
2026-05-06T21:49:06.947+05:30 DEBUG 26528 --- [nio-8080-exec-6] s.w.s.h.LoggingWebSocketHandlerDecorator : WebSocketServerSockJsSession[id=sdha4a1j] closed with CloseStatus[code=1006, reason=null]
2026-05-06T21:49:06.947+05:30 DEBUG 26528 --- [io-8080-exec-10] s.w.s.h.LoggingWebSocketHandlerDecorator : WebSocketServerSockJsSession[id=eforzvdj] closed with CloseStatus[code=1006, reason=null]
2026-05-06T21:49:06.947+05:30 DEBUG 26528 --- [nio-8080-exec-3] o.s.w.s.m.SubProtocolWebSocketHandler    : Clearing session voncuehm
2026-05-06T21:49:06.947+05:30 DEBUG 26528 --- [nio-8080-exec-6] o.s.w.s.m.SubProtocolWebSocketHandler    : Clearing session sdha4a1j
2026-05-06T21:49:06.947+05:30 DEBUG 26528 --- [io-8080-exec-10] o.s.w.s.m.SubProtocolWebSocketHandler    : Clearing session eforzvdj
2026-05-06T21:49:06.949+05:30 DEBUG 26528 --- [boundChannel-33] org.springframework.web.SimpLogging      : Processing DISCONNECT session=voncuehm
2026-05-06T21:49:06.949+05:30 DEBUG 26528 --- [boundChannel-34] org.springframework.web.SimpLogging      : Processing DISCONNECT session=sdha4a1j
2026-05-06T21:49:06.949+05:30 DEBUG 26528 --- [boundChannel-38] org.springframework.web.SimpLogging      : Processing DISCONNECT session=eforzvdj
2026-05-06T21:49:06.949+05:30 DEBUG 26528 --- [boundChannel-10] o.s.w.s.m.SubProtocolWebSocketHandler    : No session for GenericMessage [payload=byte[0], headers={simpMessageType=DISCONNECT_ACK, simpDisconnectMessage=GenericMessage [payload=byte[0], headers={simpMessageType=DISCONNECT, stompCommand=DISCONNECT, simpSessionAttributes={org.springframework.messaging.simp.SimpAttributes.COMPLETED=true}, simpSessionId=voncuehm}], simpSessionId=voncuehm}]
2026-05-06T21:49:06.949+05:30 DEBUG 26528 --- [boundChannel-12] o.s.w.s.m.SubProtocolWebSocketHandler    : No session for GenericMessage [payload=byte[0], headers={simpMessageType=DISCONNECT_ACK, simpDisconnectMessage=GenericMessage [payload=byte[0], headers={simpMessageType=DISCONNECT, stompCommand=DISCONNECT, simpSessionAttributes={org.springframework.messaging.simp.SimpAttributes.COMPLETED=true}, simpSessionId=eforzvdj}], simpSessionId=eforzvdj}]
2026-05-06T21:49:06.949+05:30 DEBUG 26528 --- [boundChannel-11] o.s.w.s.m.SubProtocolWebSocketHandler    : No session for GenericMessage [payload=byte[0], headers={simpMessageType=DISCONNECT_ACK, simpDisconnectMessage=GenericMessage [payload=byte[0], headers={simpMessageType=DISCONNECT, stompCommand=DISCONNECT, simpSessionAttributes={org.springframework.messaging.simp.SimpAttributes.COMPLETED=true}, simpSessionId=sdha4a1j}], simpSessionId=sdha4a1j}]
2026-05-06T21:55:02.773+05:30 DEBUG 26528 --- [nio-8080-exec-5] o.s.web.servlet.DispatcherServlet        : GET "/api/tables", parameters={}
2026-05-06T21:55:02.773+05:30 DEBUG 26528 --- [nio-8080-exec-5] s.w.s.m.m.a.RequestMappingHandlerMapping : Mapped to com.robms.controller.TableController#getAllTables()
2026-05-06T21:55:02.776+05:30 DEBUG 26528 --- [nio-8080-exec-5] org.hibernate.SQL                        : select te1_0.id,te1_0.capacity,te1_0.current_bill_amount,te1_0.name,te1_0.status from restaurant_tables te1_0
Hibernate: select te1_0.id,te1_0.capacity,te1_0.current_bill_amount,te1_0.name,te1_0.status from restaurant_tables te1_0
2026-05-06T21:55:02.781+05:30 DEBUG 26528 --- [nio-8080-exec-5] m.m.a.RequestResponseBodyMethodProcessor : Using 'application/json', given [application/json, text/plain, */*] and supported [application/json, application/*+json]
2026-05-06T21:55:02.781+05:30 DEBUG 26528 --- [nio-8080-exec-5] m.m.a.RequestResponseBodyMethodProcessor : Writing [[com.robms.model.TableEntity@6860b54d, com.robms.model.TableEntity@6294cf38, com.robms.model.TableEn (truncated)...]
2026-05-06T21:55:02.782+05:30 DEBUG 26528 --- [nio-8080-exec-5] o.s.web.servlet.DispatcherServlet        : Completed 200 OK
2026-05-06T21:55:02.838+05:30 DEBUG 26528 --- [nio-8080-exec-4] o.s.web.servlet.DispatcherServlet        : GET "/api/tables", parameters={}
2026-05-06T21:55:02.838+05:30 DEBUG 26528 --- [nio-8080-exec-4] s.w.s.m.m.a.RequestMappingHandlerMapping : Mapped to com.robms.controller.TableController#getAllTables()
2026-05-06T21:55:02.847+05:30 DEBUG 26528 --- [nio-8080-exec-4] org.hibernate.SQL                        : select te1_0.id,te1_0.capacity,te1_0.current_bill_amount,te1_0.name,te1_0.status from restaurant_tables te1_0
Hibernate: select te1_0.id,te1_0.capacity,te1_0.current_bill_amount,te1_0.name,te1_0.status from restaurant_tables te1_0
2026-05-06T21:55:02.849+05:30 DEBUG 26528 --- [nio-8080-exec-4] m.m.a.RequestResponseBodyMethodProcessor : Using 'application/json', given [application/json, text/plain, */*] and supported [application/json, application/*+json]
2026-05-06T21:55:02.849+05:30 DEBUG 26528 --- [nio-8080-exec-4] m.m.a.RequestResponseBodyMethodProcessor : Writing [[com.robms.model.TableEntity@7ef57691, com.robms.model.TableEntity@3cf594ee, com.robms.model.TableEn (truncated)...]
2026-05-06T21:55:02.849+05:30 DEBUG 26528 --- [nio-8080-exec-4] o.s.web.servlet.DispatcherServlet        : Completed 200 OK
2026-05-06T21:55:02.929+05:30 DEBUG 26528 --- [nio-8080-exec-7] o.s.web.servlet.DispatcherServlet        : GET "/api/tables", parameters={}
2026-05-06T21:55:02.929+05:30 DEBUG 26528 --- [nio-8080-exec-7] s.w.s.m.m.a.RequestMappingHandlerMapping : Mapped to com.robms.controller.TableController#getAllTables()
2026-05-06T21:55:02.929+05:30 DEBUG 26528 --- [nio-8080-exec-7] org.hibernate.SQL                        : select te1_0.id,te1_0.capacity,te1_0.current_bill_amount,te1_0.name,te1_0.status from restaurant_tables te1_0
Hibernate: select te1_0.id,te1_0.capacity,te1_0.current_bill_amount,te1_0.name,te1_0.status from restaurant_tables te1_0
2026-05-06T21:55:02.940+05:30 DEBUG 26528 --- [nio-8080-exec-7] m.m.a.RequestResponseBodyMethodProcessor : Using 'application/json', given [application/json, text/plain, */*] and supported [application/json, application/*+json]
2026-05-06T21:55:02.940+05:30 DEBUG 26528 --- [nio-8080-exec-7] m.m.a.RequestResponseBodyMethodProcessor : Writing [[com.robms.model.TableEntity@704dfcbc, com.robms.model.TableEntity@4869c47f, com.robms.model.TableEn (truncated)...]
2026-05-06T21:55:02.940+05:30 DEBUG 26528 --- [nio-8080-exec-7] o.s.web.servlet.DispatcherServlet        : Completed 200 OK
2026-05-06T21:55:04.132+05:30 DEBUG 26528 --- [MessageBroker-1] o.s.w.s.s.t.h.DefaultSockJsService       : Closed 3 sessions: [eforzvdj, voncuehm, sdha4a1j]
2026-05-06T21:55:13.924+05:30  WARN 26528 --- [l-1 housekeeper] com.zaxxer.hikari.pool.HikariPool        : HikariPool-1 - Thread starvation or clock leap detected (housekeeper delta=6m25s387ms211µs).
2026-05-06T21:56:02.458+05:30 DEBUG 26528 --- [nio-8080-exec-2] o.s.web.servlet.DispatcherServlet        : GET "/api/tables", parameters={}
2026-05-06T21:56:02.458+05:30 DEBUG 26528 --- [nio-8080-exec-2] s.w.s.m.m.a.RequestMappingHandlerMapping : Mapped to com.robms.controller.TableController#getAllTables()
2026-05-06T21:56:02.459+05:30 DEBUG 26528 --- [nio-8080-exec-2] org.hibernate.SQL                        : select te1_0.id,te1_0.capacity,te1_0.current_bill_amount,te1_0.name,te1_0.status from restaurant_tables te1_0
Hibernate: select te1_0.id,te1_0.capacity,te1_0.current_bill_amount,te1_0.name,te1_0.status from restaurant_tables te1_0
2026-05-06T21:56:02.459+05:30 DEBUG 26528 --- [nio-8080-exec-2] m.m.a.RequestResponseBodyMethodProcessor : Using 'application/json', given [application/json, text/plain, */*] and supported [application/json, application/*+json]
2026-05-06T21:56:02.461+05:30 DEBUG 26528 --- [nio-8080-exec-2] m.m.a.RequestResponseBodyMethodProcessor : Writing [[com.robms.model.TableEntity@78244ec4, com.robms.model.TableEntity@2eaba917, com.robms.model.TableEn (truncated)...]
2026-05-06T21:56:02.461+05:30 DEBUG 26528 --- [nio-8080-exec-2] o.s.web.servlet.DispatcherServlet        : Completed 200 OK
2026-05-06T21:56:02.464+05:30 DEBUG 26528 --- [nio-8080-exec-9] o.s.web.servlet.DispatcherServlet        : GET "/api/tables", parameters={}
2026-05-06T21:56:02.464+05:30 DEBUG 26528 --- [nio-8080-exec-9] s.w.s.m.m.a.RequestMappingHandlerMapping : Mapped to com.robms.controller.TableController#getAllTables()
2026-05-06T21:56:02.465+05:30 DEBUG 26528 --- [nio-8080-exec-9] org.hibernate.SQL                        : select te1_0.id,te1_0.capacity,te1_0.current_bill_amount,te1_0.name,te1_0.status from restaurant_tables te1_0
Hibernate: select te1_0.id,te1_0.capacity,te1_0.current_bill_amount,te1_0.name,te1_0.status from restaurant_tables te1_0
2026-05-06T21:56:02.467+05:30 DEBUG 26528 --- [nio-8080-exec-9] m.m.a.RequestResponseBodyMethodProcessor : Using 'application/json', given [application/json, text/plain, */*] and supported [application/json, application/*+json]
2026-05-06T21:56:02.467+05:30 DEBUG 26528 --- [nio-8080-exec-9] m.m.a.RequestResponseBodyMethodProcessor : Writing [[com.robms.model.TableEntity@244bb81b, com.robms.model.TableEntity@2739d4d1, com.robms.model.TableEn (truncated)...]
2026-05-06T21:56:02.468+05:30 DEBUG 26528 --- [nio-8080-exec-9] o.s.web.servlet.DispatcherServlet        : Completed 200 OK
2026-05-06T21:56:02.470+05:30 DEBUG 26528 --- [nio-8080-exec-1] o.s.web.servlet.DispatcherServlet        : GET "/api/tables", parameters={}
2026-05-06T21:56:02.470+05:30 DEBUG 26528 --- [nio-8080-exec-1] s.w.s.m.m.a.RequestMappingHandlerMapping : Mapped to com.robms.controller.TableController#getAllTables()
2026-05-06T21:56:02.471+05:30 DEBUG 26528 --- [nio-8080-exec-1] org.hibernate.SQL                        : select te1_0.id,te1_0.capacity,te1_0.current_bill_amount,te1_0.name,te1_0.status from restaurant_tables te1_0
Hibernate: select te1_0.id,te1_0.capacity,te1_0.current_bill_amount,te1_0.name,te1_0.status from restaurant_tables te1_0
2026-05-06T21:56:02.473+05:30 DEBUG 26528 --- [nio-8080-exec-1] m.m.a.RequestResponseBodyMethodProcessor : Using 'application/json', given [application/json, text/plain, */*] and supported [application/json, application/*+json]
2026-05-06T21:56:02.473+05:30 DEBUG 26528 --- [nio-8080-exec-1] m.m.a.RequestResponseBodyMethodProcessor : Writing [[com.robms.model.TableEntity@79219846, com.robms.model.TableEntity@4276cdc0, com.robms.model.TableEn (truncated)...]
2026-05-06T21:56:02.474+05:30 DEBUG 26528 --- [nio-8080-exec-1] o.s.web.servlet.DispatcherServlet        : Completed 200 OK
2026-05-06T21:57:02.487+05:30 DEBUG 26528 --- [nio-8080-exec-6] o.s.web.servlet.DispatcherServlet        : GET "/api/tables", parameters={}
2026-05-06T21:57:02.506+05:30 DEBUG 26528 --- [nio-8080-exec-6] s.w.s.m.m.a.RequestMappingHandlerMapping : Mapped to com.robms.controller.TableController#getAllTables()
2026-05-06T21:57:02.508+05:30 DEBUG 26528 --- [nio-8080-exec-6] org.hibernate.SQL                        : select te1_0.id,te1_0.capacity,te1_0.current_bill_amount,te1_0.name,te1_0.status from restaurant_tables te1_0
Hibernate: select te1_0.id,te1_0.capacity,te1_0.current_bill_amount,te1_0.name,te1_0.status from restaurant_tables te1_0
2026-05-06T21:57:02.508+05:30 DEBUG 26528 --- [nio-8080-exec-6] m.m.a.RequestResponseBodyMethodProcessor : Using 'application/json', given [application/json, text/plain, */*] and supported [application/json, application/*+json]
2026-05-06T21:57:02.508+05:30 DEBUG 26528 --- [nio-8080-exec-6] m.m.a.RequestResponseBodyMethodProcessor : Writing [[com.robms.model.TableEntity@469eef4, com.robms.model.TableEntity@6bc552ef, com.robms.model.TableEnt (truncated)...]
2026-05-06T21:57:02.508+05:30 DEBUG 26528 --- [nio-8080-exec-6] o.s.web.servlet.DispatcherServlet        : Completed 200 OK
2026-05-06T21:57:02.514+05:30 DEBUG 26528 --- [io-8080-exec-10] o.s.web.servlet.DispatcherServlet        : GET "/api/tables", parameters={}
2026-05-06T21:57:02.514+05:30 DEBUG 26528 --- [io-8080-exec-10] s.w.s.m.m.a.RequestMappingHandlerMapping : Mapped to com.robms.controller.TableController#getAllTables()
2026-05-06T21:57:02.516+05:30 DEBUG 26528 --- [io-8080-exec-10] org.hibernate.SQL                        : select te1_0.id,te1_0.capacity,te1_0.current_bill_amount,te1_0.name,te1_0.status from restaurant_tables te1_0
Hibernate: select te1_0.id,te1_0.capacity,te1_0.current_bill_amount,te1_0.name,te1_0.status from restaurant_tables te1_0
2026-05-06T21:57:02.519+05:30 DEBUG 26528 --- [io-8080-exec-10] m.m.a.RequestResponseBodyMethodProcessor : Using 'application/json', given [application/json, text/plain, */*] and supported [application/json, application/*+json]
2026-05-06T21:57:02.519+05:30 DEBUG 26528 --- [io-8080-exec-10] m.m.a.RequestResponseBodyMethodProcessor : Writing [[com.robms.model.TableEntity@3d81585e, com.robms.model.TableEntity@3be8592f, com.robms.model.TableEn (truncated)...]
2026-05-06T21:57:02.520+05:30 DEBUG 26528 --- [io-8080-exec-10] o.s.web.servlet.DispatcherServlet        : Completed 200 OK
2026-05-06T21:57:02.523+05:30 DEBUG 26528 --- [nio-8080-exec-3] o.s.web.servlet.DispatcherServlet        : GET "/api/tables", parameters={}
2026-05-06T21:57:02.523+05:30 DEBUG 26528 --- [nio-8080-exec-3] s.w.s.m.m.a.RequestMappingHandlerMapping : Mapped to com.robms.controller.TableController#getAllTables()
2026-05-06T21:57:02.523+05:30 DEBUG 26528 --- [nio-8080-exec-3] org.hibernate.SQL                        : select te1_0.id,te1_0.capacity,te1_0.current_bill_amount,te1_0.name,te1_0.status from restaurant_tables te1_0
Hibernate: select te1_0.id,te1_0.capacity,te1_0.current_bill_amount,te1_0.name,te1_0.status from restaurant_tables te1_0
2026-05-06T21:57:02.525+05:30 DEBUG 26528 --- [nio-8080-exec-3] m.m.a.RequestResponseBodyMethodProcessor : Using 'application/json', given [application/json, text/plain, */*] and supported [application/json, application/*+json]
2026-05-06T21:57:02.525+05:30 DEBUG 26528 --- [nio-8080-exec-3] m.m.a.RequestResponseBodyMethodProcessor : Writing [[com.robms.model.TableEntity@681c1817, com.robms.model.TableEntity@2faf5103, com.robms.model.TableEn (truncated)...]
2026-05-06T21:57:02.525+05:30 DEBUG 26528 --- [nio-8080-exec-3] o.s.web.servlet.DispatcherServlet        : Completed 200 OK
2026-05-06T21:58:02.456+05:30 DEBUG 26528 --- [nio-8080-exec-5] o.s.web.servlet.DispatcherServlet        : GET "/api/tables", parameters={}
2026-05-06T21:58:02.482+05:30 DEBUG 26528 --- [nio-8080-exec-5] s.w.s.m.m.a.RequestMappingHandlerMapping : Mapped to com.robms.controller.TableController#getAllTables()
2026-05-06T21:58:02.482+05:30 DEBUG 26528 --- [nio-8080-exec-5] org.hibernate.SQL                        : select te1_0.id,te1_0.capacity,te1_0.current_bill_amount,te1_0.name,te1_0.status from restaurant_tables te1_0
Hibernate: select te1_0.id,te1_0.capacity,te1_0.current_bill_amount,te1_0.name,te1_0.status from restaurant_tables te1_0
2026-05-06T21:58:02.482+05:30 DEBUG 26528 --- [nio-8080-exec-5] m.m.a.RequestResponseBodyMethodProcessor : Using 'application/json', given [application/json, text/plain, */*] and supported [application/json, application/*+json]
2026-05-06T21:58:02.482+05:30 DEBUG 26528 --- [nio-8080-exec-5] m.m.a.RequestResponseBodyMethodProcessor : Writing [[com.robms.model.TableEntity@291c374c, com.robms.model.TableEntity@ee61540, com.robms.model.TableEnt (truncated)...]
2026-05-06T21:58:02.486+05:30 DEBUG 26528 --- [nio-8080-exec-5] o.s.web.servlet.DispatcherServlet        : Completed 200 OK
2026-05-06T21:58:02.488+05:30 DEBUG 26528 --- [nio-8080-exec-4] o.s.web.servlet.DispatcherServlet        : GET "/api/tables", parameters={}
2026-05-06T21:58:02.488+05:30 DEBUG 26528 --- [nio-8080-exec-4] s.w.s.m.m.a.RequestMappingHandlerMapping : Mapped to com.robms.controller.TableController#getAllTables()
2026-05-06T21:58:02.488+05:30 DEBUG 26528 --- [nio-8080-exec-4] org.hibernate.SQL                        : select te1_0.id,te1_0.capacity,te1_0.current_bill_amount,te1_0.name,te1_0.status from restaurant_tables te1_0
Hibernate: select te1_0.id,te1_0.capacity,te1_0.current_bill_amount,te1_0.name,te1_0.status from restaurant_tables te1_0
2026-05-06T21:58:02.488+05:30 DEBUG 26528 --- [nio-8080-exec-4] m.m.a.RequestResponseBodyMethodProcessor : Using 'application/json', given [application/json, text/plain, */*] and supported [application/json, application/*+json]
2026-05-06T21:58:02.493+05:30 DEBUG 26528 --- [nio-8080-exec-4] m.m.a.RequestResponseBodyMethodProcessor : Writing [[com.robms.model.TableEntity@1acf6648, com.robms.model.TableEntity@7481be20, com.robms.model.TableEn (truncated)...]
2026-05-06T21:58:02.493+05:30 DEBUG 26528 --- [nio-8080-exec-4] o.s.web.servlet.DispatcherServlet        : Completed 200 OK
2026-05-06T21:58:02.495+05:30 DEBUG 26528 --- [nio-8080-exec-7] o.s.web.servlet.DispatcherServlet        : GET "/api/tables", parameters={}
2026-05-06T21:58:02.495+05:30 DEBUG 26528 --- [nio-8080-exec-7] s.w.s.m.m.a.RequestMappingHandlerMapping : Mapped to com.robms.controller.TableController#getAllTables()
2026-05-06T21:58:02.496+05:30 DEBUG 26528 --- [nio-8080-exec-7] org.hibernate.SQL                        : select te1_0.id,te1_0.capacity,te1_0.current_bill_amount,te1_0.name,te1_0.status from restaurant_tables te1_0
Hibernate: select te1_0.id,te1_0.capacity,te1_0.current_bill_amount,te1_0.name,te1_0.status from restaurant_tables te1_0
2026-05-06T21:58:02.497+05:30 DEBUG 26528 --- [nio-8080-exec-7] m.m.a.RequestResponseBodyMethodProcessor : Using 'application/json', given [application/json, text/plain, */*] and supported [application/json, application/*+json]
2026-05-06T21:58:02.497+05:30 DEBUG 26528 --- [nio-8080-exec-7] m.m.a.RequestResponseBodyMethodProcessor : Writing [[com.robms.model.TableEntity@65b3dd1d, com.robms.model.TableEntity@56b9c826, com.robms.model.TableEn (truncated)...]
2026-05-06T21:58:02.498+05:30 DEBUG 26528 --- [nio-8080-exec-7] o.s.web.servlet.DispatcherServlet        : Completed 200 OK
2026-05-06T21:59:02.493+05:30 DEBUG 26528 --- [nio-8080-exec-2] o.s.web.servlet.DispatcherServlet        : GET "/api/tables", parameters={}
2026-05-06T21:59:02.513+05:30 DEBUG 26528 --- [nio-8080-exec-2] s.w.s.m.m.a.RequestMappingHandlerMapping : Mapped to com.robms.controller.TableController#getAllTables()
2026-05-06T21:59:02.513+05:30 DEBUG 26528 --- [nio-8080-exec-2] org.hibernate.SQL                        : select te1_0.id,te1_0.capacity,te1_0.current_bill_amount,te1_0.name,te1_0.status from restaurant_tables te1_0
Hibernate: select te1_0.id,te1_0.capacity,te1_0.current_bill_amount,te1_0.name,te1_0.status from restaurant_tables te1_0
2026-05-06T21:59:02.516+05:30 DEBUG 26528 --- [nio-8080-exec-2] m.m.a.RequestResponseBodyMethodProcessor : Using 'application/json', given [application/json, text/plain, */*] and supported [application/json, application/*+json]
2026-05-06T21:59:02.516+05:30 DEBUG 26528 --- [nio-8080-exec-2] m.m.a.RequestResponseBodyMethodProcessor : Writing [[com.robms.model.TableEntity@34f55b27, com.robms.model.TableEntity@21dca448, com.robms.model.TableEn (truncated)...]
2026-05-06T21:59:02.518+05:30 DEBUG 26528 --- [nio-8080-exec-2] o.s.web.servlet.DispatcherServlet        : Completed 200 OK
2026-05-06T21:59:02.522+05:30 DEBUG 26528 --- [nio-8080-exec-9] o.s.web.servlet.DispatcherServlet        : GET "/api/tables", parameters={}
2026-05-06T21:59:02.522+05:30 DEBUG 26528 --- [nio-8080-exec-9] s.w.s.m.m.a.RequestMappingHandlerMapping : Mapped to com.robms.controller.TableController#getAllTables()
2026-05-06T21:59:02.523+05:30 DEBUG 26528 --- [nio-8080-exec-9] org.hibernate.SQL                        : select te1_0.id,te1_0.capacity,te1_0.current_bill_amount,te1_0.name,te1_0.status from restaurant_tables te1_0
Hibernate: select te1_0.id,te1_0.capacity,te1_0.current_bill_amount,te1_0.name,te1_0.status from restaurant_tables te1_0
2026-05-06T21:59:02.527+05:30 DEBUG 26528 --- [nio-8080-exec-9] m.m.a.RequestResponseBodyMethodProcessor : Using 'application/json', given [application/json, text/plain, */*] and supported [application/json, application/*+json]
2026-05-06T21:59:02.527+05:30 DEBUG 26528 --- [nio-8080-exec-9] m.m.a.RequestResponseBodyMethodProcessor : Writing [[com.robms.model.TableEntity@9d0f612, com.robms.model.TableEntity@48270d71, com.robms.model.TableEnt (truncated)...]
2026-05-06T21:59:02.528+05:30 DEBUG 26528 --- [nio-8080-exec-9] o.s.web.servlet.DispatcherServlet        : Completed 200 OK
2026-05-06T21:59:02.533+05:30 DEBUG 26528 --- [nio-8080-exec-1] o.s.web.servlet.DispatcherServlet        : GET "/api/tables", parameters={}
2026-05-06T21:59:02.533+05:30 DEBUG 26528 --- [nio-8080-exec-1] s.w.s.m.m.a.RequestMappingHandlerMapping : Mapped to com.robms.controller.TableController#getAllTables()
2026-05-06T21:59:02.534+05:30 DEBUG 26528 --- [nio-8080-exec-1] org.hibernate.SQL                        : select te1_0.id,te1_0.capacity,te1_0.current_bill_amount,te1_0.name,te1_0.status from restaurant_tables te1_0
Hibernate: select te1_0.id,te1_0.capacity,te1_0.current_bill_amount,te1_0.name,te1_0.status from restaurant_tables te1_0
2026-05-06T21:59:02.536+05:30 DEBUG 26528 --- [nio-8080-exec-1] m.m.a.RequestResponseBodyMethodProcessor : Using 'application/json', given [application/json, text/plain, */*] and supported [application/json, application/*+json]
2026-05-06T21:59:02.537+05:30 DEBUG 26528 --- [nio-8080-exec-1] m.m.a.RequestResponseBodyMethodProcessor : Writing [[com.robms.model.TableEntity@4343a01d, com.robms.model.TableEntity@56752154, com.robms.model.TableEn (truncated)...]
2026-05-06T21:59:02.539+05:30 DEBUG 26528 --- [nio-8080-exec-1] o.s.web.servlet.DispatcherServlet        : Completed 200 OK
2026-05-06T22:00:02.459+05:30 DEBUG 26528 --- [nio-8080-exec-6] o.s.web.servlet.DispatcherServlet        : GET "/api/tables", parameters={}
2026-05-06T22:00:02.477+05:30 DEBUG 26528 --- [nio-8080-exec-6] s.w.s.m.m.a.RequestMappingHandlerMapping : Mapped to com.robms.controller.TableController#getAllTables()
2026-05-06T22:00:02.481+05:30 DEBUG 26528 --- [nio-8080-exec-6] org.hibernate.SQL                        : select te1_0.id,te1_0.capacity,te1_0.current_bill_amount,te1_0.name,te1_0.status from restaurant_tables te1_0
Hibernate: select te1_0.id,te1_0.capacity,te1_0.current_bill_amount,te1_0.name,te1_0.status from restaurant_tables te1_0
2026-05-06T22:00:02.481+05:30 DEBUG 26528 --- [nio-8080-exec-6] m.m.a.RequestResponseBodyMethodProcessor : Using 'application/json', given [application/json, text/plain, */*] and supported [application/json, application/*+json]
2026-05-06T22:00:02.481+05:30 DEBUG 26528 --- [nio-8080-exec-6] m.m.a.RequestResponseBodyMethodProcessor : Writing [[com.robms.model.TableEntity@6467b8eb, com.robms.model.TableEntity@75858ba1, com.robms.model.TableEn (truncated)...]
2026-05-06T22:00:02.483+05:30 DEBUG 26528 --- [nio-8080-exec-6] o.s.web.servlet.DispatcherServlet        : Completed 200 OK
2026-05-06T22:00:02.486+05:30 DEBUG 26528 --- [io-8080-exec-10] o.s.web.servlet.DispatcherServlet        : GET "/api/tables", parameters={}
2026-05-06T22:00:02.486+05:30 DEBUG 26528 --- [io-8080-exec-10] s.w.s.m.m.a.RequestMappingHandlerMapping : Mapped to com.robms.controller.TableController#getAllTables()
2026-05-06T22:00:02.488+05:30 DEBUG 26528 --- [io-8080-exec-10] org.hibernate.SQL                        : select te1_0.id,te1_0.capacity,te1_0.current_bill_amount,te1_0.name,te1_0.status from restaurant_tables te1_0
Hibernate: select te1_0.id,te1_0.capacity,te1_0.current_bill_amount,te1_0.name,te1_0.status from restaurant_tables te1_0
2026-05-06T22:00:02.490+05:30 DEBUG 26528 --- [io-8080-exec-10] m.m.a.RequestResponseBodyMethodProcessor : Using 'application/json', given [application/json, text/plain, */*] and supported [application/json, application/*+json]
2026-05-06T22:00:02.490+05:30 DEBUG 26528 --- [io-8080-exec-10] m.m.a.RequestResponseBodyMethodProcessor : Writing [[com.robms.model.TableEntity@c8bfcfd, com.robms.model.TableEntity@359d8b32, com.robms.model.TableEnt (truncated)...]
2026-05-06T22:00:02.492+05:30 DEBUG 26528 --- [io-8080-exec-10] o.s.web.servlet.DispatcherServlet        : Completed 200 OK
2026-05-06T22:00:02.494+05:30 DEBUG 26528 --- [io-8080-exec-10] o.s.web.servlet.DispatcherServlet        : GET "/api/tables", parameters={}
2026-05-06T22:00:02.494+05:30 DEBUG 26528 --- [io-8080-exec-10] s.w.s.m.m.a.RequestMappingHandlerMapping : Mapped to com.robms.controller.TableController#getAllTables()
2026-05-06T22:00:02.494+05:30 DEBUG 26528 --- [io-8080-exec-10] org.hibernate.SQL                        : select te1_0.id,te1_0.capacity,te1_0.current_bill_amount,te1_0.name,te1_0.status from restaurant_tables te1_0
Hibernate: select te1_0.id,te1_0.capacity,te1_0.current_bill_amount,te1_0.name,te1_0.status from restaurant_tables te1_0
2026-05-06T22:00:02.496+05:30 DEBUG 26528 --- [io-8080-exec-10] m.m.a.RequestResponseBodyMethodProcessor : Using 'application/json', given [application/json, text/plain, */*] and supported [application/json, application/*+json]
2026-05-06T22:00:02.496+05:30 DEBUG 26528 --- [io-8080-exec-10] m.m.a.RequestResponseBodyMethodProcessor : Writing [[com.robms.model.TableEntity@6ff96aac, com.robms.model.TableEntity@579e2519, com.robms.model.TableEn (truncated)...]
2026-05-06T22:00:02.498+05:30 DEBUG 26528 --- [io-8080-exec-10] o.s.web.servlet.DispatcherServlet        : Completed 200 OK
2026-05-06T22:01:02.489+05:30 DEBUG 26528 --- [nio-8080-exec-5] o.s.web.servlet.DispatcherServlet        : GET "/api/tables", parameters={}
2026-05-06T22:01:02.509+05:30 DEBUG 26528 --- [nio-8080-exec-5] s.w.s.m.m.a.RequestMappingHandlerMapping : Mapped to com.robms.controller.TableController#getAllTables()
2026-05-06T22:01:02.509+05:30 DEBUG 26528 --- [nio-8080-exec-5] org.hibernate.SQL                        : select te1_0.id,te1_0.capacity,te1_0.current_bill_amount,te1_0.name,te1_0.status from restaurant_tables te1_0
Hibernate: select te1_0.id,te1_0.capacity,te1_0.current_bill_amount,te1_0.name,te1_0.status from restaurant_tables te1_0
2026-05-06T22:01:02.509+05:30 DEBUG 26528 --- [nio-8080-exec-5] m.m.a.RequestResponseBodyMethodProcessor : Using 'application/json', given [application/json, text/plain, */*] and supported [application/json, application/*+json]
2026-05-06T22:01:02.509+05:30 DEBUG 26528 --- [nio-8080-exec-5] m.m.a.RequestResponseBodyMethodProcessor : Writing [[com.robms.model.TableEntity@706ce2ee, com.robms.model.TableEntity@2f57284b, com.robms.model.TableEn (truncated)...]
2026-05-06T22:01:02.516+05:30 DEBUG 26528 --- [nio-8080-exec-5] o.s.web.servlet.DispatcherServlet        : Completed 200 OK
2026-05-06T22:01:02.522+05:30 DEBUG 26528 --- [nio-8080-exec-4] o.s.web.servlet.DispatcherServlet        : GET "/api/tables", parameters={}
2026-05-06T22:01:02.522+05:30 DEBUG 26528 --- [nio-8080-exec-4] s.w.s.m.m.a.RequestMappingHandlerMapping : Mapped to com.robms.controller.TableController#getAllTables()
2026-05-06T22:01:02.524+05:30 DEBUG 26528 --- [nio-8080-exec-4] org.hibernate.SQL                        : select te1_0.id,te1_0.capacity,te1_0.current_bill_amount,te1_0.name,te1_0.status from restaurant_tables te1_0
Hibernate: select te1_0.id,te1_0.capacity,te1_0.current_bill_amount,te1_0.name,te1_0.status from restaurant_tables te1_0
2026-05-06T22:01:02.526+05:30 DEBUG 26528 --- [nio-8080-exec-4] m.m.a.RequestResponseBodyMethodProcessor : Using 'application/json', given [application/json, text/plain, */*] and supported [application/json, application/*+json]
2026-05-06T22:01:02.526+05:30 DEBUG 26528 --- [nio-8080-exec-4] m.m.a.RequestResponseBodyMethodProcessor : Writing [[com.robms.model.TableEntity@6df6dc45, com.robms.model.TableEntity@474f05e5, com.robms.model.TableEn (truncated)...]
2026-05-06T22:01:02.526+05:30 DEBUG 26528 --- [nio-8080-exec-4] o.s.web.servlet.DispatcherServlet        : Completed 200 OK
2026-05-06T22:01:02.528+05:30 DEBUG 26528 --- [nio-8080-exec-7] o.s.web.servlet.DispatcherServlet        : GET "/api/tables", parameters={}
2026-05-06T22:01:02.528+05:30 DEBUG 26528 --- [nio-8080-exec-7] s.w.s.m.m.a.RequestMappingHandlerMapping : Mapped to com.robms.controller.TableController#getAllTables()
2026-05-06T22:01:02.530+05:30 DEBUG 26528 --- [nio-8080-exec-7] org.hibernate.SQL                        : select te1_0.id,te1_0.capacity,te1_0.current_bill_amount,te1_0.name,te1_0.status from restaurant_tables te1_0
Hibernate: select te1_0.id,te1_0.capacity,te1_0.current_bill_amount,te1_0.name,te1_0.status from restaurant_tables te1_0
2026-05-06T22:01:02.531+05:30 DEBUG 26528 --- [nio-8080-exec-7] m.m.a.RequestResponseBodyMethodProcessor : Using 'application/json', given [application/json, text/plain, */*] and supported [application/json, application/*+json]
2026-05-06T22:01:02.531+05:30 DEBUG 26528 --- [nio-8080-exec-7] m.m.a.RequestResponseBodyMethodProcessor : Writing [[com.robms.model.TableEntity@9217aab, com.robms.model.TableEntity@78cab14b, com.robms.model.TableEnt (truncated)...]
2026-05-06T22:01:02.532+05:30 DEBUG 26528 --- [nio-8080-exec-7] o.s.web.servlet.DispatcherServlet        : Completed 200 OK
2026-05-06T22:02:02.474+05:30 DEBUG 26528 --- [nio-8080-exec-2] o.s.web.servlet.DispatcherServlet        : GET "/api/tables", parameters={}
2026-05-06T22:02:02.508+05:30 DEBUG 26528 --- [nio-8080-exec-2] s.w.s.m.m.a.RequestMappingHandlerMapping : Mapped to com.robms.controller.TableController#getAllTables()
2026-05-06T22:02:02.508+05:30 DEBUG 26528 --- [nio-8080-exec-2] org.hibernate.SQL                        : select te1_0.id,te1_0.capacity,te1_0.current_bill_amount,te1_0.name,te1_0.status from restaurant_tables te1_0
Hibernate: select te1_0.id,te1_0.capacity,te1_0.current_bill_amount,te1_0.name,te1_0.status from restaurant_tables te1_0
2026-05-06T22:02:02.508+05:30 DEBUG 26528 --- [nio-8080-exec-2] m.m.a.RequestResponseBodyMethodProcessor : Using 'application/json', given [application/json, text/plain, */*] and supported [application/json, application/*+json]
2026-05-06T22:02:02.508+05:30 DEBUG 26528 --- [nio-8080-exec-2] m.m.a.RequestResponseBodyMethodProcessor : Writing [[com.robms.model.TableEntity@765e7450, com.robms.model.TableEntity@578f8db5, com.robms.model.TableEn (truncated)...]
2026-05-06T22:02:02.517+05:30 DEBUG 26528 --- [nio-8080-exec-2] o.s.web.servlet.DispatcherServlet        : Completed 200 OK
2026-05-06T22:02:02.518+05:30 DEBUG 26528 --- [nio-8080-exec-9] o.s.web.servlet.DispatcherServlet        : GET "/api/tables", parameters={}
2026-05-06T22:02:02.518+05:30 DEBUG 26528 --- [nio-8080-exec-9] s.w.s.m.m.a.RequestMappingHandlerMapping : Mapped to com.robms.controller.TableController#getAllTables()
2026-05-06T22:02:02.521+05:30 DEBUG 26528 --- [nio-8080-exec-9] org.hibernate.SQL                        : select te1_0.id,te1_0.capacity,te1_0.current_bill_amount,te1_0.name,te1_0.status from restaurant_tables te1_0
Hibernate: select te1_0.id,te1_0.capacity,te1_0.current_bill_amount,te1_0.name,te1_0.status from restaurant_tables te1_0
2026-05-06T22:02:02.526+05:30 DEBUG 26528 --- [nio-8080-exec-9] m.m.a.RequestResponseBodyMethodProcessor : Using 'application/json', given [application/json, text/plain, */*] and supported [application/json, application/*+json]
2026-05-06T22:02:02.526+05:30 DEBUG 26528 --- [nio-8080-exec-9] m.m.a.RequestResponseBodyMethodProcessor : Writing [[com.robms.model.TableEntity@285d2d4f, com.robms.model.TableEntity@4068bb70, com.robms.model.TableEn (truncated)...]
2026-05-06T22:02:02.528+05:30 DEBUG 26528 --- [nio-8080-exec-9] o.s.web.servlet.DispatcherServlet        : Completed 200 OK
2026-05-06T22:02:02.529+05:30 DEBUG 26528 --- [nio-8080-exec-1] o.s.web.servlet.DispatcherServlet        : GET "/api/tables", parameters={}
2026-05-06T22:02:02.530+05:30 DEBUG 26528 --- [nio-8080-exec-1] s.w.s.m.m.a.RequestMappingHandlerMapping : Mapped to com.robms.controller.TableController#getAllTables()
2026-05-06T22:02:02.530+05:30 DEBUG 26528 --- [nio-8080-exec-1] org.hibernate.SQL                        : select te1_0.id,te1_0.capacity,te1_0.current_bill_amount,te1_0.name,te1_0.status from restaurant_tables te1_0
Hibernate: select te1_0.id,te1_0.capacity,te1_0.current_bill_amount,te1_0.name,te1_0.status from restaurant_tables te1_0
2026-05-06T22:02:02.532+05:30 DEBUG 26528 --- [nio-8080-exec-1] m.m.a.RequestResponseBodyMethodProcessor : Using 'application/json', given [application/json, text/plain, */*] and supported [application/json, application/*+json]
2026-05-06T22:02:02.532+05:30 DEBUG 26528 --- [nio-8080-exec-1] m.m.a.RequestResponseBodyMethodProcessor : Writing [[com.robms.model.TableEntity@374e566a, com.robms.model.TableEntity@322c3f7c, com.robms.model.TableEn (truncated)...]
2026-05-06T22:02:02.534+05:30 DEBUG 26528 --- [nio-8080-exec-1] o.s.web.servlet.DispatcherServlet        : Completed 200 OK
2026-05-06T22:03:02.492+05:30 DEBUG 26528 --- [nio-8080-exec-6] o.s.web.servlet.DispatcherServlet        : GET "/api/tables", parameters={}
2026-05-06T22:03:02.517+05:30 DEBUG 26528 --- [nio-8080-exec-6] s.w.s.m.m.a.RequestMappingHandlerMapping : Mapped to com.robms.controller.TableController#getAllTables()
2026-05-06T22:03:02.518+05:30 DEBUG 26528 --- [nio-8080-exec-6] org.hibernate.SQL                        : select te1_0.id,te1_0.capacity,te1_0.current_bill_amount,te1_0.name,te1_0.status from restaurant_tables te1_0
Hibernate: select te1_0.id,te1_0.capacity,te1_0.current_bill_amount,te1_0.name,te1_0.status from restaurant_tables te1_0
2026-05-06T22:03:02.518+05:30 DEBUG 26528 --- [nio-8080-exec-6] m.m.a.RequestResponseBodyMethodProcessor : Using 'application/json', given [application/json, text/plain, */*] and supported [application/json, application/*+json]
2026-05-06T22:03:02.518+05:30 DEBUG 26528 --- [nio-8080-exec-6] m.m.a.RequestResponseBodyMethodProcessor : Writing [[com.robms.model.TableEntity@46f8076b, com.robms.model.TableEntity@6453e3b0, com.robms.model.TableEn (truncated)...]
2026-05-06T22:03:02.518+05:30 DEBUG 26528 --- [nio-8080-exec-6] o.s.web.servlet.DispatcherServlet        : Completed 200 OK
2026-05-06T22:03:02.527+05:30 DEBUG 26528 --- [nio-8080-exec-3] o.s.web.servlet.DispatcherServlet        : GET "/api/tables", parameters={}
2026-05-06T22:03:02.527+05:30 DEBUG 26528 --- [nio-8080-exec-3] s.w.s.m.m.a.RequestMappingHandlerMapping : Mapped to com.robms.controller.TableController#getAllTables()
2026-05-06T22:03:02.528+05:30 DEBUG 26528 --- [nio-8080-exec-3] org.hibernate.SQL                        : select te1_0.id,te1_0.capacity,te1_0.current_bill_amount,te1_0.name,te1_0.status from restaurant_tables te1_0
Hibernate: select te1_0.id,te1_0.capacity,te1_0.current_bill_amount,te1_0.name,te1_0.status from restaurant_tables te1_0
2026-05-06T22:03:02.528+05:30 DEBUG 26528 --- [nio-8080-exec-3] m.m.a.RequestResponseBodyMethodProcessor : Using 'application/json', given [application/json, text/plain, */*] and supported [application/json, application/*+json]
2026-05-06T22:03:02.528+05:30 DEBUG 26528 --- [nio-8080-exec-3] m.m.a.RequestResponseBodyMethodProcessor : Writing [[com.robms.model.TableEntity@3fb98ba5, com.robms.model.TableEntity@7a7babb5, com.robms.model.TableEn (truncated)...]
2026-05-06T22:03:02.528+05:30 DEBUG 26528 --- [nio-8080-exec-3] o.s.web.servlet.DispatcherServlet        : Completed 200 OK
2026-05-06T22:03:02.534+05:30 DEBUG 26528 --- [nio-8080-exec-5] o.s.web.servlet.DispatcherServlet        : GET "/api/tables", parameters={}
2026-05-06T22:03:02.534+05:30 DEBUG 26528 --- [nio-8080-exec-5] s.w.s.m.m.a.RequestMappingHandlerMapping : Mapped to com.robms.controller.TableController#getAllTables()
2026-05-06T22:03:02.535+05:30 DEBUG 26528 --- [nio-8080-exec-5] org.hibernate.SQL                        : select te1_0.id,te1_0.capacity,te1_0.current_bill_amount,te1_0.name,te1_0.status from restaurant_tables te1_0
Hibernate: select te1_0.id,te1_0.capacity,te1_0.current_bill_amount,te1_0.name,te1_0.status from restaurant_tables te1_0
2026-05-06T22:03:02.535+05:30 DEBUG 26528 --- [nio-8080-exec-5] m.m.a.RequestResponseBodyMethodProcessor : Using 'application/json', given [application/json, text/plain, */*] and supported [application/json, application/*+json]
2026-05-06T22:03:02.535+05:30 DEBUG 26528 --- [nio-8080-exec-5] m.m.a.RequestResponseBodyMethodProcessor : Writing [[com.robms.model.TableEntity@7704fa4f, com.robms.model.TableEntity@2521ffa5, com.robms.model.TableEn (truncated)...]
2026-05-06T22:03:02.535+05:30 DEBUG 26528 --- [nio-8080-exec-5] o.s.web.servlet.DispatcherServlet        : Completed 200 OK
2026-05-06T22:04:02.474+05:30 DEBUG 26528 --- [nio-8080-exec-4] o.s.web.servlet.DispatcherServlet        : GET "/api/tables", parameters={}
2026-05-06T22:04:02.493+05:30 DEBUG 26528 --- [nio-8080-exec-4] s.w.s.m.m.a.RequestMappingHandlerMapping : Mapped to com.robms.controller.TableController#getAllTables()
2026-05-06T22:04:02.493+05:30 DEBUG 26528 --- [nio-8080-exec-4] org.hibernate.SQL                        : select te1_0.id,te1_0.capacity,te1_0.current_bill_amount,te1_0.name,te1_0.status from restaurant_tables te1_0
Hibernate: select te1_0.id,te1_0.capacity,te1_0.current_bill_amount,te1_0.name,te1_0.status from restaurant_tables te1_0
2026-05-06T22:04:02.493+05:30 DEBUG 26528 --- [nio-8080-exec-4] m.m.a.RequestResponseBodyMethodProcessor : Using 'application/json', given [application/json, text/plain, */*] and supported [application/json, application/*+json]
2026-05-06T22:04:02.493+05:30 DEBUG 26528 --- [nio-8080-exec-4] m.m.a.RequestResponseBodyMethodProcessor : Writing [[com.robms.model.TableEntity@50a711e9, com.robms.model.TableEntity@16f703c, com.robms.model.TableEnt (truncated)...]
2026-05-06T22:04:02.499+05:30 DEBUG 26528 --- [nio-8080-exec-4] o.s.web.servlet.DispatcherServlet        : Completed 200 OK
2026-05-06T22:04:02.504+05:30 DEBUG 26528 --- [nio-8080-exec-7] o.s.web.servlet.DispatcherServlet        : GET "/api/tables", parameters={}
2026-05-06T22:04:02.504+05:30 DEBUG 26528 --- [nio-8080-exec-7] s.w.s.m.m.a.RequestMappingHandlerMapping : Mapped to com.robms.controller.TableController#getAllTables()
2026-05-06T22:04:02.506+05:30 DEBUG 26528 --- [nio-8080-exec-7] org.hibernate.SQL                        : select te1_0.id,te1_0.capacity,te1_0.current_bill_amount,te1_0.name,te1_0.status from restaurant_tables te1_0
Hibernate: select te1_0.id,te1_0.capacity,te1_0.current_bill_amount,te1_0.name,te1_0.status from restaurant_tables te1_0
2026-05-06T22:04:02.509+05:30 DEBUG 26528 --- [nio-8080-exec-7] m.m.a.RequestResponseBodyMethodProcessor : Using 'application/json', given [application/json, text/plain, */*] and supported [application/json, application/*+json]
2026-05-06T22:04:02.509+05:30 DEBUG 26528 --- [nio-8080-exec-7] m.m.a.RequestResponseBodyMethodProcessor : Writing [[com.robms.model.TableEntity@254885e, com.robms.model.TableEntity@1695468d, com.robms.model.TableEnt (truncated)...]
2026-05-06T22:04:02.509+05:30 DEBUG 26528 --- [nio-8080-exec-7] o.s.web.servlet.DispatcherServlet        : Completed 200 OK
2026-05-06T22:04:02.516+05:30 DEBUG 26528 --- [nio-8080-exec-8] o.s.web.servlet.DispatcherServlet        : GET "/api/tables", parameters={}
2026-05-06T22:04:02.518+05:30 DEBUG 26528 --- [nio-8080-exec-8] s.w.s.m.m.a.RequestMappingHandlerMapping : Mapped to com.robms.controller.TableController#getAllTables()
2026-05-06T22:04:02.520+05:30 DEBUG 26528 --- [nio-8080-exec-8] org.hibernate.SQL                        : select te1_0.id,te1_0.capacity,te1_0.current_bill_amount,te1_0.name,te1_0.status from restaurant_tables te1_0
Hibernate: select te1_0.id,te1_0.capacity,te1_0.current_bill_amount,te1_0.name,te1_0.status from restaurant_tables te1_0
2026-05-06T22:04:02.521+05:30 DEBUG 26528 --- [nio-8080-exec-8] m.m.a.RequestResponseBodyMethodProcessor : Using 'application/json', given [application/json, text/plain, */*] and supported [application/json, application/*+json]
2026-05-06T22:04:02.522+05:30 DEBUG 26528 --- [nio-8080-exec-8] m.m.a.RequestResponseBodyMethodProcessor : Writing [[com.robms.model.TableEntity@25d1321c, com.robms.model.TableEntity@6e50fce4, com.robms.model.TableEn (truncated)...]
2026-05-06T22:04:02.522+05:30 DEBUG 26528 --- [nio-8080-exec-8] o.s.web.servlet.DispatcherServlet        : Completed 200 OK
2026-05-06T22:12:06.849+05:30 DEBUG 26528 --- [nio-8080-exec-9] o.s.web.servlet.DispatcherServlet        : GET "/api/tables", parameters={}
2026-05-06T22:12:06.849+05:30 DEBUG 26528 --- [nio-8080-exec-9] s.w.s.m.m.a.RequestMappingHandlerMapping : Mapped to com.robms.controller.TableController#getAllTables()
2026-05-06T22:12:06.855+05:30 DEBUG 26528 --- [nio-8080-exec-9] org.hibernate.SQL                        : select te1_0.id,te1_0.capacity,te1_0.current_bill_amount,te1_0.name,te1_0.status from restaurant_tables te1_0
Hibernate: select te1_0.id,te1_0.capacity,te1_0.current_bill_amount,te1_0.name,te1_0.status from restaurant_tables te1_0
2026-05-06T22:12:06.855+05:30 DEBUG 26528 --- [nio-8080-exec-9] m.m.a.RequestResponseBodyMethodProcessor : Using 'application/json', given [application/json, text/plain, */*] and supported [application/json, application/*+json]
2026-05-06T22:12:06.855+05:30 DEBUG 26528 --- [nio-8080-exec-9] m.m.a.RequestResponseBodyMethodProcessor : Writing [[com.robms.model.TableEntity@7f18be8e, com.robms.model.TableEntity@2d425685, com.robms.model.TableEn (truncated)...]
2026-05-06T22:12:06.855+05:30 DEBUG 26528 --- [nio-8080-exec-9] o.s.web.servlet.DispatcherServlet        : Completed 200 OK
2026-05-06T22:12:06.936+05:30 DEBUG 26528 --- [nio-8080-exec-1] o.s.web.servlet.DispatcherServlet        : GET "/api/tables", parameters={}
2026-05-06T22:12:06.936+05:30 DEBUG 26528 --- [nio-8080-exec-1] s.w.s.m.m.a.RequestMappingHandlerMapping : Mapped to com.robms.controller.TableController#getAllTables()
2026-05-06T22:12:06.936+05:30 DEBUG 26528 --- [nio-8080-exec-1] org.hibernate.SQL                        : select te1_0.id,te1_0.capacity,te1_0.current_bill_amount,te1_0.name,te1_0.status from restaurant_tables te1_0
Hibernate: select te1_0.id,te1_0.capacity,te1_0.current_bill_amount,te1_0.name,te1_0.status from restaurant_tables te1_0
2026-05-06T22:12:06.936+05:30 DEBUG 26528 --- [nio-8080-exec-1] m.m.a.RequestResponseBodyMethodProcessor : Using 'application/json', given [application/json, text/plain, */*] and supported [application/json, application/*+json]
2026-05-06T22:12:06.936+05:30 DEBUG 26528 --- [nio-8080-exec-1] m.m.a.RequestResponseBodyMethodProcessor : Writing [[com.robms.model.TableEntity@7e2f7c1c, com.robms.model.TableEntity@3ce0216e, com.robms.model.TableEn (truncated)...]
2026-05-06T22:12:06.936+05:30 DEBUG 26528 --- [nio-8080-exec-1] o.s.web.servlet.DispatcherServlet        : Completed 200 OK
2026-05-06T22:12:07.018+05:30 DEBUG 26528 --- [nio-8080-exec-6] o.s.web.servlet.DispatcherServlet        : GET "/api/tables", parameters={}
2026-05-06T22:12:07.018+05:30 DEBUG 26528 --- [nio-8080-exec-6] s.w.s.m.m.a.RequestMappingHandlerMapping : Mapped to com.robms.controller.TableController#getAllTables()
2026-05-06T22:12:07.018+05:30 DEBUG 26528 --- [nio-8080-exec-6] org.hibernate.SQL                        : select te1_0.id,te1_0.capacity,te1_0.current_bill_amount,te1_0.name,te1_0.status from restaurant_tables te1_0
Hibernate: select te1_0.id,te1_0.capacity,te1_0.current_bill_amount,te1_0.name,te1_0.status from restaurant_tables te1_0
2026-05-06T22:12:07.018+05:30 DEBUG 26528 --- [nio-8080-exec-6] m.m.a.RequestResponseBodyMethodProcessor : Using 'application/json', given [application/json, text/plain, */*] and supported [application/json, application/*+json]
2026-05-06T22:12:07.018+05:30 DEBUG 26528 --- [nio-8080-exec-6] m.m.a.RequestResponseBodyMethodProcessor : Writing [[com.robms.model.TableEntity@5a12fe07, com.robms.model.TableEntity@79b2dd83, com.robms.model.TableEn (truncated)...]
2026-05-06T22:12:07.018+05:30 DEBUG 26528 --- [nio-8080-exec-6] o.s.web.servlet.DispatcherServlet        : Completed 200 OK
2026-05-06T22:12:08.209+05:30  INFO 26528 --- [essageBroker-10] o.s.w.s.c.WebSocketMessageBrokerStats    : WebSocketSession[0 current WS(0)-HttpStream(0)-HttpPoll(0), 6 total, 0 closed abnormally (0 connect failure, 0 send limit, 3 transport error)], stompSubProtocol[processed CONNECT(3)-CONNECTED(3)-DISCONNECT(1)], stompBrokerRelay[null], inboundChannel[pool size = 0, active threads = 0, queued tasks = 0, completed tasks = 39], outboundChannel[pool size = 0, active threads = 0, queued tasks = 0, completed tasks = 12], sockJsScheduler[pool size = 12, active threads = 2, queued tasks = 0, completed tasks = 287]
2026-05-06T22:12:13.560+05:30  WARN 26528 --- [l-1 housekeeper] com.zaxxer.hikari.pool.HikariPool        : HikariPool-1 - Thread starvation or clock leap detected (housekeeper delta=7m59s472ms40µs900ns).
2026-05-06T22:12:58.637+05:30 DEBUG 26528 --- [nio-8080-exec-3] o.s.web.servlet.DispatcherServlet        : GET "/api/tables", parameters={}
2026-05-06T22:12:58.638+05:30 DEBUG 26528 --- [nio-8080-exec-3] s.w.s.m.m.a.RequestMappingHandlerMapping : Mapped to com.robms.controller.TableController#getAllTables()
2026-05-06T22:12:58.638+05:30 DEBUG 26528 --- [nio-8080-exec-3] org.hibernate.SQL                        : select te1_0.id,te1_0.capacity,te1_0.current_bill_amount,te1_0.name,te1_0.status from restaurant_tables te1_0
Hibernate: select te1_0.id,te1_0.capacity,te1_0.current_bill_amount,te1_0.name,te1_0.status from restaurant_tables te1_0
2026-05-06T22:12:58.651+05:30 DEBUG 26528 --- [nio-8080-exec-3] m.m.a.RequestResponseBodyMethodProcessor : Using 'application/json', given [application/json, text/plain, */*] and supported [application/json, application/*+json]
2026-05-06T22:12:58.652+05:30 DEBUG 26528 --- [nio-8080-exec-3] m.m.a.RequestResponseBodyMethodProcessor : Writing [[com.robms.model.TableEntity@57208488, com.robms.model.TableEntity@5f570bb1, com.robms.model.TableEn (truncated)...]
2026-05-06T22:12:58.652+05:30 DEBUG 26528 --- [nio-8080-exec-3] o.s.web.servlet.DispatcherServlet        : Completed 200 OK
2026-05-06T22:12:58.659+05:30 DEBUG 26528 --- [io-8080-exec-10] o.s.web.servlet.DispatcherServlet        : GET "/api/tables", parameters={}
2026-05-06T22:12:58.659+05:30 DEBUG 26528 --- [io-8080-exec-10] s.w.s.m.m.a.RequestMappingHandlerMapping : Mapped to com.robms.controller.TableController#getAllTables()
2026-05-06T22:12:58.660+05:30 DEBUG 26528 --- [io-8080-exec-10] org.hibernate.SQL                        : select te1_0.id,te1_0.capacity,te1_0.current_bill_amount,te1_0.name,te1_0.status from restaurant_tables te1_0
Hibernate: select te1_0.id,te1_0.capacity,te1_0.current_bill_amount,te1_0.name,te1_0.status from restaurant_tables te1_0
2026-05-06T22:12:58.665+05:30 DEBUG 26528 --- [io-8080-exec-10] m.m.a.RequestResponseBodyMethodProcessor : Using 'application/json', given [application/json, text/plain, */*] and supported [application/json, application/*+json]
2026-05-06T22:12:58.665+05:30 DEBUG 26528 --- [io-8080-exec-10] m.m.a.RequestResponseBodyMethodProcessor : Writing [[com.robms.model.TableEntity@902bf0, com.robms.model.TableEntity@40612a48, com.robms.model.TableEnti (truncated)...]
2026-05-06T22:12:58.665+05:30 DEBUG 26528 --- [io-8080-exec-10] o.s.web.servlet.DispatcherServlet        : Completed 200 OK
2026-05-06T22:13:02.464+05:30 DEBUG 26528 --- [nio-8080-exec-5] o.s.web.servlet.DispatcherServlet        : GET "/api/tables", parameters={}
2026-05-06T22:13:02.484+05:30 DEBUG 26528 --- [nio-8080-exec-5] s.w.s.m.m.a.RequestMappingHandlerMapping : Mapped to com.robms.controller.TableController#getAllTables()
2026-05-06T22:13:02.485+05:30 DEBUG 26528 --- [nio-8080-exec-5] org.hibernate.SQL                        : select te1_0.id,te1_0.capacity,te1_0.current_bill_amount,te1_0.name,te1_0.status from restaurant_tables te1_0
Hibernate: select te1_0.id,te1_0.capacity,te1_0.current_bill_amount,te1_0.name,te1_0.status from restaurant_tables te1_0
2026-05-06T22:13:02.487+05:30 DEBUG 26528 --- [nio-8080-exec-5] m.m.a.RequestResponseBodyMethodProcessor : Using 'application/json', given [application/json, text/plain, */*] and supported [application/json, application/*+json]
2026-05-06T22:13:02.488+05:30 DEBUG 26528 --- [nio-8080-exec-5] m.m.a.RequestResponseBodyMethodProcessor : Writing [[com.robms.model.TableEntity@52bebdc2, com.robms.model.TableEntity@739712d9, com.robms.model.TableEn (truncated)...]
2026-05-06T22:13:02.489+05:30 DEBUG 26528 --- [nio-8080-exec-5] o.s.web.servlet.DispatcherServlet        : Completed 200 OK
2026-05-06T22:13:02.492+05:30 DEBUG 26528 --- [nio-8080-exec-4] o.s.web.servlet.DispatcherServlet        : GET "/api/tables", parameters={}
2026-05-06T22:13:02.492+05:30 DEBUG 26528 --- [nio-8080-exec-4] s.w.s.m.m.a.RequestMappingHandlerMapping : Mapped to com.robms.controller.TableController#getAllTables()
2026-05-06T22:13:02.493+05:30 DEBUG 26528 --- [nio-8080-exec-4] org.hibernate.SQL                        : select te1_0.id,te1_0.capacity,te1_0.current_bill_amount,te1_0.name,te1_0.status from restaurant_tables te1_0
Hibernate: select te1_0.id,te1_0.capacity,te1_0.current_bill_amount,te1_0.name,te1_0.status from restaurant_tables te1_0
2026-05-06T22:13:02.496+05:30 DEBUG 26528 --- [nio-8080-exec-4] m.m.a.RequestResponseBodyMethodProcessor : Using 'application/json', given [application/json, text/plain, */*] and supported [application/json, application/*+json]
2026-05-06T22:13:02.496+05:30 DEBUG 26528 --- [nio-8080-exec-4] m.m.a.RequestResponseBodyMethodProcessor : Writing [[com.robms.model.TableEntity@3ec24a5f, com.robms.model.TableEntity@4fd36b8c, com.robms.model.TableEn (truncated)...]
2026-05-06T22:13:02.496+05:30 DEBUG 26528 --- [nio-8080-exec-4] o.s.web.servlet.DispatcherServlet        : Completed 200 OK
2026-05-06T22:13:02.496+05:30 DEBUG 26528 --- [nio-8080-exec-7] o.s.web.servlet.DispatcherServlet        : GET "/api/tables", parameters={}
2026-05-06T22:13:02.499+05:30 DEBUG 26528 --- [nio-8080-exec-7] s.w.s.m.m.a.RequestMappingHandlerMapping : Mapped to com.robms.controller.TableController#getAllTables()
2026-05-06T22:13:02.499+05:30 DEBUG 26528 --- [nio-8080-exec-7] org.hibernate.SQL                        : select te1_0.id,te1_0.capacity,te1_0.current_bill_amount,te1_0.name,te1_0.status from restaurant_tables te1_0
Hibernate: select te1_0.id,te1_0.capacity,te1_0.current_bill_amount,te1_0.name,te1_0.status from restaurant_tables te1_0
2026-05-06T22:13:02.502+05:30 DEBUG 26528 --- [nio-8080-exec-7] m.m.a.RequestResponseBodyMethodProcessor : Using 'application/json', given [application/json, text/plain, */*] and supported [application/json, application/*+json]
2026-05-06T22:13:02.503+05:30 DEBUG 26528 --- [nio-8080-exec-7] m.m.a.RequestResponseBodyMethodProcessor : Writing [[com.robms.model.TableEntity@73977880, com.robms.model.TableEntity@19f3575b, com.robms.model.TableEn (truncated)...]
2026-05-06T22:13:02.503+05:30 DEBUG 26528 --- [nio-8080-exec-7] o.s.web.servlet.DispatcherServlet        : Completed 200 OK
2026-05-06T22:13:08.694+05:30 DEBUG 26528 --- [nio-8080-exec-8] o.s.web.servlet.DispatcherServlet        : GET "/api/tables", parameters={}
2026-05-06T22:13:08.716+05:30 DEBUG 26528 --- [nio-8080-exec-8] s.w.s.m.m.a.RequestMappingHandlerMapping : Mapped to com.robms.controller.TableController#getAllTables()
2026-05-06T22:13:08.719+05:30 DEBUG 26528 --- [nio-8080-exec-8] org.hibernate.SQL                        : select te1_0.id,te1_0.capacity,te1_0.current_bill_amount,te1_0.name,te1_0.status from restaurant_tables te1_0
Hibernate: select te1_0.id,te1_0.capacity,te1_0.current_bill_amount,te1_0.name,te1_0.status from restaurant_tables te1_0
2026-05-06T22:13:08.719+05:30 DEBUG 26528 --- [nio-8080-exec-8] m.m.a.RequestResponseBodyMethodProcessor : Using 'application/json', given [application/json, text/plain, */*] and supported [application/json, application/*+json]
2026-05-06T22:13:08.719+05:30 DEBUG 26528 --- [nio-8080-exec-8] m.m.a.RequestResponseBodyMethodProcessor : Writing [[com.robms.model.TableEntity@40f15aa5, com.robms.model.TableEntity@609a2723, com.robms.model.TableEn (truncated)...]
2026-05-06T22:13:08.719+05:30 DEBUG 26528 --- [nio-8080-exec-8] o.s.web.servlet.DispatcherServlet        : Completed 200 OK
2026-05-06T22:14:12.894+05:30 DEBUG 26528 --- [nio-8080-exec-1] o.s.web.servlet.DispatcherServlet        : GET "/api/tables", parameters={}
2026-05-06T22:14:12.912+05:30 DEBUG 26528 --- [nio-8080-exec-1] s.w.s.m.m.a.RequestMappingHandlerMapping : Mapped to com.robms.controller.TableController#getAllTables()
2026-05-06T22:14:12.912+05:30 DEBUG 26528 --- [nio-8080-exec-1] org.hibernate.SQL                        : select te1_0.id,te1_0.capacity,te1_0.current_bill_amount,te1_0.name,te1_0.status from restaurant_tables te1_0
Hibernate: select te1_0.id,te1_0.capacity,te1_0.current_bill_amount,te1_0.name,te1_0.status from restaurant_tables te1_0
2026-05-06T22:14:12.912+05:30 DEBUG 26528 --- [nio-8080-exec-1] m.m.a.RequestResponseBodyMethodProcessor : Using 'application/json', given [application/json, text/plain, */*] and supported [application/json, application/*+json]
2026-05-06T22:14:12.912+05:30 DEBUG 26528 --- [nio-8080-exec-1] m.m.a.RequestResponseBodyMethodProcessor : Writing [[com.robms.model.TableEntity@176f9ca5, com.robms.model.TableEntity@2830cbc5, com.robms.model.TableEn (truncated)...]
2026-05-06T22:14:12.912+05:30 DEBUG 26528 --- [nio-8080-exec-1] o.s.web.servlet.DispatcherServlet        : Completed 200 OK
2026-05-06T22:14:12.918+05:30 DEBUG 26528 --- [nio-8080-exec-6] o.s.web.servlet.DispatcherServlet        : GET "/api/tables", parameters={}
2026-05-06T22:14:12.918+05:30 DEBUG 26528 --- [nio-8080-exec-6] s.w.s.m.m.a.RequestMappingHandlerMapping : Mapped to com.robms.controller.TableController#getAllTables()
2026-05-06T22:14:12.918+05:30 DEBUG 26528 --- [nio-8080-exec-6] org.hibernate.SQL                        : select te1_0.id,te1_0.capacity,te1_0.current_bill_amount,te1_0.name,te1_0.status from restaurant_tables te1_0
Hibernate: select te1_0.id,te1_0.capacity,te1_0.current_bill_amount,te1_0.name,te1_0.status from restaurant_tables te1_0
2026-05-06T22:14:12.918+05:30 DEBUG 26528 --- [nio-8080-exec-6] m.m.a.RequestResponseBodyMethodProcessor : Using 'application/json', given [application/json, text/plain, */*] and supported [application/json, application/*+json]
2026-05-06T22:14:12.922+05:30 DEBUG 26528 --- [nio-8080-exec-6] m.m.a.RequestResponseBodyMethodProcessor : Writing [[com.robms.model.TableEntity@69552932, com.robms.model.TableEntity@60763398, com.robms.model.TableEn (truncated)...]
2026-05-06T22:14:12.922+05:30 DEBUG 26528 --- [nio-8080-exec-6] o.s.web.servlet.DispatcherServlet        : Completed 200 OK
2026-05-06T22:17:48.954+05:30 DEBUG 26528 --- [nio-8080-exec-5] o.s.web.servlet.DispatcherServlet        : GET "/api/tables", parameters={}
2026-05-06T22:17:48.976+05:30 DEBUG 26528 --- [nio-8080-exec-5] s.w.s.m.m.a.RequestMappingHandlerMapping : Mapped to com.robms.controller.TableController#getAllTables()
2026-05-06T22:17:48.979+05:30 DEBUG 26528 --- [nio-8080-exec-5] org.hibernate.SQL                        : select te1_0.id,te1_0.capacity,te1_0.current_bill_amount,te1_0.name,te1_0.status from restaurant_tables te1_0
Hibernate: select te1_0.id,te1_0.capacity,te1_0.current_bill_amount,te1_0.name,te1_0.status from restaurant_tables te1_0
2026-05-06T22:17:48.979+05:30 DEBUG 26528 --- [nio-8080-exec-5] m.m.a.RequestResponseBodyMethodProcessor : Using 'application/json', given [application/json, text/plain, */*] and supported [application/json, application/*+json]
2026-05-06T22:17:48.979+05:30 DEBUG 26528 --- [nio-8080-exec-5] m.m.a.RequestResponseBodyMethodProcessor : Writing [[com.robms.model.TableEntity@440069fd, com.robms.model.TableEntity@5ce9170b, com.robms.model.TableEn (truncated)...]
2026-05-06T22:17:48.979+05:30 DEBUG 26528 --- [nio-8080-exec-5] o.s.web.servlet.DispatcherServlet        : Completed 200 OK
2026-05-06T22:17:48.984+05:30 DEBUG 26528 --- [nio-8080-exec-4] o.s.web.servlet.DispatcherServlet        : GET "/api/tables", parameters={}
2026-05-06T22:17:48.984+05:30 DEBUG 26528 --- [nio-8080-exec-4] s.w.s.m.m.a.RequestMappingHandlerMapping : Mapped to com.robms.controller.TableController#getAllTables()
2026-05-06T22:17:48.984+05:30 DEBUG 26528 --- [nio-8080-exec-4] org.hibernate.SQL                        : select te1_0.id,te1_0.capacity,te1_0.current_bill_amount,te1_0.name,te1_0.status from restaurant_tables te1_0
Hibernate: select te1_0.id,te1_0.capacity,te1_0.current_bill_amount,te1_0.name,te1_0.status from restaurant_tables te1_0
2026-05-06T22:17:48.987+05:30 DEBUG 26528 --- [nio-8080-exec-4] m.m.a.RequestResponseBodyMethodProcessor : Using 'application/json', given [application/json, text/plain, */*] and supported [application/json, application/*+json]
2026-05-06T22:17:48.987+05:30 DEBUG 26528 --- [nio-8080-exec-4] m.m.a.RequestResponseBodyMethodProcessor : Writing [[com.robms.model.TableEntity@518f87e0, com.robms.model.TableEntity@22c794d9, com.robms.model.TableEn (truncated)...]
2026-05-06T22:17:48.987+05:30 DEBUG 26528 --- [nio-8080-exec-4] o.s.web.servlet.DispatcherServlet        : Completed 200 OK
2026-05-06T22:17:59.470+05:30 DEBUG 26528 --- [nio-8080-exec-7] o.s.web.servlet.DispatcherServlet        : GET "/api/tables", parameters={}
2026-05-06T22:17:59.493+05:30 DEBUG 26528 --- [nio-8080-exec-7] s.w.s.m.m.a.RequestMappingHandlerMapping : Mapped to com.robms.controller.TableController#getAllTables()
2026-05-06T22:17:59.493+05:30 DEBUG 26528 --- [nio-8080-exec-7] org.hibernate.SQL                        : select te1_0.id,te1_0.capacity,te1_0.current_bill_amount,te1_0.name,te1_0.status from restaurant_tables te1_0
Hibernate: select te1_0.id,te1_0.capacity,te1_0.current_bill_amount,te1_0.name,te1_0.status from restaurant_tables te1_0
2026-05-06T22:17:59.496+05:30 DEBUG 26528 --- [nio-8080-exec-7] m.m.a.RequestResponseBodyMethodProcessor : Using 'application/json', given [application/json, text/plain, */*] and supported [application/json, application/*+json]
2026-05-06T22:17:59.496+05:30 DEBUG 26528 --- [nio-8080-exec-7] m.m.a.RequestResponseBodyMethodProcessor : Writing [[com.robms.model.TableEntity@62f47605, com.robms.model.TableEntity@90ef796, com.robms.model.TableEnt (truncated)...]
2026-05-06T22:17:59.496+05:30 DEBUG 26528 --- [nio-8080-exec-7] o.s.web.servlet.DispatcherServlet        : Completed 200 OK
2026-05-06T22:18:09.489+05:30 DEBUG 26528 --- [nio-8080-exec-8] o.s.web.servlet.DispatcherServlet        : GET "/api/tables", parameters={}
2026-05-06T22:18:09.510+05:30 DEBUG 26528 --- [nio-8080-exec-8] s.w.s.m.m.a.RequestMappingHandlerMapping : Mapped to com.robms.controller.TableController#getAllTables()
2026-05-06T22:18:09.512+05:30 DEBUG 26528 --- [nio-8080-exec-8] org.hibernate.SQL                        : select te1_0.id,te1_0.capacity,te1_0.current_bill_amount,te1_0.name,te1_0.status from restaurant_tables te1_0
Hibernate: select te1_0.id,te1_0.capacity,te1_0.current_bill_amount,te1_0.name,te1_0.status from restaurant_tables te1_0
2026-05-06T22:18:09.515+05:30 DEBUG 26528 --- [nio-8080-exec-8] m.m.a.RequestResponseBodyMethodProcessor : Using 'application/json', given [application/json, text/plain, */*] and supported [application/json, application/*+json]
2026-05-06T22:18:09.515+05:30 DEBUG 26528 --- [nio-8080-exec-8] m.m.a.RequestResponseBodyMethodProcessor : Writing [[com.robms.model.TableEntity@390f830d, com.robms.model.TableEntity@2f87aead, com.robms.model.TableEn (truncated)...]
2026-05-06T22:18:09.515+05:30 DEBUG 26528 --- [nio-8080-exec-8] o.s.web.servlet.DispatcherServlet        : Completed 200 OK
2026-05-06T22:18:19.463+05:30 DEBUG 26528 --- [nio-8080-exec-2] o.s.web.servlet.DispatcherServlet        : GET "/api/tables", parameters={}
2026-05-06T22:18:19.463+05:30 DEBUG 26528 --- [nio-8080-exec-2] s.w.s.m.m.a.RequestMappingHandlerMapping : Mapped to com.robms.controller.TableController#getAllTables()
2026-05-06T22:18:19.467+05:30 DEBUG 26528 --- [nio-8080-exec-2] org.hibernate.SQL                        : select te1_0.id,te1_0.capacity,te1_0.current_bill_amount,te1_0.name,te1_0.status from restaurant_tables te1_0
Hibernate: select te1_0.id,te1_0.capacity,te1_0.current_bill_amount,te1_0.name,te1_0.status from restaurant_tables te1_0
2026-05-06T22:18:19.467+05:30 DEBUG 26528 --- [nio-8080-exec-2] m.m.a.RequestResponseBodyMethodProcessor : Using 'application/json', given [application/json, text/plain, */*] and supported [application/json, application/*+json]
2026-05-06T22:18:19.467+05:30 DEBUG 26528 --- [nio-8080-exec-2] m.m.a.RequestResponseBodyMethodProcessor : Writing [[com.robms.model.TableEntity@5751e543, com.robms.model.TableEntity@4f1ed65, com.robms.model.TableEnt (truncated)...]
2026-05-06T22:18:19.469+05:30 DEBUG 26528 --- [nio-8080-exec-2] o.s.web.servlet.DispatcherServlet        : Completed 200 OK
2026-05-06T22:18:29.463+05:30 DEBUG 26528 --- [nio-8080-exec-9] o.s.web.servlet.DispatcherServlet        : GET "/api/tables", parameters={}
2026-05-06T22:18:29.481+05:30 DEBUG 26528 --- [nio-8080-exec-9] s.w.s.m.m.a.RequestMappingHandlerMapping : Mapped to com.robms.controller.TableController#getAllTables()
2026-05-06T22:18:29.481+05:30 DEBUG 26528 --- [nio-8080-exec-9] org.hibernate.SQL                        : select te1_0.id,te1_0.capacity,te1_0.current_bill_amount,te1_0.name,te1_0.status from restaurant_tables te1_0
Hibernate: select te1_0.id,te1_0.capacity,te1_0.current_bill_amount,te1_0.name,te1_0.status from restaurant_tables te1_0
2026-05-06T22:18:29.484+05:30 DEBUG 26528 --- [nio-8080-exec-9] m.m.a.RequestResponseBodyMethodProcessor : Using 'application/json', given [application/json, text/plain, */*] and supported [application/json, application/*+json]
2026-05-06T22:18:29.484+05:30 DEBUG 26528 --- [nio-8080-exec-9] m.m.a.RequestResponseBodyMethodProcessor : Writing [[com.robms.model.TableEntity@36ba15df, com.robms.model.TableEntity@5be81991, com.robms.model.TableEn (truncated)...]
2026-05-06T22:18:29.484+05:30 DEBUG 26528 --- [nio-8080-exec-9] o.s.web.servlet.DispatcherServlet        : Completed 200 OK
2026-05-06T22:18:39.449+05:30 DEBUG 26528 --- [nio-8080-exec-1] o.s.web.servlet.DispatcherServlet        : GET "/api/tables", parameters={}
2026-05-06T22:18:39.473+05:30 DEBUG 26528 --- [nio-8080-exec-1] s.w.s.m.m.a.RequestMappingHandlerMapping : Mapped to com.robms.controller.TableController#getAllTables()
2026-05-06T22:18:39.473+05:30 DEBUG 26528 --- [nio-8080-exec-1] org.hibernate.SQL                        : select te1_0.id,te1_0.capacity,te1_0.current_bill_amount,te1_0.name,te1_0.status from restaurant_tables te1_0
Hibernate: select te1_0.id,te1_0.capacity,te1_0.current_bill_amount,te1_0.name,te1_0.status from restaurant_tables te1_0
2026-05-06T22:18:39.477+05:30 DEBUG 26528 --- [nio-8080-exec-1] m.m.a.RequestResponseBodyMethodProcessor : Using 'application/json', given [application/json, text/plain, */*] and supported [application/json, application/*+json]
2026-05-06T22:18:39.477+05:30 DEBUG 26528 --- [nio-8080-exec-1] m.m.a.RequestResponseBodyMethodProcessor : Writing [[com.robms.model.TableEntity@38c8b0fd, com.robms.model.TableEntity@50b41cf4, com.robms.model.TableEn (truncated)...]
2026-05-06T22:18:39.477+05:30 DEBUG 26528 --- [nio-8080-exec-1] o.s.web.servlet.DispatcherServlet        : Completed 200 OK
2026-05-06T22:18:49.463+05:30 DEBUG 26528 --- [nio-8080-exec-6] o.s.web.servlet.DispatcherServlet        : GET "/api/tables", parameters={}
2026-05-06T22:18:49.483+05:30 DEBUG 26528 --- [nio-8080-exec-6] s.w.s.m.m.a.RequestMappingHandlerMapping : Mapped to com.robms.controller.TableController#getAllTables()
2026-05-06T22:18:49.483+05:30 DEBUG 26528 --- [nio-8080-exec-6] org.hibernate.SQL                        : select te1_0.id,te1_0.capacity,te1_0.current_bill_amount,te1_0.name,te1_0.status from restaurant_tables te1_0
Hibernate: select te1_0.id,te1_0.capacity,te1_0.current_bill_amount,te1_0.name,te1_0.status from restaurant_tables te1_0
2026-05-06T22:18:49.488+05:30 DEBUG 26528 --- [nio-8080-exec-6] m.m.a.RequestResponseBodyMethodProcessor : Using 'application/json', given [application/json, text/plain, */*] and supported [application/json, application/*+json]
2026-05-06T22:18:49.488+05:30 DEBUG 26528 --- [nio-8080-exec-6] m.m.a.RequestResponseBodyMethodProcessor : Writing [[com.robms.model.TableEntity@3c0131a4, com.robms.model.TableEntity@64bfc4f5, com.robms.model.TableEn (truncated)...]
2026-05-06T22:18:49.488+05:30 DEBUG 26528 --- [nio-8080-exec-6] o.s.web.servlet.DispatcherServlet        : Completed 200 OK
2026-05-06T22:19:02.479+05:30 DEBUG 26528 --- [io-8080-exec-10] o.s.web.servlet.DispatcherServlet        : GET "/api/tables", parameters={}
2026-05-06T22:19:02.499+05:30 DEBUG 26528 --- [io-8080-exec-10] s.w.s.m.m.a.RequestMappingHandlerMapping : Mapped to com.robms.controller.TableController#getAllTables()
2026-05-06T22:19:02.499+05:30 DEBUG 26528 --- [io-8080-exec-10] org.hibernate.SQL                        : select te1_0.id,te1_0.capacity,te1_0.current_bill_amount,te1_0.name,te1_0.status from restaurant_tables te1_0
Hibernate: select te1_0.id,te1_0.capacity,te1_0.current_bill_amount,te1_0.name,te1_0.status from restaurant_tables te1_0
2026-05-06T22:19:02.499+05:30 DEBUG 26528 --- [io-8080-exec-10] m.m.a.RequestResponseBodyMethodProcessor : Using 'application/json', given [application/json, text/plain, */*] and supported [application/json, application/*+json]
2026-05-06T22:19:02.499+05:30 DEBUG 26528 --- [io-8080-exec-10] m.m.a.RequestResponseBodyMethodProcessor : Writing [[com.robms.model.TableEntity@79e33ab2, com.robms.model.TableEntity@3e14d79f, com.robms.model.TableEn (truncated)...]
2026-05-06T22:19:02.499+05:30 DEBUG 26528 --- [io-8080-exec-10] o.s.web.servlet.DispatcherServlet        : Completed 200 OK
2026-05-06T22:19:47.199+05:30 DEBUG 26528 --- [nio-8080-exec-5] o.s.web.servlet.DispatcherServlet        : GET "/api/tables", parameters={}
2026-05-06T22:19:47.222+05:30 DEBUG 26528 --- [nio-8080-exec-5] s.w.s.m.m.a.RequestMappingHandlerMapping : Mapped to com.robms.controller.TableController#getAllTables()
2026-05-06T22:19:47.222+05:30 DEBUG 26528 --- [nio-8080-exec-5] org.hibernate.SQL                        : select te1_0.id,te1_0.capacity,te1_0.current_bill_amount,te1_0.name,te1_0.status from restaurant_tables te1_0
Hibernate: select te1_0.id,te1_0.capacity,te1_0.current_bill_amount,te1_0.name,te1_0.status from restaurant_tables te1_0
2026-05-06T22:19:47.222+05:30 DEBUG 26528 --- [nio-8080-exec-5] m.m.a.RequestResponseBodyMethodProcessor : Using 'application/json', given [application/json, text/plain, */*] and supported [application/json, application/*+json]
2026-05-06T22:19:47.222+05:30 DEBUG 26528 --- [nio-8080-exec-5] m.m.a.RequestResponseBodyMethodProcessor : Writing [[com.robms.model.TableEntity@1a02c62b, com.robms.model.TableEntity@5363302, com.robms.model.TableEnt (truncated)...]
2026-05-06T22:19:47.227+05:30 DEBUG 26528 --- [nio-8080-exec-5] o.s.web.servlet.DispatcherServlet        : Completed 200 OK
2026-05-06T22:19:47.228+05:30 DEBUG 26528 --- [nio-8080-exec-4] o.s.web.servlet.DispatcherServlet        : GET "/api/tables", parameters={}
2026-05-06T22:19:47.228+05:30 DEBUG 26528 --- [nio-8080-exec-4] s.w.s.m.m.a.RequestMappingHandlerMapping : Mapped to com.robms.controller.TableController#getAllTables()
2026-05-06T22:19:47.228+05:30 DEBUG 26528 --- [nio-8080-exec-4] org.hibernate.SQL                        : select te1_0.id,te1_0.capacity,te1_0.current_bill_amount,te1_0.name,te1_0.status from restaurant_tables te1_0
Hibernate: select te1_0.id,te1_0.capacity,te1_0.current_bill_amount,te1_0.name,te1_0.status from restaurant_tables te1_0
2026-05-06T22:19:47.228+05:30 DEBUG 26528 --- [nio-8080-exec-4] m.m.a.RequestResponseBodyMethodProcessor : Using 'application/json', given [application/json, text/plain, */*] and supported [application/json, application/*+json]
2026-05-06T22:19:47.228+05:30 DEBUG 26528 --- [nio-8080-exec-4] m.m.a.RequestResponseBodyMethodProcessor : Writing [[com.robms.model.TableEntity@a903b17, com.robms.model.TableEntity@346c311b, com.robms.model.TableEnt (truncated)...]
2026-05-06T22:19:47.228+05:30 DEBUG 26528 --- [nio-8080-exec-4] o.s.web.servlet.DispatcherServlet        : Completed 200 OK
2026-05-06T22:19:57.495+05:30 DEBUG 26528 --- [nio-8080-exec-7] o.s.web.servlet.DispatcherServlet        : GET "/api/tables", parameters={}
2026-05-06T22:19:57.495+05:30 DEBUG 26528 --- [nio-8080-exec-7] s.w.s.m.m.a.RequestMappingHandlerMapping : Mapped to com.robms.controller.TableController#getAllTables()
2026-05-06T22:19:57.499+05:30 DEBUG 26528 --- [nio-8080-exec-7] org.hibernate.SQL                        : select te1_0.id,te1_0.capacity,te1_0.current_bill_amount,te1_0.name,te1_0.status from restaurant_tables te1_0
Hibernate: select te1_0.id,te1_0.capacity,te1_0.current_bill_amount,te1_0.name,te1_0.status from restaurant_tables te1_0
2026-05-06T22:19:57.499+05:30 DEBUG 26528 --- [nio-8080-exec-7] m.m.a.RequestResponseBodyMethodProcessor : Using 'application/json', given [application/json, text/plain, */*] and supported [application/json, application/*+json]
2026-05-06T22:19:57.499+05:30 DEBUG 26528 --- [nio-8080-exec-7] m.m.a.RequestResponseBodyMethodProcessor : Writing [[com.robms.model.TableEntity@116c830d, com.robms.model.TableEntity@2cdafd07, com.robms.model.TableEn (truncated)...]
2026-05-06T22:19:57.501+05:30 DEBUG 26528 --- [nio-8080-exec-7] o.s.web.servlet.DispatcherServlet        : Completed 200 OK
2026-05-06T22:20:07.459+05:30 DEBUG 26528 --- [nio-8080-exec-8] o.s.web.servlet.DispatcherServlet        : GET "/api/tables", parameters={}
2026-05-06T22:20:07.459+05:30 DEBUG 26528 --- [nio-8080-exec-8] s.w.s.m.m.a.RequestMappingHandlerMapping : Mapped to com.robms.controller.TableController#getAllTables()
2026-05-06T22:20:07.459+05:30 DEBUG 26528 --- [nio-8080-exec-8] org.hibernate.SQL                        : select te1_0.id,te1_0.capacity,te1_0.current_bill_amount,te1_0.name,te1_0.status from restaurant_tables te1_0
Hibernate: select te1_0.id,te1_0.capacity,te1_0.current_bill_amount,te1_0.name,te1_0.status from restaurant_tables te1_0
2026-05-06T22:20:07.459+05:30 DEBUG 26528 --- [nio-8080-exec-8] m.m.a.RequestResponseBodyMethodProcessor : Using 'application/json', given [application/json, text/plain, */*] and supported [application/json, application/*+json]
2026-05-06T22:20:07.459+05:30 DEBUG 26528 --- [nio-8080-exec-8] m.m.a.RequestResponseBodyMethodProcessor : Writing [[com.robms.model.TableEntity@59665ef8, com.robms.model.TableEntity@48ec633e, com.robms.model.TableEn (truncated)...]
2026-05-06T22:20:07.459+05:30 DEBUG 26528 --- [nio-8080-exec-8] o.s.web.servlet.DispatcherServlet        : Completed 200 OK
2026-05-06T22:20:17.460+05:30 DEBUG 26528 --- [nio-8080-exec-2] o.s.web.servlet.DispatcherServlet        : GET "/api/tables", parameters={}
2026-05-06T22:20:17.481+05:30 DEBUG 26528 --- [nio-8080-exec-2] s.w.s.m.m.a.RequestMappingHandlerMapping : Mapped to com.robms.controller.TableController#getAllTables()
2026-05-06T22:20:17.481+05:30 DEBUG 26528 --- [nio-8080-exec-2] org.hibernate.SQL                        : select te1_0.id,te1_0.capacity,te1_0.current_bill_amount,te1_0.name,te1_0.status from restaurant_tables te1_0
Hibernate: select te1_0.id,te1_0.capacity,te1_0.current_bill_amount,te1_0.name,te1_0.status from restaurant_tables te1_0
2026-05-06T22:20:17.486+05:30 DEBUG 26528 --- [nio-8080-exec-2] m.m.a.RequestResponseBodyMethodProcessor : Using 'application/json', given [application/json, text/plain, */*] and supported [application/json, application/*+json]
2026-05-06T22:20:17.486+05:30 DEBUG 26528 --- [nio-8080-exec-2] m.m.a.RequestResponseBodyMethodProcessor : Writing [[com.robms.model.TableEntity@70110c44, com.robms.model.TableEntity@dc2d859, com.robms.model.TableEnt (truncated)...]
2026-05-06T22:20:17.488+05:30 DEBUG 26528 --- [nio-8080-exec-2] o.s.web.servlet.DispatcherServlet        : Completed 200 OK
2026-05-06T22:20:27.467+05:30 DEBUG 26528 --- [nio-8080-exec-9] o.s.web.servlet.DispatcherServlet        : GET "/api/tables", parameters={}
2026-05-06T22:20:27.479+05:30 DEBUG 26528 --- [nio-8080-exec-9] s.w.s.m.m.a.RequestMappingHandlerMapping : Mapped to com.robms.controller.TableController#getAllTables()
2026-05-06T22:20:27.479+05:30 DEBUG 26528 --- [nio-8080-exec-9] org.hibernate.SQL                        : select te1_0.id,te1_0.capacity,te1_0.current_bill_amount,te1_0.name,te1_0.status from restaurant_tables te1_0
Hibernate: select te1_0.id,te1_0.capacity,te1_0.current_bill_amount,te1_0.name,te1_0.status from restaurant_tables te1_0
2026-05-06T22:20:27.487+05:30 DEBUG 26528 --- [nio-8080-exec-9] m.m.a.RequestResponseBodyMethodProcessor : Using 'application/json', given [application/json, text/plain, */*] and supported [application/json, application/*+json]
2026-05-06T22:20:27.487+05:30 DEBUG 26528 --- [nio-8080-exec-9] m.m.a.RequestResponseBodyMethodProcessor : Writing [[com.robms.model.TableEntity@297d8bda, com.robms.model.TableEntity@6a9d56be, com.robms.model.TableEn (truncated)...]
2026-05-06T22:20:27.490+05:30 DEBUG 26528 --- [nio-8080-exec-9] o.s.web.servlet.DispatcherServlet        : Completed 200 OK
2026-05-06T22:20:37.466+05:30 DEBUG 26528 --- [nio-8080-exec-1] o.s.web.servlet.DispatcherServlet        : GET "/api/tables", parameters={}
2026-05-06T22:20:37.486+05:30 DEBUG 26528 --- [nio-8080-exec-1] s.w.s.m.m.a.RequestMappingHandlerMapping : Mapped to com.robms.controller.TableController#getAllTables()
2026-05-06T22:20:37.486+05:30 DEBUG 26528 --- [nio-8080-exec-1] org.hibernate.SQL                        : select te1_0.id,te1_0.capacity,te1_0.current_bill_amount,te1_0.name,te1_0.status from restaurant_tables te1_0
Hibernate: select te1_0.id,te1_0.capacity,te1_0.current_bill_amount,te1_0.name,te1_0.status from restaurant_tables te1_0
2026-05-06T22:20:37.486+05:30 DEBUG 26528 --- [nio-8080-exec-1] m.m.a.RequestResponseBodyMethodProcessor : Using 'application/json', given [application/json, text/plain, */*] and supported [application/json, application/*+json]
2026-05-06T22:20:37.486+05:30 DEBUG 26528 --- [nio-8080-exec-1] m.m.a.RequestResponseBodyMethodProcessor : Writing [[com.robms.model.TableEntity@657dcf2, com.robms.model.TableEntity@1ec16155, com.robms.model.TableEnt (truncated)...]
2026-05-06T22:20:37.491+05:30 DEBUG 26528 --- [nio-8080-exec-1] o.s.web.servlet.DispatcherServlet        : Completed 200 OK
2026-05-06T22:20:47.451+05:30 DEBUG 26528 --- [nio-8080-exec-6] o.s.web.servlet.DispatcherServlet        : GET "/api/tables", parameters={}
2026-05-06T22:20:47.473+05:30 DEBUG 26528 --- [nio-8080-exec-6] s.w.s.m.m.a.RequestMappingHandlerMapping : Mapped to com.robms.controller.TableController#getAllTables()
2026-05-06T22:20:47.473+05:30 DEBUG 26528 --- [nio-8080-exec-6] org.hibernate.SQL                        : select te1_0.id,te1_0.capacity,te1_0.current_bill_amount,te1_0.name,te1_0.status from restaurant_tables te1_0
Hibernate: select te1_0.id,te1_0.capacity,te1_0.current_bill_amount,te1_0.name,te1_0.status from restaurant_tables te1_0
2026-05-06T22:20:47.473+05:30 DEBUG 26528 --- [nio-8080-exec-6] m.m.a.RequestResponseBodyMethodProcessor : Using 'application/json', given [application/json, text/plain, */*] and supported [application/json, application/*+json]
2026-05-06T22:20:47.477+05:30 DEBUG 26528 --- [nio-8080-exec-6] m.m.a.RequestResponseBodyMethodProcessor : Writing [[com.robms.model.TableEntity@74257df2, com.robms.model.TableEntity@c659c02, com.robms.model.TableEnt (truncated)...]
2026-05-06T22:20:47.477+05:30 DEBUG 26528 --- [nio-8080-exec-6] o.s.web.servlet.DispatcherServlet        : Completed 200 OK
2026-05-06T22:21:02.467+05:30 DEBUG 26528 --- [io-8080-exec-10] o.s.web.servlet.DispatcherServlet        : GET "/api/tables", parameters={}
2026-05-06T22:21:02.486+05:30 DEBUG 26528 --- [io-8080-exec-10] s.w.s.m.m.a.RequestMappingHandlerMapping : Mapped to com.robms.controller.TableController#getAllTables()
2026-05-06T22:21:02.486+05:30 DEBUG 26528 --- [io-8080-exec-10] org.hibernate.SQL                        : select te1_0.id,te1_0.capacity,te1_0.current_bill_amount,te1_0.name,te1_0.status from restaurant_tables te1_0
Hibernate: select te1_0.id,te1_0.capacity,te1_0.current_bill_amount,te1_0.name,te1_0.status from restaurant_tables te1_0
2026-05-06T22:21:02.486+05:30 DEBUG 26528 --- [io-8080-exec-10] m.m.a.RequestResponseBodyMethodProcessor : Using 'application/json', given [application/json, text/plain, */*] and supported [application/json, application/*+json]
2026-05-06T22:21:02.486+05:30 DEBUG 26528 --- [io-8080-exec-10] m.m.a.RequestResponseBodyMethodProcessor : Writing [[com.robms.model.TableEntity@41027849, com.robms.model.TableEntity@250cea77, com.robms.model.TableEn (truncated)...]
2026-05-06T22:21:02.486+05:30 DEBUG 26528 --- [io-8080-exec-10] o.s.web.servlet.DispatcherServlet        : Completed 200 OK
2026-05-06T22:22:02.460+05:30 DEBUG 26528 --- [nio-8080-exec-5] o.s.web.servlet.DispatcherServlet        : GET "/api/tables", parameters={}
2026-05-06T22:22:02.473+05:30 DEBUG 26528 --- [nio-8080-exec-5] s.w.s.m.m.a.RequestMappingHandlerMapping : Mapped to com.robms.controller.TableController#getAllTables()
2026-05-06T22:22:02.473+05:30 DEBUG 26528 --- [nio-8080-exec-5] org.hibernate.SQL                        : select te1_0.id,te1_0.capacity,te1_0.current_bill_amount,te1_0.name,te1_0.status from restaurant_tables te1_0
Hibernate: select te1_0.id,te1_0.capacity,te1_0.current_bill_amount,te1_0.name,te1_0.status from restaurant_tables te1_0
2026-05-06T22:22:02.473+05:30 DEBUG 26528 --- [nio-8080-exec-5] m.m.a.RequestResponseBodyMethodProcessor : Using 'application/json', given [application/json, text/plain, */*] and supported [application/json, application/*+json]
2026-05-06T22:22:02.473+05:30 DEBUG 26528 --- [nio-8080-exec-5] m.m.a.RequestResponseBodyMethodProcessor : Writing [[com.robms.model.TableEntity@59b50fd, com.robms.model.TableEntity@23d035e8, com.robms.model.TableEnt (truncated)...]
2026-05-06T22:22:02.473+05:30 DEBUG 26528 --- [nio-8080-exec-5] o.s.web.servlet.DispatcherServlet        : Completed 200 OK
2026-05-06T22:23:02.456+05:30 DEBUG 26528 --- [nio-8080-exec-4] o.s.web.servlet.DispatcherServlet        : GET "/api/tables", parameters={}
2026-05-06T22:23:02.484+05:30 DEBUG 26528 --- [nio-8080-exec-4] s.w.s.m.m.a.RequestMappingHandlerMapping : Mapped to com.robms.controller.TableController#getAllTables()
2026-05-06T22:23:02.486+05:30 DEBUG 26528 --- [nio-8080-exec-4] org.hibernate.SQL                        : select te1_0.id,te1_0.capacity,te1_0.current_bill_amount,te1_0.name,te1_0.status from restaurant_tables te1_0
Hibernate: select te1_0.id,te1_0.capacity,te1_0.current_bill_amount,te1_0.name,te1_0.status from restaurant_tables te1_0
2026-05-06T22:23:02.486+05:30 DEBUG 26528 --- [nio-8080-exec-4] m.m.a.RequestResponseBodyMethodProcessor : Using 'application/json', given [application/json, text/plain, */*] and supported [application/json, application/*+json]
2026-05-06T22:23:02.486+05:30 DEBUG 26528 --- [nio-8080-exec-4] m.m.a.RequestResponseBodyMethodProcessor : Writing [[com.robms.model.TableEntity@5846fc32, com.robms.model.TableEntity@3377a1aa, com.robms.model.TableEn (truncated)...]
2026-05-06T22:23:02.486+05:30 DEBUG 26528 --- [nio-8080-exec-4] o.s.web.servlet.DispatcherServlet        : Completed 200 OK
2026-05-06T22:23:53.382+05:30 DEBUG 26528 --- [nio-8080-exec-7] o.s.web.servlet.DispatcherServlet        : GET "/api/tables", parameters={}
2026-05-06T22:23:53.395+05:30 DEBUG 26528 --- [nio-8080-exec-7] s.w.s.m.m.a.RequestMappingHandlerMapping : Mapped to com.robms.controller.TableController#getAllTables()
2026-05-06T22:23:53.395+05:30 DEBUG 26528 --- [nio-8080-exec-7] org.hibernate.SQL                        : select te1_0.id,te1_0.capacity,te1_0.current_bill_amount,te1_0.name,te1_0.status from restaurant_tables te1_0
Hibernate: select te1_0.id,te1_0.capacity,te1_0.current_bill_amount,te1_0.name,te1_0.status from restaurant_tables te1_0
2026-05-06T22:23:53.399+05:30 DEBUG 26528 --- [nio-8080-exec-7] m.m.a.RequestResponseBodyMethodProcessor : Using 'application/json', given [application/json, text/plain, */*] and supported [application/json, application/*+json]
2026-05-06T22:23:53.399+05:30 DEBUG 26528 --- [nio-8080-exec-7] m.m.a.RequestResponseBodyMethodProcessor : Writing [[com.robms.model.TableEntity@b40893f, com.robms.model.TableEntity@375fabba, com.robms.model.TableEnt (truncated)...]
2026-05-06T22:23:53.399+05:30 DEBUG 26528 --- [nio-8080-exec-7] o.s.web.servlet.DispatcherServlet        : Completed 200 OK
2026-05-06T22:23:53.403+05:30 DEBUG 26528 --- [nio-8080-exec-8] o.s.web.servlet.DispatcherServlet        : GET "/api/tables", parameters={}
2026-05-06T22:23:53.403+05:30 DEBUG 26528 --- [nio-8080-exec-8] s.w.s.m.m.a.RequestMappingHandlerMapping : Mapped to com.robms.controller.TableController#getAllTables()
2026-05-06T22:23:53.404+05:30 DEBUG 26528 --- [nio-8080-exec-8] org.hibernate.SQL                        : select te1_0.id,te1_0.capacity,te1_0.current_bill_amount,te1_0.name,te1_0.status from restaurant_tables te1_0
Hibernate: select te1_0.id,te1_0.capacity,te1_0.current_bill_amount,te1_0.name,te1_0.status from restaurant_tables te1_0
2026-05-06T22:23:53.406+05:30 DEBUG 26528 --- [nio-8080-exec-8] m.m.a.RequestResponseBodyMethodProcessor : Using 'application/json', given [application/json, text/plain, */*] and supported [application/json, application/*+json]
2026-05-06T22:23:53.406+05:30 DEBUG 26528 --- [nio-8080-exec-8] m.m.a.RequestResponseBodyMethodProcessor : Writing [[com.robms.model.TableEntity@5f73707, com.robms.model.TableEntity@37d6f941, com.robms.model.TableEnt (truncated)...]
2026-05-06T22:23:53.408+05:30 DEBUG 26528 --- [nio-8080-exec-8] o.s.web.servlet.DispatcherServlet        : Completed 200 OK
2026-05-06T22:24:02.468+05:30 DEBUG 26528 --- [nio-8080-exec-2] o.s.web.servlet.DispatcherServlet        : GET "/api/tables", parameters={}
2026-05-06T22:24:02.487+05:30 DEBUG 26528 --- [nio-8080-exec-2] s.w.s.m.m.a.RequestMappingHandlerMapping : Mapped to com.robms.controller.TableController#getAllTables()
2026-05-06T22:24:02.487+05:30 DEBUG 26528 --- [nio-8080-exec-2] org.hibernate.SQL                        : select te1_0.id,te1_0.capacity,te1_0.current_bill_amount,te1_0.name,te1_0.status from restaurant_tables te1_0
Hibernate: select te1_0.id,te1_0.capacity,te1_0.current_bill_amount,te1_0.name,te1_0.status from restaurant_tables te1_0
2026-05-06T22:24:02.487+05:30 DEBUG 26528 --- [nio-8080-exec-2] m.m.a.RequestResponseBodyMethodProcessor : Using 'application/json', given [application/json, text/plain, */*] and supported [application/json, application/*+json]
2026-05-06T22:24:02.487+05:30 DEBUG 26528 --- [nio-8080-exec-2] m.m.a.RequestResponseBodyMethodProcessor : Writing [[com.robms.model.TableEntity@134440e2, com.robms.model.TableEntity@7fd3435c, com.robms.model.TableEn (truncated)...]
2026-05-06T22:24:02.487+05:30 DEBUG 26528 --- [nio-8080-exec-2] o.s.web.servlet.DispatcherServlet        : Completed 200 OK
2026-05-06T22:24:03.399+05:30 DEBUG 26528 --- [nio-8080-exec-9] o.s.web.servlet.DispatcherServlet        : GET "/api/tables", parameters={}
2026-05-06T22:24:03.399+05:30 DEBUG 26528 --- [nio-8080-exec-9] s.w.s.m.m.a.RequestMappingHandlerMapping : Mapped to com.robms.controller.TableController#getAllTables()
2026-05-06T22:24:03.399+05:30 DEBUG 26528 --- [nio-8080-exec-9] org.hibernate.SQL                        : select te1_0.id,te1_0.capacity,te1_0.current_bill_amount,te1_0.name,te1_0.status from restaurant_tables te1_0
Hibernate: select te1_0.id,te1_0.capacity,te1_0.current_bill_amount,te1_0.name,te1_0.status from restaurant_tables te1_0
2026-05-06T22:24:03.407+05:30 DEBUG 26528 --- [nio-8080-exec-9] m.m.a.RequestResponseBodyMethodProcessor : Using 'application/json', given [application/json, text/plain, */*] and supported [application/json, application/*+json]
2026-05-06T22:24:03.408+05:30 DEBUG 26528 --- [nio-8080-exec-9] m.m.a.RequestResponseBodyMethodProcessor : Writing [[com.robms.model.TableEntity@489099b5, com.robms.model.TableEntity@9515223, com.robms.model.TableEnt (truncated)...]
2026-05-06T22:24:03.408+05:30 DEBUG 26528 --- [nio-8080-exec-9] o.s.web.servlet.DispatcherServlet        : Completed 200 OK
2026-05-06T22:32:56.253+05:30 DEBUG 26528 --- [nio-8080-exec-3] o.s.web.servlet.DispatcherServlet        : GET "/api/tables", parameters={}
2026-05-06T22:32:56.253+05:30 DEBUG 26528 --- [nio-8080-exec-3] s.w.s.m.m.a.RequestMappingHandlerMapping : Mapped to com.robms.controller.TableController#getAllTables()
2026-05-06T22:32:56.259+05:30 DEBUG 26528 --- [nio-8080-exec-3] org.hibernate.SQL                        : select te1_0.id,te1_0.capacity,te1_0.current_bill_amount,te1_0.name,te1_0.status from restaurant_tables te1_0
Hibernate: select te1_0.id,te1_0.capacity,te1_0.current_bill_amount,te1_0.name,te1_0.status from restaurant_tables te1_0
2026-05-06T22:32:56.259+05:30 DEBUG 26528 --- [nio-8080-exec-3] m.m.a.RequestResponseBodyMethodProcessor : Using 'application/json', given [application/json, text/plain, */*] and supported [application/json, application/*+json]
2026-05-06T22:32:56.259+05:30 DEBUG 26528 --- [nio-8080-exec-3] m.m.a.RequestResponseBodyMethodProcessor : Writing [[com.robms.model.TableEntity@647fceaa, com.robms.model.TableEntity@b4a8233, com.robms.model.TableEnt (truncated)...]
2026-05-06T22:32:56.262+05:30 DEBUG 26528 --- [nio-8080-exec-3] o.s.web.servlet.DispatcherServlet        : Completed 200 OK
2026-05-06T22:32:56.268+05:30 DEBUG 26528 --- [nio-8080-exec-6] o.s.web.servlet.DispatcherServlet        : GET "/api/tables", parameters={}
2026-05-06T22:32:56.268+05:30 DEBUG 26528 --- [nio-8080-exec-6] s.w.s.m.m.a.RequestMappingHandlerMapping : Mapped to com.robms.controller.TableController#getAllTables()
2026-05-06T22:32:56.275+05:30 DEBUG 26528 --- [nio-8080-exec-6] org.hibernate.SQL                        : select te1_0.id,te1_0.capacity,te1_0.current_bill_amount,te1_0.name,te1_0.status from restaurant_tables te1_0
Hibernate: select te1_0.id,te1_0.capacity,te1_0.current_bill_amount,te1_0.name,te1_0.status from restaurant_tables te1_0
2026-05-06T22:32:56.275+05:30 DEBUG 26528 --- [nio-8080-exec-6] m.m.a.RequestResponseBodyMethodProcessor : Using 'application/json', given [application/json, text/plain, */*] and supported [application/json, application/*+json]
2026-05-06T22:32:56.275+05:30 DEBUG 26528 --- [nio-8080-exec-6] m.m.a.RequestResponseBodyMethodProcessor : Writing [[com.robms.model.TableEntity@5911984, com.robms.model.TableEntity@24ce7860, com.robms.model.TableEnt (truncated)...]
2026-05-06T22:32:56.275+05:30 DEBUG 26528 --- [nio-8080-exec-6] o.s.web.servlet.DispatcherServlet        : Completed 200 OK
2026-05-06T22:33:01.343+05:30 DEBUG 26528 --- [io-8080-exec-10] o.s.web.servlet.DispatcherServlet        : GET "/api/tables", parameters={}
2026-05-06T22:33:01.362+05:30 DEBUG 26528 --- [io-8080-exec-10] s.w.s.m.m.a.RequestMappingHandlerMapping : Mapped to com.robms.controller.TableController#getAllTables()
2026-05-06T22:33:01.362+05:30 DEBUG 26528 --- [io-8080-exec-10] org.hibernate.SQL                        : select te1_0.id,te1_0.capacity,te1_0.current_bill_amount,te1_0.name,te1_0.status from restaurant_tables te1_0
Hibernate: select te1_0.id,te1_0.capacity,te1_0.current_bill_amount,te1_0.name,te1_0.status from restaurant_tables te1_0
2026-05-06T22:33:01.367+05:30 DEBUG 26528 --- [io-8080-exec-10] m.m.a.RequestResponseBodyMethodProcessor : Using 'application/json', given [application/json, text/plain, */*] and supported [application/json, application/*+json]
2026-05-06T22:33:01.367+05:30 DEBUG 26528 --- [io-8080-exec-10] m.m.a.RequestResponseBodyMethodProcessor : Writing [[com.robms.model.TableEntity@952b563, com.robms.model.TableEntity@61eccc1f, com.robms.model.TableEnt (truncated)...]
2026-05-06T22:33:01.369+05:30 DEBUG 26528 --- [io-8080-exec-10] o.s.web.servlet.DispatcherServlet        : Completed 200 OK
2026-05-06T22:33:01.371+05:30 DEBUG 26528 --- [nio-8080-exec-5] o.s.web.servlet.DispatcherServlet        : GET "/api/tables", parameters={}
2026-05-06T22:33:01.371+05:30 DEBUG 26528 --- [nio-8080-exec-5] s.w.s.m.m.a.RequestMappingHandlerMapping : Mapped to com.robms.controller.TableController#getAllTables()
2026-05-06T22:33:01.376+05:30 DEBUG 26528 --- [nio-8080-exec-5] org.hibernate.SQL                        : select te1_0.id,te1_0.capacity,te1_0.current_bill_amount,te1_0.name,te1_0.status from restaurant_tables te1_0
Hibernate: select te1_0.id,te1_0.capacity,te1_0.current_bill_amount,te1_0.name,te1_0.status from restaurant_tables te1_0
2026-05-06T22:33:01.376+05:30 DEBUG 26528 --- [nio-8080-exec-5] m.m.a.RequestResponseBodyMethodProcessor : Using 'application/json', given [application/json, text/plain, */*] and supported [application/json, application/*+json]
2026-05-06T22:33:01.376+05:30 DEBUG 26528 --- [nio-8080-exec-5] m.m.a.RequestResponseBodyMethodProcessor : Writing [[com.robms.model.TableEntity@6ab606f7, com.robms.model.TableEntity@14103469, com.robms.model.TableEn (truncated)...]
2026-05-06T22:33:01.379+05:30 DEBUG 26528 --- [nio-8080-exec-5] o.s.web.servlet.DispatcherServlet        : Completed 200 OK
2026-05-06T22:33:03.702+05:30 DEBUG 26528 --- [nio-8080-exec-4] o.s.web.servlet.DispatcherServlet        : GET "/api/menu/available", parameters={}
2026-05-06T22:33:03.705+05:30 DEBUG 26528 --- [nio-8080-exec-7] o.s.web.servlet.DispatcherServlet        : GET "/api/tables", parameters={}
2026-05-06T22:33:03.712+05:30 DEBUG 26528 --- [nio-8080-exec-4] s.w.s.m.m.a.RequestMappingHandlerMapping : Mapped to com.robms.controller.MenuController#getAvailableMenuItems()
2026-05-06T22:33:03.714+05:30 DEBUG 26528 --- [nio-8080-exec-7] s.w.s.m.m.a.RequestMappingHandlerMapping : Mapped to com.robms.controller.TableController#getAllTables()
2026-05-06T22:33:03.714+05:30 DEBUG 26528 --- [nio-8080-exec-7] org.hibernate.SQL                        : select te1_0.id,te1_0.capacity,te1_0.current_bill_amount,te1_0.name,te1_0.status from restaurant_tables te1_0
Hibernate: select te1_0.id,te1_0.capacity,te1_0.current_bill_amount,te1_0.name,te1_0.status from restaurant_tables te1_0
2026-05-06T22:33:03.714+05:30 DEBUG 26528 --- [nio-8080-exec-4] org.hibernate.SQL                        : select mi1_0.id,mi1_0.available,mi1_0.category,mi1_0.description,mi1_0.name,mi1_0.price from menu_items mi1_0 where mi1_0.available
Hibernate: select mi1_0.id,mi1_0.available,mi1_0.category,mi1_0.description,mi1_0.name,mi1_0.price from menu_items mi1_0 where mi1_0.available
2026-05-06T22:33:03.717+05:30 DEBUG 26528 --- [nio-8080-exec-7] m.m.a.RequestResponseBodyMethodProcessor : Using 'application/json', given [application/json, text/plain, */*] and supported [application/json, application/*+json]
2026-05-06T22:33:03.719+05:30 DEBUG 26528 --- [nio-8080-exec-7] m.m.a.RequestResponseBodyMethodProcessor : Writing [[com.robms.model.TableEntity@753abf3f, com.robms.model.TableEntity@2395a671, com.robms.model.TableEn (truncated)...]
2026-05-06T22:33:03.719+05:30 DEBUG 26528 --- [nio-8080-exec-4] m.m.a.RequestResponseBodyMethodProcessor : Using 'application/json', given [application/json, text/plain, */*] and supported [application/json, application/*+json]
2026-05-06T22:33:03.720+05:30 DEBUG 26528 --- [nio-8080-exec-4] m.m.a.RequestResponseBodyMethodProcessor : Writing [[com.robms.model.MenuItem@45177ede, com.robms.model.MenuItem@6cdbfa40, com.robms.model.MenuItem@fe61 (truncated)...]
2026-05-06T22:33:03.720+05:30 DEBUG 26528 --- [nio-8080-exec-7] o.s.web.servlet.DispatcherServlet        : Completed 200 OK
2026-05-06T22:33:03.720+05:30 DEBUG 26528 --- [nio-8080-exec-4] o.s.web.servlet.DispatcherServlet        : Completed 200 OK
2026-05-06T22:33:03.723+05:30 DEBUG 26528 --- [nio-8080-exec-2] o.s.web.servlet.DispatcherServlet        : GET "/api/menu/available", parameters={}
2026-05-06T22:33:03.723+05:30 DEBUG 26528 --- [nio-8080-exec-8] o.s.web.servlet.DispatcherServlet        : GET "/api/tables", parameters={}
2026-05-06T22:33:03.723+05:30 DEBUG 26528 --- [nio-8080-exec-2] s.w.s.m.m.a.RequestMappingHandlerMapping : Mapped to com.robms.controller.MenuController#getAvailableMenuItems()
2026-05-06T22:33:03.723+05:30 DEBUG 26528 --- [nio-8080-exec-8] s.w.s.m.m.a.RequestMappingHandlerMapping : Mapped to com.robms.controller.TableController#getAllTables()
2026-05-06T22:33:03.726+05:30 DEBUG 26528 --- [nio-8080-exec-2] org.hibernate.SQL                        : select mi1_0.id,mi1_0.available,mi1_0.category,mi1_0.description,mi1_0.name,mi1_0.price from menu_items mi1_0 where mi1_0.available
Hibernate: select mi1_0.id,mi1_0.available,mi1_0.category,mi1_0.description,mi1_0.name,mi1_0.price from menu_items mi1_0 where mi1_0.available
2026-05-06T22:33:03.726+05:30 DEBUG 26528 --- [nio-8080-exec-8] org.hibernate.SQL                        : select te1_0.id,te1_0.capacity,te1_0.current_bill_amount,te1_0.name,te1_0.status from restaurant_tables te1_0
Hibernate: select te1_0.id,te1_0.capacity,te1_0.current_bill_amount,te1_0.name,te1_0.status from restaurant_tables te1_0
2026-05-06T22:33:03.727+05:30 DEBUG 26528 --- [nio-8080-exec-2] m.m.a.RequestResponseBodyMethodProcessor : Using 'application/json', given [application/json, text/plain, */*] and supported [application/json, application/*+json]
2026-05-06T22:33:03.728+05:30 DEBUG 26528 --- [nio-8080-exec-8] m.m.a.RequestResponseBodyMethodProcessor : Using 'application/json', given [application/json, text/plain, */*] and supported [application/json, application/*+json]
2026-05-06T22:33:03.728+05:30 DEBUG 26528 --- [nio-8080-exec-2] m.m.a.RequestResponseBodyMethodProcessor : Writing [[com.robms.model.MenuItem@4cb5e0d9, com.robms.model.MenuItem@293006ea, com.robms.model.MenuItem@2b31 (truncated)...]
2026-05-06T22:33:03.730+05:30 DEBUG 26528 --- [nio-8080-exec-8] m.m.a.RequestResponseBodyMethodProcessor : Writing [[com.robms.model.TableEntity@2215accd, com.robms.model.TableEntity@1fd6cd1e, com.robms.model.TableEn (truncated)...]
2026-05-06T22:33:03.730+05:30 DEBUG 26528 --- [nio-8080-exec-2] o.s.web.servlet.DispatcherServlet        : Completed 200 OK
2026-05-06T22:33:03.733+05:30 DEBUG 26528 --- [nio-8080-exec-8] o.s.web.servlet.DispatcherServlet        : Completed 200 OK
2026-05-06T22:33:07.267+05:30 DEBUG 26528 --- [nio-8080-exec-9] o.s.web.servlet.DispatcherServlet        : GET "/api/orders/active", parameters={}
2026-05-06T22:33:07.279+05:30 DEBUG 26528 --- [nio-8080-exec-1] o.s.web.servlet.DispatcherServlet        : GET "/ws/info?t=1778086987275", parameters={masked}
2026-05-06T22:33:07.286+05:30 DEBUG 26528 --- [nio-8080-exec-9] s.w.s.m.m.a.RequestMappingHandlerMapping : Mapped to com.robms.controller.OrderController#getActiveOrders()
2026-05-06T22:33:07.286+05:30 DEBUG 26528 --- [nio-8080-exec-1] o.s.w.s.s.s.WebSocketHandlerMapping      : Mapped to org.springframework.web.socket.sockjs.support.SockJsHttpRequestHandler@2e2c9e24
2026-05-06T22:33:07.286+05:30 DEBUG 26528 --- [nio-8080-exec-1] o.s.w.s.s.t.h.DefaultSockJsService       : Processing transport request: GET http://localhost:8080/ws/info?t=1778086987275
2026-05-06T22:33:07.286+05:30 DEBUG 26528 --- [nio-8080-exec-1] o.s.web.servlet.DispatcherServlet        : Completed 200 OK
2026-05-06T22:33:07.289+05:30 DEBUG 26528 --- [nio-8080-exec-9] org.hibernate.SQL                        : select o1_0.id,o1_0.order_time,o1_0.status,o1_0.table_id,o1_0.total_amount from orders o1_0 where o1_0.status not in (?,?)
Hibernate: select o1_0.id,o1_0.order_time,o1_0.status,o1_0.table_id,o1_0.total_amount from orders o1_0 where o1_0.status not in (?,?)
2026-05-06T22:33:07.290+05:30 DEBUG 26528 --- [nio-8080-exec-9] m.m.a.RequestResponseBodyMethodProcessor : Using 'application/json', given [application/json, text/plain, */*] and supported [application/json, application/*+json]
2026-05-06T22:33:07.290+05:30 DEBUG 26528 --- [nio-8080-exec-9] m.m.a.RequestResponseBodyMethodProcessor : Writing [[]]
2026-05-06T22:33:07.290+05:30 DEBUG 26528 --- [nio-8080-exec-3] o.s.web.servlet.DispatcherServlet        : GET "/ws/info?t=1778086987275", parameters={masked}
2026-05-06T22:33:07.290+05:30 DEBUG 26528 --- [nio-8080-exec-3] o.s.w.s.s.s.WebSocketHandlerMapping      : Mapped to org.springframework.web.socket.sockjs.support.SockJsHttpRequestHandler@2e2c9e24
2026-05-06T22:33:07.294+05:30 DEBUG 26528 --- [nio-8080-exec-3] o.s.w.s.s.t.h.DefaultSockJsService       : Processing transport request: GET http://localhost:8080/ws/info?t=1778086987275
2026-05-06T22:33:07.295+05:30 DEBUG 26528 --- [nio-8080-exec-3] o.s.web.servlet.DispatcherServlet        : Completed 200 OK
2026-05-06T22:33:07.293+05:30 DEBUG 26528 --- [nio-8080-exec-9] o.s.web.servlet.DispatcherServlet        : Completed 200 OK
2026-05-06T22:33:07.295+05:30 DEBUG 26528 --- [nio-8080-exec-6] o.s.web.servlet.DispatcherServlet        : GET "/ws/267/hggrjboy/websocket", parameters={}
2026-05-06T22:33:07.297+05:30 DEBUG 26528 --- [nio-8080-exec-6] o.s.w.s.s.s.WebSocketHandlerMapping      : Mapped to org.springframework.web.socket.sockjs.support.SockJsHttpRequestHandler@2e2c9e24
2026-05-06T22:33:07.298+05:30 DEBUG 26528 --- [nio-8080-exec-6] o.s.w.s.s.t.h.DefaultSockJsService       : Processing transport request: GET http://localhost:8080/ws/267/hggrjboy/websocket
2026-05-06T22:33:07.299+05:30 DEBUG 26528 --- [nio-8080-exec-6] o.s.web.servlet.DispatcherServlet        : Completed 101 SWITCHING_PROTOCOLS
2026-05-06T22:33:07.300+05:30 DEBUG 26528 --- [nio-8080-exec-6] s.w.s.h.LoggingWebSocketHandlerDecorator : New WebSocketServerSockJsSession[id=hggrjboy]
2026-05-06T22:33:07.300+05:30 DEBUG 26528 --- [io-8080-exec-10] o.s.web.servlet.DispatcherServlet        : GET "/api/orders/active", parameters={}
2026-05-06T22:33:07.300+05:30 DEBUG 26528 --- [io-8080-exec-10] s.w.s.m.m.a.RequestMappingHandlerMapping : Mapped to com.robms.controller.OrderController#getActiveOrders()
2026-05-06T22:33:07.302+05:30 DEBUG 26528 --- [io-8080-exec-10] org.hibernate.SQL                        : select o1_0.id,o1_0.order_time,o1_0.status,o1_0.table_id,o1_0.total_amount from orders o1_0 where o1_0.status not in (?,?)
Hibernate: select o1_0.id,o1_0.order_time,o1_0.status,o1_0.table_id,o1_0.total_amount from orders o1_0 where o1_0.status not in (?,?)
2026-05-06T22:33:07.302+05:30 DEBUG 26528 --- [io-8080-exec-10] m.m.a.RequestResponseBodyMethodProcessor : Using 'application/json', given [application/json, text/plain, */*] and supported [application/json, application/*+json]
2026-05-06T22:33:07.302+05:30 DEBUG 26528 --- [io-8080-exec-10] m.m.a.RequestResponseBodyMethodProcessor : Writing [[]]
2026-05-06T22:33:07.305+05:30 DEBUG 26528 --- [io-8080-exec-10] o.s.web.servlet.DispatcherServlet        : Completed 200 OK
2026-05-06T22:33:07.313+05:30 DEBUG 26528 --- [nio-8080-exec-5] o.s.web.servlet.DispatcherServlet        : GET "/ws/180/35f3sjyg/websocket", parameters={}
2026-05-06T22:33:07.313+05:30 DEBUG 26528 --- [nio-8080-exec-5] o.s.w.s.s.s.WebSocketHandlerMapping      : Mapped to org.springframework.web.socket.sockjs.support.SockJsHttpRequestHandler@2e2c9e24
2026-05-06T22:33:07.317+05:30 DEBUG 26528 --- [nio-8080-exec-5] o.s.w.s.s.t.h.DefaultSockJsService       : Processing transport request: GET http://localhost:8080/ws/180/35f3sjyg/websocket
2026-05-06T22:33:07.317+05:30 DEBUG 26528 --- [nio-8080-exec-5] o.s.web.servlet.DispatcherServlet        : Completed 101 SWITCHING_PROTOCOLS
2026-05-06T22:33:07.318+05:30 DEBUG 26528 --- [nio-8080-exec-5] s.w.s.h.LoggingWebSocketHandlerDecorator : New WebSocketServerSockJsSession[id=35f3sjyg]
2026-05-06T22:33:07.321+05:30 DEBUG 26528 --- [boundChannel-41] org.springframework.web.SimpLogging      : Processing CONNECT session=35f3sjyg
2026-05-06T22:33:07.322+05:30 DEBUG 26528 --- [boundChannel-44] org.springframework.web.SimpLogging      : Processing SUBSCRIBE /topic/orders id=sub-0 session=35f3sjyg
2026-05-06T22:33:09.483+05:30 DEBUG 26528 --- [nio-8080-exec-2] s.w.s.h.LoggingWebSocketHandlerDecorator : WebSocketServerSockJsSession[id=hggrjboy] closed with CloseStatus[code=1000, reason=null]
2026-05-06T22:33:09.542+05:30 DEBUG 26528 --- [nio-8080-exec-2] o.s.w.s.m.SubProtocolWebSocketHandler    : Clearing session hggrjboy
2026-05-06T22:33:09.487+05:30 DEBUG 26528 --- [nio-8080-exec-8] s.w.s.h.LoggingWebSocketHandlerDecorator : WebSocketServerSockJsSession[id=35f3sjyg] closed with CloseStatus[code=1000, reason=null]
2026-05-06T22:33:09.554+05:30 DEBUG 26528 --- [nio-8080-exec-8] o.s.w.s.m.SubProtocolWebSocketHandler    : Clearing session 35f3sjyg
2026-05-06T22:33:09.569+05:30 DEBUG 26528 --- [boundChannel-50] org.springframework.web.SimpLogging      : Processing DISCONNECT session=35f3sjyg
2026-05-06T22:33:09.572+05:30 DEBUG 26528 --- [boundChannel-47] org.springframework.web.SimpLogging      : Processing DISCONNECT session=hggrjboy
2026-05-06T22:33:09.572+05:30 DEBUG 26528 --- [boundChannel-14] o.s.w.s.m.SubProtocolWebSocketHandler    : No session for GenericMessage [payload=byte[0], headers={simpMessageType=DISCONNECT_ACK, simpDisconnectMessage=GenericMessage [payload=byte[0], headers={simpMessageType=DISCONNECT, stompCommand=DISCONNECT, simpSessionAttributes={org.springframework.messaging.simp.SimpAttributes.COMPLETED=true}, simpSessionId=35f3sjyg}], simpSessionId=35f3sjyg}]
2026-05-06T22:33:09.572+05:30 DEBUG 26528 --- [boundChannel-15] o.s.w.s.m.SubProtocolWebSocketHandler    : No session for GenericMessage [payload=byte[0], headers={simpMessageType=DISCONNECT_ACK, simpDisconnectMessage=GenericMessage [payload=byte[0], headers={simpMessageType=DISCONNECT, stompCommand=DISCONNECT, simpSessionAttributes={org.springframework.messaging.simp.SimpAttributes.COMPLETED=true}, simpSessionId=hggrjboy}], simpSessionId=hggrjboy}]
2026-05-06T22:33:18.745+05:30 DEBUG 26528 --- [MessageBroker-4] o.s.w.s.s.t.h.DefaultSockJsService       : Closed 2 sessions: [hggrjboy, 35f3sjyg]
2026-05-06T22:37:23.038+05:30 DEBUG 26528 --- [nio-8080-exec-7] o.s.web.servlet.DispatcherServlet        : GET "/api/tables", parameters={}
2026-05-06T22:37:23.038+05:30 DEBUG 26528 --- [nio-8080-exec-7] s.w.s.m.m.a.RequestMappingHandlerMapping : Mapped to com.robms.controller.TableController#getAllTables()
2026-05-06T22:37:23.040+05:30 DEBUG 26528 --- [nio-8080-exec-7] org.hibernate.SQL                        : select te1_0.id,te1_0.capacity,te1_0.current_bill_amount,te1_0.name,te1_0.status from restaurant_tables te1_0
Hibernate: select te1_0.id,te1_0.capacity,te1_0.current_bill_amount,te1_0.name,te1_0.status from restaurant_tables te1_0
2026-05-06T22:37:23.040+05:30 DEBUG 26528 --- [nio-8080-exec-7] m.m.a.RequestResponseBodyMethodProcessor : Using 'application/json', given [application/json, text/plain, */*] and supported [application/json, application/*+json]
2026-05-06T22:37:23.040+05:30 DEBUG 26528 --- [nio-8080-exec-7] m.m.a.RequestResponseBodyMethodProcessor : Writing [[com.robms.model.TableEntity@1e8d6d36, com.robms.model.TableEntity@40a043c9, com.robms.model.TableEn (truncated)...]
2026-05-06T22:37:23.046+05:30 DEBUG 26528 --- [nio-8080-exec-7] o.s.web.servlet.DispatcherServlet        : Completed 200 OK
2026-05-06T22:37:23.055+05:30 DEBUG 26528 --- [nio-8080-exec-4] o.s.web.servlet.DispatcherServlet        : GET "/api/tables", parameters={}
2026-05-06T22:37:23.055+05:30 DEBUG 26528 --- [nio-8080-exec-4] s.w.s.m.m.a.RequestMappingHandlerMapping : Mapped to com.robms.controller.TableController#getAllTables()
2026-05-06T22:37:23.055+05:30 DEBUG 26528 --- [nio-8080-exec-4] org.hibernate.SQL                        : select te1_0.id,te1_0.capacity,te1_0.current_bill_amount,te1_0.name,te1_0.status from restaurant_tables te1_0
Hibernate: select te1_0.id,te1_0.capacity,te1_0.current_bill_amount,te1_0.name,te1_0.status from restaurant_tables te1_0
2026-05-06T22:37:23.055+05:30 DEBUG 26528 --- [nio-8080-exec-4] m.m.a.RequestResponseBodyMethodProcessor : Using 'application/json', given [application/json, text/plain, */*] and supported [application/json, application/*+json]
2026-05-06T22:37:23.055+05:30 DEBUG 26528 --- [nio-8080-exec-4] m.m.a.RequestResponseBodyMethodProcessor : Writing [[com.robms.model.TableEntity@12a089b, com.robms.model.TableEntity@3d83304f, com.robms.model.TableEnt (truncated)...]
2026-05-06T22:37:23.055+05:30 DEBUG 26528 --- [nio-8080-exec-4] o.s.web.servlet.DispatcherServlet        : Completed 200 OK
2026-05-06T22:37:33.023+05:30 DEBUG 26528 --- [nio-8080-exec-2] o.s.web.servlet.DispatcherServlet        : GET "/api/tables", parameters={}
2026-05-06T22:37:33.044+05:30 DEBUG 26528 --- [nio-8080-exec-2] s.w.s.m.m.a.RequestMappingHandlerMapping : Mapped to com.robms.controller.TableController#getAllTables()
2026-05-06T22:37:33.046+05:30 DEBUG 26528 --- [nio-8080-exec-2] org.hibernate.SQL                        : select te1_0.id,te1_0.capacity,te1_0.current_bill_amount,te1_0.name,te1_0.status from restaurant_tables te1_0
Hibernate: select te1_0.id,te1_0.capacity,te1_0.current_bill_amount,te1_0.name,te1_0.status from restaurant_tables te1_0
2026-05-06T22:37:33.046+05:30 DEBUG 26528 --- [nio-8080-exec-2] m.m.a.RequestResponseBodyMethodProcessor : Using 'application/json', given [application/json, text/plain, */*] and supported [application/json, application/*+json]
2026-05-06T22:37:33.046+05:30 DEBUG 26528 --- [nio-8080-exec-2] m.m.a.RequestResponseBodyMethodProcessor : Writing [[com.robms.model.TableEntity@1c1d8956, com.robms.model.TableEntity@6a5efb22, com.robms.model.TableEn (truncated)...]
2026-05-06T22:37:33.049+05:30 DEBUG 26528 --- [nio-8080-exec-2] o.s.web.servlet.DispatcherServlet        : Completed 200 OK
2026-05-06T22:37:43.024+05:30 DEBUG 26528 --- [nio-8080-exec-8] o.s.web.servlet.DispatcherServlet        : GET "/api/tables", parameters={}
2026-05-06T22:37:43.043+05:30 DEBUG 26528 --- [nio-8080-exec-8] s.w.s.m.m.a.RequestMappingHandlerMapping : Mapped to com.robms.controller.TableController#getAllTables()
2026-05-06T22:37:43.043+05:30 DEBUG 26528 --- [nio-8080-exec-8] org.hibernate.SQL                        : select te1_0.id,te1_0.capacity,te1_0.current_bill_amount,te1_0.name,te1_0.status from restaurant_tables te1_0
Hibernate: select te1_0.id,te1_0.capacity,te1_0.current_bill_amount,te1_0.name,te1_0.status from restaurant_tables te1_0
2026-05-06T22:37:43.046+05:30 DEBUG 26528 --- [nio-8080-exec-8] m.m.a.RequestResponseBodyMethodProcessor : Using 'application/json', given [application/json, text/plain, */*] and supported [application/json, application/*+json]
2026-05-06T22:37:43.046+05:30 DEBUG 26528 --- [nio-8080-exec-8] m.m.a.RequestResponseBodyMethodProcessor : Writing [[com.robms.model.TableEntity@53b7e006, com.robms.model.TableEntity@dc48647, com.robms.model.TableEnt (truncated)...]
2026-05-06T22:37:43.049+05:30 DEBUG 26528 --- [nio-8080-exec-8] o.s.web.servlet.DispatcherServlet        : Completed 200 OK
2026-05-06T22:37:52.504+05:30 DEBUG 26528 --- [nio-8080-exec-1] o.s.web.servlet.DispatcherServlet        : GET "/api/tables", parameters={}
2026-05-06T22:37:52.523+05:30 DEBUG 26528 --- [nio-8080-exec-1] s.w.s.m.m.a.RequestMappingHandlerMapping : Mapped to com.robms.controller.TableController#getAllTables()
2026-05-06T22:37:52.523+05:30 DEBUG 26528 --- [nio-8080-exec-1] org.hibernate.SQL                        : select te1_0.id,te1_0.capacity,te1_0.current_bill_amount,te1_0.name,te1_0.status from restaurant_tables te1_0
Hibernate: select te1_0.id,te1_0.capacity,te1_0.current_bill_amount,te1_0.name,te1_0.status from restaurant_tables te1_0
2026-05-06T22:37:52.523+05:30 DEBUG 26528 --- [nio-8080-exec-1] m.m.a.RequestResponseBodyMethodProcessor : Using 'application/json', given [application/json, text/plain, */*] and supported [application/json, application/*+json]
2026-05-06T22:37:52.523+05:30 DEBUG 26528 --- [nio-8080-exec-1] m.m.a.RequestResponseBodyMethodProcessor : Writing [[com.robms.model.TableEntity@6e63eefd, com.robms.model.TableEntity@5e2f219c, com.robms.model.TableEn (truncated)...]
2026-05-06T22:37:52.523+05:30 DEBUG 26528 --- [nio-8080-exec-1] o.s.web.servlet.DispatcherServlet        : Completed 200 OK
2026-05-06T22:37:52.528+05:30 DEBUG 26528 --- [nio-8080-exec-3] o.s.web.servlet.DispatcherServlet        : GET "/api/tables", parameters={}
2026-05-06T22:37:52.528+05:30 DEBUG 26528 --- [nio-8080-exec-3] s.w.s.m.m.a.RequestMappingHandlerMapping : Mapped to com.robms.controller.TableController#getAllTables()
2026-05-06T22:37:52.528+05:30 DEBUG 26528 --- [nio-8080-exec-3] org.hibernate.SQL                        : select te1_0.id,te1_0.capacity,te1_0.current_bill_amount,te1_0.name,te1_0.status from restaurant_tables te1_0
Hibernate: select te1_0.id,te1_0.capacity,te1_0.current_bill_amount,te1_0.name,te1_0.status from restaurant_tables te1_0
2026-05-06T22:37:52.536+05:30 DEBUG 26528 --- [nio-8080-exec-3] m.m.a.RequestResponseBodyMethodProcessor : Using 'application/json', given [application/json, text/plain, */*] and supported [application/json, application/*+json]
2026-05-06T22:37:52.536+05:30 DEBUG 26528 --- [nio-8080-exec-3] m.m.a.RequestResponseBodyMethodProcessor : Writing [[com.robms.model.TableEntity@21785f01, com.robms.model.TableEntity@17ad34d7, com.robms.model.TableEn (truncated)...]
2026-05-06T22:37:52.536+05:30 DEBUG 26528 --- [nio-8080-exec-3] o.s.web.servlet.DispatcherServlet        : Completed 200 OK
2026-05-06T22:37:53.803+05:30 DEBUG 26528 --- [nio-8080-exec-9] o.s.web.servlet.DispatcherServlet        : GET "/api/menu/available", parameters={}
2026-05-06T22:37:53.803+05:30 DEBUG 26528 --- [nio-8080-exec-6] o.s.web.servlet.DispatcherServlet        : GET "/api/tables", parameters={}
2026-05-06T22:37:53.826+05:30 DEBUG 26528 --- [nio-8080-exec-9] s.w.s.m.m.a.RequestMappingHandlerMapping : Mapped to com.robms.controller.MenuController#getAvailableMenuItems()
2026-05-06T22:37:53.826+05:30 DEBUG 26528 --- [nio-8080-exec-6] s.w.s.m.m.a.RequestMappingHandlerMapping : Mapped to com.robms.controller.TableController#getAllTables()
2026-05-06T22:37:53.828+05:30 DEBUG 26528 --- [nio-8080-exec-6] org.hibernate.SQL                        : select te1_0.id,te1_0.capacity,te1_0.current_bill_amount,te1_0.name,te1_0.status from restaurant_tables te1_0
Hibernate: select te1_0.id,te1_0.capacity,te1_0.current_bill_amount,te1_0.name,te1_0.status from restaurant_tables te1_0
2026-05-06T22:37:53.828+05:30 DEBUG 26528 --- [nio-8080-exec-9] org.hibernate.SQL                        : select mi1_0.id,mi1_0.available,mi1_0.category,mi1_0.description,mi1_0.name,mi1_0.price from menu_items mi1_0 where mi1_0.available
Hibernate: select mi1_0.id,mi1_0.available,mi1_0.category,mi1_0.description,mi1_0.name,mi1_0.price from menu_items mi1_0 where mi1_0.available
2026-05-06T22:37:53.828+05:30 DEBUG 26528 --- [nio-8080-exec-6] m.m.a.RequestResponseBodyMethodProcessor : Using 'application/json', given [application/json, text/plain, */*] and supported [application/json, application/*+json]
2026-05-06T22:37:53.828+05:30 DEBUG 26528 --- [nio-8080-exec-6] m.m.a.RequestResponseBodyMethodProcessor : Writing [[com.robms.model.TableEntity@f517bc, com.robms.model.TableEntity@6b993581, com.robms.model.TableEnti (truncated)...]
2026-05-06T22:37:53.828+05:30 DEBUG 26528 --- [nio-8080-exec-9] m.m.a.RequestResponseBodyMethodProcessor : Using 'application/json', given [application/json, text/plain, */*] and supported [application/json, application/*+json]
2026-05-06T22:37:53.828+05:30 DEBUG 26528 --- [nio-8080-exec-6] o.s.web.servlet.DispatcherServlet        : Completed 200 OK
2026-05-06T22:37:53.828+05:30 DEBUG 26528 --- [nio-8080-exec-9] m.m.a.RequestResponseBodyMethodProcessor : Writing [[com.robms.model.MenuItem@76866b38, com.robms.model.MenuItem@7308422f, com.robms.model.MenuItem@1c16 (truncated)...]
2026-05-06T22:37:53.833+05:30 DEBUG 26528 --- [nio-8080-exec-9] o.s.web.servlet.DispatcherServlet        : Completed 200 OK
2026-05-06T22:37:53.835+05:30 DEBUG 26528 --- [nio-8080-exec-5] o.s.web.servlet.DispatcherServlet        : GET "/api/menu/available", parameters={}
2026-05-06T22:37:53.835+05:30 DEBUG 26528 --- [io-8080-exec-10] o.s.web.servlet.DispatcherServlet        : GET "/api/tables", parameters={}
2026-05-06T22:37:53.835+05:30 DEBUG 26528 --- [nio-8080-exec-5] s.w.s.m.m.a.RequestMappingHandlerMapping : Mapped to com.robms.controller.MenuController#getAvailableMenuItems()
2026-05-06T22:37:53.835+05:30 DEBUG 26528 --- [io-8080-exec-10] s.w.s.m.m.a.RequestMappingHandlerMapping : Mapped to com.robms.controller.TableController#getAllTables()
2026-05-06T22:37:53.835+05:30 DEBUG 26528 --- [nio-8080-exec-5] org.hibernate.SQL                        : select mi1_0.id,mi1_0.available,mi1_0.category,mi1_0.description,mi1_0.name,mi1_0.price from menu_items mi1_0 where mi1_0.available
Hibernate: select mi1_0.id,mi1_0.available,mi1_0.category,mi1_0.description,mi1_0.name,mi1_0.price from menu_items mi1_0 where mi1_0.available
2026-05-06T22:37:53.835+05:30 DEBUG 26528 --- [io-8080-exec-10] org.hibernate.SQL                        : select te1_0.id,te1_0.capacity,te1_0.current_bill_amount,te1_0.name,te1_0.status from restaurant_tables te1_0
Hibernate: select te1_0.id,te1_0.capacity,te1_0.current_bill_amount,te1_0.name,te1_0.status from restaurant_tables te1_0
2026-05-06T22:37:53.837+05:30 DEBUG 26528 --- [nio-8080-exec-5] m.m.a.RequestResponseBodyMethodProcessor : Using 'application/json', given [application/json, text/plain, */*] and supported [application/json, application/*+json]
2026-05-06T22:37:53.837+05:30 DEBUG 26528 --- [nio-8080-exec-5] m.m.a.RequestResponseBodyMethodProcessor : Writing [[com.robms.model.MenuItem@2cb65b16, com.robms.model.MenuItem@5384e688, com.robms.model.MenuItem@319f (truncated)...]
2026-05-06T22:37:53.838+05:30 DEBUG 26528 --- [io-8080-exec-10] m.m.a.RequestResponseBodyMethodProcessor : Using 'application/json', given [application/json, text/plain, */*] and supported [application/json, application/*+json]
2026-05-06T22:37:53.838+05:30 DEBUG 26528 --- [nio-8080-exec-5] o.s.web.servlet.DispatcherServlet        : Completed 200 OK
2026-05-06T22:37:53.838+05:30 DEBUG 26528 --- [io-8080-exec-10] m.m.a.RequestResponseBodyMethodProcessor : Writing [[com.robms.model.TableEntity@74bf87, com.robms.model.TableEntity@6e7368e1, com.robms.model.TableEnti (truncated)...]
2026-05-06T22:37:53.838+05:30 DEBUG 26528 --- [io-8080-exec-10] o.s.web.servlet.DispatcherServlet        : Completed 200 OK
2026-05-06T22:38:05.433+05:30 DEBUG 26528 --- [nio-8080-exec-7] o.s.web.servlet.DispatcherServlet        : POST "/api/orders", parameters={}
2026-05-06T22:38:05.454+05:30 DEBUG 26528 --- [nio-8080-exec-7] s.w.s.m.m.a.RequestMappingHandlerMapping : Mapped to com.robms.controller.OrderController#createOrder(Order)
2026-05-06T22:38:05.456+05:30 DEBUG 26528 --- [nio-8080-exec-7] m.m.a.RequestResponseBodyMethodProcessor : Read "application/json;charset=UTF-8" to [com.robms.model.Order@70dfefa1]
2026-05-06T22:38:05.456+05:30 DEBUG 26528 --- [nio-8080-exec-7] org.hibernate.SQL                        : select te1_0.id,te1_0.capacity,te1_0.current_bill_amount,te1_0.name,te1_0.status from restaurant_tables te1_0 where te1_0.id=?
Hibernate: select te1_0.id,te1_0.capacity,te1_0.current_bill_amount,te1_0.name,te1_0.status from restaurant_tables te1_0 where te1_0.id=?
2026-05-06T22:38:05.456+05:30 DEBUG 26528 --- [nio-8080-exec-7] org.hibernate.SQL                        : update restaurant_tables set capacity=?,current_bill_amount=?,name=?,status=? where id=?
Hibernate: update restaurant_tables set capacity=?,current_bill_amount=?,name=?,status=? where id=?
2026-05-06T22:38:05.456+05:30 DEBUG 26528 --- [nio-8080-exec-7] org.hibernate.SQL                        : insert into orders (order_time,status,table_id,total_amount,id) values (?,?,?,?,default)
Hibernate: insert into orders (order_time,status,table_id,total_amount,id) values (?,?,?,?,default)
2026-05-06T22:38:05.464+05:30 DEBUG 26528 --- [nio-8080-exec-7] org.hibernate.SQL                        : insert into order_items (menu_item_id,order_id,price_at_order_time,quantity,special_instructions,id) values (?,?,?,?,?,default)
Hibernate: insert into order_items (menu_item_id,order_id,price_at_order_time,quantity,special_instructions,id) values (?,?,?,?,?,default)
2026-05-06T22:38:05.465+05:30 DEBUG 26528 --- [nio-8080-exec-7] org.hibernate.SQL                        : insert into order_items (menu_item_id,order_id,price_at_order_time,quantity,special_instructions,id) values (?,?,?,?,?,default)
Hibernate: insert into order_items (menu_item_id,order_id,price_at_order_time,quantity,special_instructions,id) values (?,?,?,?,?,default)
2026-05-06T22:38:05.465+05:30 DEBUG 26528 --- [nio-8080-exec-7] org.hibernate.SQL                        : insert into order_items (menu_item_id,order_id,price_at_order_time,quantity,special_instructions,id) values (?,?,?,?,?,default)
Hibernate: insert into order_items (menu_item_id,order_id,price_at_order_time,quantity,special_instructions,id) values (?,?,?,?,?,default)
2026-05-06T22:38:05.467+05:30 DEBUG 26528 --- [nio-8080-exec-7] org.springframework.web.SimpLogging      : Processing MESSAGE destination=/topic/orders session=null payload={"id":3,"table":{"id":3,"name":"Table 3","status":"occupied","capacity":6,"curre...(truncated)
2026-05-06T22:38:05.468+05:30 DEBUG 26528 --- [nio-8080-exec-7] m.m.a.RequestResponseBodyMethodProcessor : Using 'application/json', given [application/json, text/plain, */*] and supported [application/json, application/*+json]
2026-05-06T22:38:05.468+05:30 DEBUG 26528 --- [nio-8080-exec-7] m.m.a.RequestResponseBodyMethodProcessor : Writing [com.robms.model.Order@70dfefa1]
2026-05-06T22:38:05.468+05:30 DEBUG 26528 --- [nio-8080-exec-7] o.s.web.servlet.DispatcherServlet        : Completed 200 OK
2026-05-06T22:38:10.518+05:30 DEBUG 26528 --- [nio-8080-exec-4] o.s.web.servlet.DispatcherServlet        : GET "/api/tables", parameters={}
2026-05-06T22:38:10.538+05:30 DEBUG 26528 --- [nio-8080-exec-4] s.w.s.m.m.a.RequestMappingHandlerMapping : Mapped to com.robms.controller.TableController#getAllTables()
2026-05-06T22:38:10.538+05:30 DEBUG 26528 --- [nio-8080-exec-4] org.hibernate.SQL                        : select te1_0.id,te1_0.capacity,te1_0.current_bill_amount,te1_0.name,te1_0.status from restaurant_tables te1_0
Hibernate: select te1_0.id,te1_0.capacity,te1_0.current_bill_amount,te1_0.name,te1_0.status from restaurant_tables te1_0
2026-05-06T22:38:10.538+05:30 DEBUG 26528 --- [nio-8080-exec-4] m.m.a.RequestResponseBodyMethodProcessor : Using 'application/json', given [application/json, text/plain, */*] and supported [application/json, application/*+json]
2026-05-06T22:38:10.538+05:30 DEBUG 26528 --- [nio-8080-exec-4] m.m.a.RequestResponseBodyMethodProcessor : Writing [[com.robms.model.TableEntity@69deecf3, com.robms.model.TableEntity@146dcb35, com.robms.model.TableEn (truncated)...]
2026-05-06T22:38:10.538+05:30 DEBUG 26528 --- [nio-8080-exec-4] o.s.web.servlet.DispatcherServlet        : Completed 200 OK
2026-05-06T22:38:10.538+05:30 DEBUG 26528 --- [nio-8080-exec-2] o.s.web.servlet.DispatcherServlet        : GET "/api/tables", parameters={}
2026-05-06T22:38:10.545+05:30 DEBUG 26528 --- [nio-8080-exec-2] s.w.s.m.m.a.RequestMappingHandlerMapping : Mapped to com.robms.controller.TableController#getAllTables()
2026-05-06T22:38:10.545+05:30 DEBUG 26528 --- [nio-8080-exec-2] org.hibernate.SQL                        : select te1_0.id,te1_0.capacity,te1_0.current_bill_amount,te1_0.name,te1_0.status from restaurant_tables te1_0
Hibernate: select te1_0.id,te1_0.capacity,te1_0.current_bill_amount,te1_0.name,te1_0.status from restaurant_tables te1_0
2026-05-06T22:38:10.549+05:30 DEBUG 26528 --- [nio-8080-exec-2] m.m.a.RequestResponseBodyMethodProcessor : Using 'application/json', given [application/json, text/plain, */*] and supported [application/json, application/*+json]
2026-05-06T22:38:10.549+05:30 DEBUG 26528 --- [nio-8080-exec-2] m.m.a.RequestResponseBodyMethodProcessor : Writing [[com.robms.model.TableEntity@3e91c770, com.robms.model.TableEntity@780c7bdb, com.robms.model.TableEn (truncated)...]
2026-05-06T22:38:10.549+05:30 DEBUG 26528 --- [nio-8080-exec-2] o.s.web.servlet.DispatcherServlet        : Completed 200 OK
2026-05-06T22:38:16.454+05:30 DEBUG 26528 --- [nio-8080-exec-8] o.s.web.servlet.DispatcherServlet        : GET "/api/orders/active", parameters={}
2026-05-06T22:38:16.462+05:30 DEBUG 26528 --- [nio-8080-exec-1] o.s.web.servlet.DispatcherServlet        : GET "/ws/info?t=1778087296460", parameters={masked}
2026-05-06T22:38:16.473+05:30 DEBUG 26528 --- [nio-8080-exec-8] s.w.s.m.m.a.RequestMappingHandlerMapping : Mapped to com.robms.controller.OrderController#getActiveOrders()
2026-05-06T22:38:16.473+05:30 DEBUG 26528 --- [nio-8080-exec-1] o.s.w.s.s.s.WebSocketHandlerMapping      : Mapped to org.springframework.web.socket.sockjs.support.SockJsHttpRequestHandler@2e2c9e24
2026-05-06T22:38:16.473+05:30 DEBUG 26528 --- [nio-8080-exec-1] o.s.w.s.s.t.h.DefaultSockJsService       : Processing transport request: GET http://localhost:8080/ws/info?t=1778087296460
2026-05-06T22:38:16.473+05:30 DEBUG 26528 --- [nio-8080-exec-1] o.s.web.servlet.DispatcherServlet        : Completed 200 OK
2026-05-06T22:38:16.473+05:30 DEBUG 26528 --- [nio-8080-exec-8] org.hibernate.SQL                        : select o1_0.id,o1_0.order_time,o1_0.status,o1_0.table_id,o1_0.total_amount from orders o1_0 where o1_0.status not in (?,?)
Hibernate: select o1_0.id,o1_0.order_time,o1_0.status,o1_0.table_id,o1_0.total_amount from orders o1_0 where o1_0.status not in (?,?)
2026-05-06T22:38:16.473+05:30 DEBUG 26528 --- [nio-8080-exec-8] org.hibernate.SQL                        : select te1_0.id,te1_0.capacity,te1_0.current_bill_amount,te1_0.name,te1_0.status from restaurant_tables te1_0 where te1_0.id=?
Hibernate: select te1_0.id,te1_0.capacity,te1_0.current_bill_amount,te1_0.name,te1_0.status from restaurant_tables te1_0 where te1_0.id=?
2026-05-06T22:38:16.473+05:30 DEBUG 26528 --- [nio-8080-exec-3] o.s.web.servlet.DispatcherServlet        : GET "/ws/info?t=1778087296460", parameters={masked}
2026-05-06T22:38:16.473+05:30 DEBUG 26528 --- [nio-8080-exec-8] m.m.a.RequestResponseBodyMethodProcessor : Using 'application/json', given [application/json, text/plain, */*] and supported [application/json, application/*+json]
2026-05-06T22:38:16.473+05:30 DEBUG 26528 --- [nio-8080-exec-3] o.s.w.s.s.s.WebSocketHandlerMapping      : Mapped to org.springframework.web.socket.sockjs.support.SockJsHttpRequestHandler@2e2c9e24
2026-05-06T22:38:16.473+05:30 DEBUG 26528 --- [nio-8080-exec-8] m.m.a.RequestResponseBodyMethodProcessor : Writing [[com.robms.model.Order@30141124]]
2026-05-06T22:38:16.473+05:30 DEBUG 26528 --- [nio-8080-exec-3] o.s.w.s.s.t.h.DefaultSockJsService       : Processing transport request: GET http://localhost:8080/ws/info?t=1778087296460
2026-05-06T22:38:16.480+05:30 DEBUG 26528 --- [nio-8080-exec-3] o.s.web.servlet.DispatcherServlet        : Completed 200 OK
2026-05-06T22:38:16.480+05:30 DEBUG 26528 --- [nio-8080-exec-8] org.hibernate.SQL                        : select i1_0.order_id,i1_0.id,i1_0.menu_item_id,mi1_0.id,mi1_0.available,mi1_0.category,mi1_0.description,mi1_0.name,mi1_0.price,i1_0.price_at_order_time,i1_0.quantity,i1_0.special_instructions from order_items i1_0 left join menu_items mi1_0 on mi1_0.id=i1_0.menu_item_id where i1_0.order_id=?
Hibernate: select i1_0.order_id,i1_0.id,i1_0.menu_item_id,mi1_0.id,mi1_0.available,mi1_0.category,mi1_0.description,mi1_0.name,mi1_0.price,i1_0.price_at_order_time,i1_0.quantity,i1_0.special_instructions from order_items i1_0 left join menu_items mi1_0 on mi1_0.id=i1_0.menu_item_id where i1_0.order_id=?
2026-05-06T22:38:16.481+05:30 DEBUG 26528 --- [nio-8080-exec-6] o.s.web.servlet.DispatcherServlet        : GET "/ws/366/o1yb4axy/websocket", parameters={}
2026-05-06T22:38:16.481+05:30 DEBUG 26528 --- [nio-8080-exec-6] o.s.w.s.s.s.WebSocketHandlerMapping      : Mapped to org.springframework.web.socket.sockjs.support.SockJsHttpRequestHandler@2e2c9e24
2026-05-06T22:38:16.481+05:30 DEBUG 26528 --- [nio-8080-exec-6] o.s.w.s.s.t.h.DefaultSockJsService       : Processing transport request: GET http://localhost:8080/ws/366/o1yb4axy/websocket
2026-05-06T22:38:16.481+05:30 DEBUG 26528 --- [nio-8080-exec-8] o.s.web.servlet.DispatcherServlet        : Completed 200 OK
2026-05-06T22:38:16.481+05:30 DEBUG 26528 --- [nio-8080-exec-6] o.s.web.servlet.DispatcherServlet        : Completed 101 SWITCHING_PROTOCOLS
2026-05-06T22:38:16.484+05:30 DEBUG 26528 --- [nio-8080-exec-6] s.w.s.h.LoggingWebSocketHandlerDecorator : New WebSocketServerSockJsSession[id=o1yb4axy]
2026-05-06T22:38:16.484+05:30 DEBUG 26528 --- [nio-8080-exec-9] o.s.web.servlet.DispatcherServlet        : GET "/api/orders/active", parameters={}
2026-05-06T22:38:16.484+05:30 DEBUG 26528 --- [nio-8080-exec-9] s.w.s.m.m.a.RequestMappingHandlerMapping : Mapped to com.robms.controller.OrderController#getActiveOrders()
2026-05-06T22:38:16.487+05:30 DEBUG 26528 --- [nio-8080-exec-9] org.hibernate.SQL                        : select o1_0.id,o1_0.order_time,o1_0.status,o1_0.table_id,o1_0.total_amount from orders o1_0 where o1_0.status not in (?,?)
Hibernate: select o1_0.id,o1_0.order_time,o1_0.status,o1_0.table_id,o1_0.total_amount from orders o1_0 where o1_0.status not in (?,?)
2026-05-06T22:38:16.487+05:30 DEBUG 26528 --- [nio-8080-exec-9] org.hibernate.SQL                        : select te1_0.id,te1_0.capacity,te1_0.current_bill_amount,te1_0.name,te1_0.status from restaurant_tables te1_0 where te1_0.id=?
Hibernate: select te1_0.id,te1_0.capacity,te1_0.current_bill_amount,te1_0.name,te1_0.status from restaurant_tables te1_0 where te1_0.id=?
2026-05-06T22:38:16.487+05:30 DEBUG 26528 --- [nio-8080-exec-9] m.m.a.RequestResponseBodyMethodProcessor : Using 'application/json', given [application/json, text/plain, */*] and supported [application/json, application/*+json]
2026-05-06T22:38:16.487+05:30 DEBUG 26528 --- [nio-8080-exec-9] m.m.a.RequestResponseBodyMethodProcessor : Writing [[com.robms.model.Order@76467575]]
2026-05-06T22:38:16.490+05:30 DEBUG 26528 --- [nio-8080-exec-9] org.hibernate.SQL                        : select i1_0.order_id,i1_0.id,i1_0.menu_item_id,mi1_0.id,mi1_0.available,mi1_0.category,mi1_0.description,mi1_0.name,mi1_0.price,i1_0.price_at_order_time,i1_0.quantity,i1_0.special_instructions from order_items i1_0 left join menu_items mi1_0 on mi1_0.id=i1_0.menu_item_id where i1_0.order_id=?
Hibernate: select i1_0.order_id,i1_0.id,i1_0.menu_item_id,mi1_0.id,mi1_0.available,mi1_0.category,mi1_0.description,mi1_0.name,mi1_0.price,i1_0.price_at_order_time,i1_0.quantity,i1_0.special_instructions from order_items i1_0 left join menu_items mi1_0 on mi1_0.id=i1_0.menu_item_id where i1_0.order_id=?
2026-05-06T22:38:16.490+05:30 DEBUG 26528 --- [nio-8080-exec-9] o.s.web.servlet.DispatcherServlet        : Completed 200 OK
2026-05-06T22:38:16.495+05:30 DEBUG 26528 --- [nio-8080-exec-5] o.s.web.servlet.DispatcherServlet        : GET "/ws/946/rqooctba/websocket", parameters={}
2026-05-06T22:38:16.495+05:30 DEBUG 26528 --- [nio-8080-exec-5] o.s.w.s.s.s.WebSocketHandlerMapping      : Mapped to org.springframework.web.socket.sockjs.support.SockJsHttpRequestHandler@2e2c9e24
2026-05-06T22:38:16.495+05:30 DEBUG 26528 --- [nio-8080-exec-5] o.s.w.s.s.t.h.DefaultSockJsService       : Processing transport request: GET http://localhost:8080/ws/946/rqooctba/websocket
2026-05-06T22:38:16.499+05:30 DEBUG 26528 --- [nio-8080-exec-5] o.s.web.servlet.DispatcherServlet        : Completed 101 SWITCHING_PROTOCOLS
2026-05-06T22:38:16.499+05:30 DEBUG 26528 --- [nio-8080-exec-5] s.w.s.h.LoggingWebSocketHandlerDecorator : New WebSocketServerSockJsSession[id=rqooctba]
2026-05-06T22:38:16.501+05:30 DEBUG 26528 --- [boundChannel-53] org.springframework.web.SimpLogging      : Processing CONNECT session=rqooctba
2026-05-06T22:38:16.501+05:30 DEBUG 26528 --- [boundChannel-56] org.springframework.web.SimpLogging      : Processing SUBSCRIBE /topic/orders id=sub-0 session=rqooctba
2026-05-06T22:38:18.359+05:30 DEBUG 26528 --- [nio-8080-exec-2] o.s.web.servlet.DispatcherServlet        : PUT "/api/orders/3/status?status=preparing", parameters={masked}
2026-05-06T22:38:18.359+05:30 DEBUG 26528 --- [nio-8080-exec-2] s.w.s.m.m.a.RequestMappingHandlerMapping : Mapped to com.robms.controller.OrderController#updateOrderStatus(Long, String)
2026-05-06T22:38:18.359+05:30 DEBUG 26528 --- [nio-8080-exec-2] org.hibernate.SQL                        : select o1_0.id,o1_0.order_time,o1_0.status,o1_0.table_id,t1_0.id,t1_0.capacity,t1_0.current_bill_amount,t1_0.name,t1_0.status,o1_0.total_amount from orders o1_0 join restaurant_tables t1_0 on t1_0.id=o1_0.table_id where o1_0.id=?
Hibernate: select o1_0.id,o1_0.order_time,o1_0.status,o1_0.table_id,t1_0.id,t1_0.capacity,t1_0.current_bill_amount,t1_0.name,t1_0.status,o1_0.total_amount from orders o1_0 join restaurant_tables t1_0 on t1_0.id=o1_0.table_id where o1_0.id=?
2026-05-06T22:38:18.365+05:30 DEBUG 26528 --- [nio-8080-exec-2] org.hibernate.SQL                        : update orders set order_time=?,status=?,table_id=?,total_amount=? where id=?
Hibernate: update orders set order_time=?,status=?,table_id=?,total_amount=? where id=?
2026-05-06T22:38:18.367+05:30 DEBUG 26528 --- [nio-8080-exec-2] org.hibernate.SQL                        : select i1_0.order_id,i1_0.id,i1_0.menu_item_id,mi1_0.id,mi1_0.available,mi1_0.category,mi1_0.description,mi1_0.name,mi1_0.price,i1_0.price_at_order_time,i1_0.quantity,i1_0.special_instructions from order_items i1_0 left join menu_items mi1_0 on mi1_0.id=i1_0.menu_item_id where i1_0.order_id=?
Hibernate: select i1_0.order_id,i1_0.id,i1_0.menu_item_id,mi1_0.id,mi1_0.available,mi1_0.category,mi1_0.description,mi1_0.name,mi1_0.price,i1_0.price_at_order_time,i1_0.quantity,i1_0.special_instructions from order_items i1_0 left join menu_items mi1_0 on mi1_0.id=i1_0.menu_item_id where i1_0.order_id=?
2026-05-06T22:38:18.368+05:30 DEBUG 26528 --- [nio-8080-exec-2] org.springframework.web.SimpLogging      : Processing MESSAGE destination=/topic/orders session=null payload={"id":3,"table":{"id":3,"name":"Table 3","status":"occupied","capacity":6,"curre...(truncated)
2026-05-06T22:38:18.368+05:30 DEBUG 26528 --- [nio-8080-exec-2] org.springframework.web.SimpLogging      : Broadcasting to 1 sessions.
2026-05-06T22:38:18.368+05:30 DEBUG 26528 --- [nio-8080-exec-2] o.s.w.s.m.m.a.HttpEntityMethodProcessor  : Using 'application/json', given [application/json, text/plain, */*] and supported [application/json, application/*+json]
2026-05-06T22:38:18.368+05:30 DEBUG 26528 --- [nio-8080-exec-2] o.s.w.s.m.m.a.HttpEntityMethodProcessor  : Writing [com.robms.model.Order@19d942a5]
2026-05-06T22:38:18.368+05:30 DEBUG 26528 --- [nio-8080-exec-2] o.s.web.servlet.DispatcherServlet        : Completed 200 OK
2026-05-06T22:38:23.554+05:30 DEBUG 26528 --- [nio-8080-exec-1] s.w.s.h.LoggingWebSocketHandlerDecorator : WebSocketServerSockJsSession[id=o1yb4axy] closed with CloseStatus[code=1000, reason=null]
2026-05-06T22:38:23.594+05:30 DEBUG 26528 --- [nio-8080-exec-1] o.s.w.s.m.SubProtocolWebSocketHandler    : Clearing session o1yb4axy
2026-05-06T22:38:23.557+05:30 DEBUG 26528 --- [nio-8080-exec-3] s.w.s.h.LoggingWebSocketHandlerDecorator : WebSocketServerSockJsSession[id=rqooctba] closed with CloseStatus[code=1000, reason=null]
2026-05-06T22:38:23.594+05:30 DEBUG 26528 --- [nio-8080-exec-3] o.s.w.s.m.SubProtocolWebSocketHandler    : Clearing session rqooctba
2026-05-06T22:38:23.601+05:30 DEBUG 26528 --- [boundChannel-60] org.springframework.web.SimpLogging      : Processing DISCONNECT session=o1yb4axy
2026-05-06T22:38:23.604+05:30 DEBUG 26528 --- [boundChannel-61] org.springframework.web.SimpLogging      : Processing DISCONNECT session=rqooctba
2026-05-06T22:38:23.604+05:30 DEBUG 26528 --- [boundChannel-18] o.s.w.s.m.SubProtocolWebSocketHandler    : No session for GenericMessage [payload=byte[0], headers={simpMessageType=DISCONNECT_ACK, simpDisconnectMessage=GenericMessage [payload=byte[0], headers={simpMessageType=DISCONNECT, stompCommand=DISCONNECT, simpSessionAttributes={org.springframework.messaging.simp.SimpAttributes.COMPLETED=true}, simpSessionId=o1yb4axy}], simpSessionId=o1yb4axy}]
2026-05-06T22:38:23.604+05:30 DEBUG 26528 --- [boundChannel-19] o.s.w.s.m.SubProtocolWebSocketHandler    : No session for GenericMessage [payload=byte[0], headers={simpMessageType=DISCONNECT_ACK, simpDisconnectMessage=GenericMessage [payload=byte[0], headers={simpMessageType=DISCONNECT, stompCommand=DISCONNECT, simpSessionAttributes={org.springframework.messaging.simp.SimpAttributes.COMPLETED=true}, simpSessionId=rqooctba}], simpSessionId=rqooctba}]
2026-05-06T22:38:23.868+05:30 DEBUG 26528 --- [nio-8080-exec-8] o.s.web.servlet.DispatcherServlet        : GET "/api/tables", parameters={}
2026-05-06T22:38:23.887+05:30 DEBUG 26528 --- [nio-8080-exec-8] s.w.s.m.m.a.RequestMappingHandlerMapping : Mapped to com.robms.controller.TableController#getAllTables()
2026-05-06T22:38:23.887+05:30 DEBUG 26528 --- [nio-8080-exec-8] org.hibernate.SQL                        : select te1_0.id,te1_0.capacity,te1_0.current_bill_amount,te1_0.name,te1_0.status from restaurant_tables te1_0
Hibernate: select te1_0.id,te1_0.capacity,te1_0.current_bill_amount,te1_0.name,te1_0.status from restaurant_tables te1_0
2026-05-06T22:38:23.887+05:30 DEBUG 26528 --- [nio-8080-exec-8] m.m.a.RequestResponseBodyMethodProcessor : Using 'application/json', given [application/json, text/plain, */*] and supported [application/json, application/*+json]
2026-05-06T22:38:23.887+05:30 DEBUG 26528 --- [nio-8080-exec-8] m.m.a.RequestResponseBodyMethodProcessor : Writing [[com.robms.model.TableEntity@218a564b, com.robms.model.TableEntity@3d18764c, com.robms.model.TableEn (truncated)...]
2026-05-06T22:38:23.887+05:30 DEBUG 26528 --- [nio-8080-exec-8] o.s.web.servlet.DispatcherServlet        : Completed 200 OK
2026-05-06T22:38:23.887+05:30 DEBUG 26528 --- [nio-8080-exec-6] o.s.web.servlet.DispatcherServlet        : GET "/api/tables", parameters={}
2026-05-06T22:38:23.887+05:30 DEBUG 26528 --- [nio-8080-exec-6] s.w.s.m.m.a.RequestMappingHandlerMapping : Mapped to com.robms.controller.TableController#getAllTables()
2026-05-06T22:38:23.887+05:30 DEBUG 26528 --- [nio-8080-exec-6] org.hibernate.SQL                        : select te1_0.id,te1_0.capacity,te1_0.current_bill_amount,te1_0.name,te1_0.status from restaurant_tables te1_0
Hibernate: select te1_0.id,te1_0.capacity,te1_0.current_bill_amount,te1_0.name,te1_0.status from restaurant_tables te1_0
2026-05-06T22:38:23.895+05:30 DEBUG 26528 --- [nio-8080-exec-6] m.m.a.RequestResponseBodyMethodProcessor : Using 'application/json', given [application/json, text/plain, */*] and supported [application/json, application/*+json]
2026-05-06T22:38:23.895+05:30 DEBUG 26528 --- [nio-8080-exec-6] m.m.a.RequestResponseBodyMethodProcessor : Writing [[com.robms.model.TableEntity@2d933d63, com.robms.model.TableEntity@7cca591d, com.robms.model.TableEn (truncated)...]
2026-05-06T22:38:23.896+05:30 DEBUG 26528 --- [nio-8080-exec-6] o.s.web.servlet.DispatcherServlet        : Completed 200 OK
2026-05-06T22:38:28.746+05:30 DEBUG 26528 --- [essageBroker-11] o.s.w.s.s.t.h.DefaultSockJsService       : Closed 2 sessions: [rqooctba, o1yb4axy]
2026-05-06T22:38:30.243+05:30 DEBUG 26528 --- [nio-8080-exec-9] o.s.web.servlet.DispatcherServlet        : GET "/api/orders/active", parameters={}
2026-05-06T22:38:30.250+05:30 DEBUG 26528 --- [nio-8080-exec-5] o.s.web.servlet.DispatcherServlet        : GET "/ws/info?t=1778087310248", parameters={masked}
2026-05-06T22:38:30.259+05:30 DEBUG 26528 --- [nio-8080-exec-9] s.w.s.m.m.a.RequestMappingHandlerMapping : Mapped to com.robms.controller.OrderController#getActiveOrders()
2026-05-06T22:38:30.259+05:30 DEBUG 26528 --- [nio-8080-exec-5] o.s.w.s.s.s.WebSocketHandlerMapping      : Mapped to org.springframework.web.socket.sockjs.support.SockJsHttpRequestHandler@2e2c9e24
2026-05-06T22:38:30.261+05:30 DEBUG 26528 --- [nio-8080-exec-5] o.s.w.s.s.t.h.DefaultSockJsService       : Processing transport request: GET http://localhost:8080/ws/info?t=1778087310248
2026-05-06T22:38:30.261+05:30 DEBUG 26528 --- [nio-8080-exec-5] o.s.web.servlet.DispatcherServlet        : Completed 200 OK
2026-05-06T22:38:30.261+05:30 DEBUG 26528 --- [nio-8080-exec-9] org.hibernate.SQL                        : select o1_0.id,o1_0.order_time,o1_0.status,o1_0.table_id,o1_0.total_amount from orders o1_0 where o1_0.status not in (?,?)
Hibernate: select o1_0.id,o1_0.order_time,o1_0.status,o1_0.table_id,o1_0.total_amount from orders o1_0 where o1_0.status not in (?,?)
2026-05-06T22:38:30.261+05:30 DEBUG 26528 --- [nio-8080-exec-9] org.hibernate.SQL                        : select te1_0.id,te1_0.capacity,te1_0.current_bill_amount,te1_0.name,te1_0.status from restaurant_tables te1_0 where te1_0.id=?
Hibernate: select te1_0.id,te1_0.capacity,te1_0.current_bill_amount,te1_0.name,te1_0.status from restaurant_tables te1_0 where te1_0.id=?
2026-05-06T22:38:30.261+05:30 DEBUG 26528 --- [nio-8080-exec-9] m.m.a.RequestResponseBodyMethodProcessor : Using 'application/json', given [application/json, text/plain, */*] and supported [application/json, application/*+json]
2026-05-06T22:38:30.261+05:30 DEBUG 26528 --- [io-8080-exec-10] o.s.web.servlet.DispatcherServlet        : GET "/ws/info?t=1778087310248", parameters={masked}
2026-05-06T22:38:30.261+05:30 DEBUG 26528 --- [nio-8080-exec-9] m.m.a.RequestResponseBodyMethodProcessor : Writing [[com.robms.model.Order@2fb2a839]]
2026-05-06T22:38:30.261+05:30 DEBUG 26528 --- [io-8080-exec-10] o.s.w.s.s.s.WebSocketHandlerMapping      : Mapped to org.springframework.web.socket.sockjs.support.SockJsHttpRequestHandler@2e2c9e24
2026-05-06T22:38:30.261+05:30 DEBUG 26528 --- [io-8080-exec-10] o.s.w.s.s.t.h.DefaultSockJsService       : Processing transport request: GET http://localhost:8080/ws/info?t=1778087310248
2026-05-06T22:38:30.261+05:30 DEBUG 26528 --- [nio-8080-exec-9] org.hibernate.SQL                        : select i1_0.order_id,i1_0.id,i1_0.menu_item_id,mi1_0.id,mi1_0.available,mi1_0.category,mi1_0.description,mi1_0.name,mi1_0.price,i1_0.price_at_order_time,i1_0.quantity,i1_0.special_instructions from order_items i1_0 left join menu_items mi1_0 on mi1_0.id=i1_0.menu_item_id where i1_0.order_id=?
Hibernate: select i1_0.order_id,i1_0.id,i1_0.menu_item_id,mi1_0.id,mi1_0.available,mi1_0.category,mi1_0.description,mi1_0.name,mi1_0.price,i1_0.price_at_order_time,i1_0.quantity,i1_0.special_instructions from order_items i1_0 left join menu_items mi1_0 on mi1_0.id=i1_0.menu_item_id where i1_0.order_id=?
2026-05-06T22:38:30.261+05:30 DEBUG 26528 --- [io-8080-exec-10] o.s.web.servlet.DispatcherServlet        : Completed 200 OK
2026-05-06T22:38:30.267+05:30 DEBUG 26528 --- [nio-8080-exec-9] o.s.web.servlet.DispatcherServlet        : Completed 200 OK
2026-05-06T22:38:30.268+05:30 DEBUG 26528 --- [nio-8080-exec-7] o.s.web.servlet.DispatcherServlet        : GET "/ws/273/02kw1ue1/websocket", parameters={}
2026-05-06T22:38:30.268+05:30 DEBUG 26528 --- [nio-8080-exec-7] o.s.w.s.s.s.WebSocketHandlerMapping      : Mapped to org.springframework.web.socket.sockjs.support.SockJsHttpRequestHandler@2e2c9e24
2026-05-06T22:38:30.268+05:30 DEBUG 26528 --- [nio-8080-exec-7] o.s.w.s.s.t.h.DefaultSockJsService       : Processing transport request: GET http://localhost:8080/ws/273/02kw1ue1/websocket
2026-05-06T22:38:30.268+05:30 DEBUG 26528 --- [nio-8080-exec-4] o.s.web.servlet.DispatcherServlet        : GET "/api/orders/active", parameters={}
2026-05-06T22:38:30.268+05:30 DEBUG 26528 --- [nio-8080-exec-4] s.w.s.m.m.a.RequestMappingHandlerMapping : Mapped to com.robms.controller.OrderController#getActiveOrders()
2026-05-06T22:38:30.268+05:30 DEBUG 26528 --- [nio-8080-exec-7] o.s.web.servlet.DispatcherServlet        : Completed 101 SWITCHING_PROTOCOLS
2026-05-06T22:38:30.268+05:30 DEBUG 26528 --- [nio-8080-exec-7] s.w.s.h.LoggingWebSocketHandlerDecorator : New WebSocketServerSockJsSession[id=02kw1ue1]
2026-05-06T22:38:30.272+05:30 DEBUG 26528 --- [nio-8080-exec-4] org.hibernate.SQL                        : select o1_0.id,o1_0.order_time,o1_0.status,o1_0.table_id,o1_0.total_amount from orders o1_0 where o1_0.status not in (?,?)
Hibernate: select o1_0.id,o1_0.order_time,o1_0.status,o1_0.table_id,o1_0.total_amount from orders o1_0 where o1_0.status not in (?,?)
2026-05-06T22:38:30.272+05:30 DEBUG 26528 --- [nio-8080-exec-4] org.hibernate.SQL                        : select te1_0.id,te1_0.capacity,te1_0.current_bill_amount,te1_0.name,te1_0.status from restaurant_tables te1_0 where te1_0.id=?
Hibernate: select te1_0.id,te1_0.capacity,te1_0.current_bill_amount,te1_0.name,te1_0.status from restaurant_tables te1_0 where te1_0.id=?
2026-05-06T22:38:30.273+05:30 DEBUG 26528 --- [nio-8080-exec-4] m.m.a.RequestResponseBodyMethodProcessor : Using 'application/json', given [application/json, text/plain, */*] and supported [application/json, application/*+json]
2026-05-06T22:38:30.273+05:30 DEBUG 26528 --- [nio-8080-exec-4] m.m.a.RequestResponseBodyMethodProcessor : Writing [[com.robms.model.Order@31e30839]]
2026-05-06T22:38:30.273+05:30 DEBUG 26528 --- [nio-8080-exec-4] org.hibernate.SQL                        : select i1_0.order_id,i1_0.id,i1_0.menu_item_id,mi1_0.id,mi1_0.available,mi1_0.category,mi1_0.description,mi1_0.name,mi1_0.price,i1_0.price_at_order_time,i1_0.quantity,i1_0.special_instructions from order_items i1_0 left join menu_items mi1_0 on mi1_0.id=i1_0.menu_item_id where i1_0.order_id=?
Hibernate: select i1_0.order_id,i1_0.id,i1_0.menu_item_id,mi1_0.id,mi1_0.available,mi1_0.category,mi1_0.description,mi1_0.name,mi1_0.price,i1_0.price_at_order_time,i1_0.quantity,i1_0.special_instructions from order_items i1_0 left join menu_items mi1_0 on mi1_0.id=i1_0.menu_item_id where i1_0.order_id=?
2026-05-06T22:38:30.273+05:30 DEBUG 26528 --- [nio-8080-exec-4] o.s.web.servlet.DispatcherServlet        : Completed 200 OK
2026-05-06T22:38:30.285+05:30 DEBUG 26528 --- [nio-8080-exec-2] o.s.web.servlet.DispatcherServlet        : GET "/ws/382/szdwhzxc/websocket", parameters={}
2026-05-06T22:38:30.285+05:30 DEBUG 26528 --- [nio-8080-exec-2] o.s.w.s.s.s.WebSocketHandlerMapping      : Mapped to org.springframework.web.socket.sockjs.support.SockJsHttpRequestHandler@2e2c9e24
2026-05-06T22:38:30.285+05:30 DEBUG 26528 --- [nio-8080-exec-2] o.s.w.s.s.t.h.DefaultSockJsService       : Processing transport request: GET http://localhost:8080/ws/382/szdwhzxc/websocket
2026-05-06T22:38:30.285+05:30 DEBUG 26528 --- [nio-8080-exec-2] o.s.web.servlet.DispatcherServlet        : Completed 101 SWITCHING_PROTOCOLS
2026-05-06T22:38:30.290+05:30 DEBUG 26528 --- [nio-8080-exec-2] s.w.s.h.LoggingWebSocketHandlerDecorator : New WebSocketServerSockJsSession[id=szdwhzxc]
2026-05-06T22:38:30.295+05:30 DEBUG 26528 --- [boundChannel-65] org.springframework.web.SimpLogging      : Processing CONNECT session=szdwhzxc
2026-05-06T22:38:30.299+05:30 DEBUG 26528 --- [boundChannel-68] org.springframework.web.SimpLogging      : Processing SUBSCRIBE /topic/orders id=sub-0 session=szdwhzxc
2026-05-06T22:38:32.769+05:30 DEBUG 26528 --- [nio-8080-exec-8] o.s.web.servlet.DispatcherServlet        : PUT "/api/orders/3/status?status=ready", parameters={masked}
2026-05-06T22:38:32.788+05:30 DEBUG 26528 --- [nio-8080-exec-8] s.w.s.m.m.a.RequestMappingHandlerMapping : Mapped to com.robms.controller.OrderController#updateOrderStatus(Long, String)
2026-05-06T22:38:32.788+05:30 DEBUG 26528 --- [nio-8080-exec-8] org.hibernate.SQL                        : select o1_0.id,o1_0.order_time,o1_0.status,o1_0.table_id,t1_0.id,t1_0.capacity,t1_0.current_bill_amount,t1_0.name,t1_0.status,o1_0.total_amount from orders o1_0 join restaurant_tables t1_0 on t1_0.id=o1_0.table_id where o1_0.id=?
Hibernate: select o1_0.id,o1_0.order_time,o1_0.status,o1_0.table_id,t1_0.id,t1_0.capacity,t1_0.current_bill_amount,t1_0.name,t1_0.status,o1_0.total_amount from orders o1_0 join restaurant_tables t1_0 on t1_0.id=o1_0.table_id where o1_0.id=?
2026-05-06T22:38:32.788+05:30 DEBUG 26528 --- [nio-8080-exec-8] org.hibernate.SQL                        : update orders set order_time=?,status=?,table_id=?,total_amount=? where id=?
Hibernate: update orders set order_time=?,status=?,table_id=?,total_amount=? where id=?
2026-05-06T22:38:32.788+05:30 DEBUG 26528 --- [nio-8080-exec-8] org.hibernate.SQL                        : select i1_0.order_id,i1_0.id,i1_0.menu_item_id,mi1_0.id,mi1_0.available,mi1_0.category,mi1_0.description,mi1_0.name,mi1_0.price,i1_0.price_at_order_time,i1_0.quantity,i1_0.special_instructions from order_items i1_0 left join menu_items mi1_0 on mi1_0.id=i1_0.menu_item_id where i1_0.order_id=?
Hibernate: select i1_0.order_id,i1_0.id,i1_0.menu_item_id,mi1_0.id,mi1_0.available,mi1_0.category,mi1_0.description,mi1_0.name,mi1_0.price,i1_0.price_at_order_time,i1_0.quantity,i1_0.special_instructions from order_items i1_0 left join menu_items mi1_0 on mi1_0.id=i1_0.menu_item_id where i1_0.order_id=?
2026-05-06T22:38:32.788+05:30 DEBUG 26528 --- [nio-8080-exec-8] org.springframework.web.SimpLogging      : Processing MESSAGE destination=/topic/orders session=null payload={"id":3,"table":{"id":3,"name":"Table 3","status":"occupied","capacity":6,"curre...(truncated)
2026-05-06T22:38:32.788+05:30 DEBUG 26528 --- [nio-8080-exec-8] org.springframework.web.SimpLogging      : Broadcasting to 1 sessions.
2026-05-06T22:38:32.795+05:30 DEBUG 26528 --- [nio-8080-exec-8] o.s.w.s.m.m.a.HttpEntityMethodProcessor  : Using 'application/json', given [application/json, text/plain, */*] and supported [application/json, application/*+json]
2026-05-06T22:38:32.795+05:30 DEBUG 26528 --- [nio-8080-exec-8] o.s.w.s.m.m.a.HttpEntityMethodProcessor  : Writing [com.robms.model.Order@36735450]
2026-05-06T22:38:32.795+05:30 DEBUG 26528 --- [nio-8080-exec-8] o.s.web.servlet.DispatcherServlet        : Completed 200 OK
2026-05-06T22:38:35.845+05:30 DEBUG 26528 --- [nio-8080-exec-6] s.w.s.h.LoggingWebSocketHandlerDecorator : WebSocketServerSockJsSession[id=02kw1ue1] closed with CloseStatus[code=1000, reason=null]
2026-05-06T22:38:35.867+05:30 DEBUG 26528 --- [nio-8080-exec-6] o.s.w.s.m.SubProtocolWebSocketHandler    : Clearing session 02kw1ue1
2026-05-06T22:38:35.860+05:30 DEBUG 26528 --- [nio-8080-exec-5] s.w.s.h.LoggingWebSocketHandlerDecorator : WebSocketServerSockJsSession[id=szdwhzxc] closed with CloseStatus[code=1000, reason=null]
2026-05-06T22:38:35.873+05:30 DEBUG 26528 --- [nio-8080-exec-5] o.s.w.s.m.SubProtocolWebSocketHandler    : Clearing session szdwhzxc
2026-05-06T22:38:35.900+05:30 DEBUG 26528 --- [boundChannel-74] org.springframework.web.SimpLogging      : Processing DISCONNECT session=szdwhzxc
2026-05-06T22:38:35.900+05:30 DEBUG 26528 --- [boundChannel-71] org.springframework.web.SimpLogging      : Processing DISCONNECT session=02kw1ue1
2026-05-06T22:38:35.900+05:30 DEBUG 26528 --- [boundChannel-22] o.s.w.s.m.SubProtocolWebSocketHandler    : No session for GenericMessage [payload=byte[0], headers={simpMessageType=DISCONNECT_ACK, simpDisconnectMessage=GenericMessage [payload=byte[0], headers={simpMessageType=DISCONNECT, stompCommand=DISCONNECT, simpSessionAttributes={org.springframework.messaging.simp.SimpAttributes.COMPLETED=true}, simpSessionId=szdwhzxc}], simpSessionId=szdwhzxc}]
2026-05-06T22:38:35.905+05:30 DEBUG 26528 --- [boundChannel-23] o.s.w.s.m.SubProtocolWebSocketHandler    : No session for GenericMessage [payload=byte[0], headers={simpMessageType=DISCONNECT_ACK, simpDisconnectMessage=GenericMessage [payload=byte[0], headers={simpMessageType=DISCONNECT, stompCommand=DISCONNECT, simpSessionAttributes={org.springframework.messaging.simp.SimpAttributes.COMPLETED=true}, simpSessionId=02kw1ue1}], simpSessionId=02kw1ue1}]
2026-05-06T22:38:36.142+05:30 DEBUG 26528 --- [io-8080-exec-10] o.s.web.servlet.DispatcherServlet        : GET "/api/tables", parameters={}
2026-05-06T22:38:36.161+05:30 DEBUG 26528 --- [io-8080-exec-10] s.w.s.m.m.a.RequestMappingHandlerMapping : Mapped to com.robms.controller.TableController#getAllTables()
2026-05-06T22:38:36.162+05:30 DEBUG 26528 --- [io-8080-exec-10] org.hibernate.SQL                        : select te1_0.id,te1_0.capacity,te1_0.current_bill_amount,te1_0.name,te1_0.status from restaurant_tables te1_0
Hibernate: select te1_0.id,te1_0.capacity,te1_0.current_bill_amount,te1_0.name,te1_0.status from restaurant_tables te1_0
2026-05-06T22:38:36.162+05:30 DEBUG 26528 --- [io-8080-exec-10] m.m.a.RequestResponseBodyMethodProcessor : Using 'application/json', given [application/json, text/plain, */*] and supported [application/json, application/*+json]
2026-05-06T22:38:36.162+05:30 DEBUG 26528 --- [io-8080-exec-10] m.m.a.RequestResponseBodyMethodProcessor : Writing [[com.robms.model.TableEntity@2f45fd46, com.robms.model.TableEntity@692f3c24, com.robms.model.TableEn (truncated)...]
2026-05-06T22:38:36.162+05:30 DEBUG 26528 --- [io-8080-exec-10] o.s.web.servlet.DispatcherServlet        : Completed 200 OK
2026-05-06T22:38:36.162+05:30 DEBUG 26528 --- [nio-8080-exec-9] o.s.web.servlet.DispatcherServlet        : GET "/api/tables", parameters={}
2026-05-06T22:38:36.162+05:30 DEBUG 26528 --- [nio-8080-exec-9] s.w.s.m.m.a.RequestMappingHandlerMapping : Mapped to com.robms.controller.TableController#getAllTables()
2026-05-06T22:38:36.168+05:30 DEBUG 26528 --- [nio-8080-exec-9] org.hibernate.SQL                        : select te1_0.id,te1_0.capacity,te1_0.current_bill_amount,te1_0.name,te1_0.status from restaurant_tables te1_0
Hibernate: select te1_0.id,te1_0.capacity,te1_0.current_bill_amount,te1_0.name,te1_0.status from restaurant_tables te1_0
2026-05-06T22:38:36.168+05:30 DEBUG 26528 --- [nio-8080-exec-9] m.m.a.RequestResponseBodyMethodProcessor : Using 'application/json', given [application/json, text/plain, */*] and supported [application/json, application/*+json]
2026-05-06T22:38:36.168+05:30 DEBUG 26528 --- [nio-8080-exec-9] m.m.a.RequestResponseBodyMethodProcessor : Writing [[com.robms.model.TableEntity@2f3dfe36, com.robms.model.TableEntity@3e494daf, com.robms.model.TableEn (truncated)...]
2026-05-06T22:38:36.168+05:30 DEBUG 26528 --- [nio-8080-exec-9] o.s.web.servlet.DispatcherServlet        : Completed 200 OK
2026-05-06T22:38:43.747+05:30 DEBUG 26528 --- [essageBroker-11] o.s.w.s.s.t.h.DefaultSockJsService       : Closed 2 sessions: [02kw1ue1, szdwhzxc]
2026-05-06T22:38:44.782+05:30 DEBUG 26528 --- [nio-8080-exec-7] o.s.web.servlet.DispatcherServlet        : GET "/api/billing/table/3", parameters={}
2026-05-06T22:38:44.801+05:30 DEBUG 26528 --- [nio-8080-exec-7] s.w.s.m.m.a.RequestMappingHandlerMapping : Mapped to com.robms.controller.BillingController#getBillForTable(Long)
2026-05-06T22:38:44.803+05:30 DEBUG 26528 --- [nio-8080-exec-7] org.hibernate.SQL                        : select o1_0.id,o1_0.order_time,o1_0.status,o1_0.table_id,o1_0.total_amount from orders o1_0 left join restaurant_tables t1_0 on t1_0.id=o1_0.table_id where t1_0.id=? and o1_0.status<>?
Hibernate: select o1_0.id,o1_0.order_time,o1_0.status,o1_0.table_id,o1_0.total_amount from orders o1_0 left join restaurant_tables t1_0 on t1_0.id=o1_0.table_id where t1_0.id=? and o1_0.status<>?
2026-05-06T22:38:44.817+05:30 DEBUG 26528 --- [nio-8080-exec-7] org.hibernate.SQL                        : select te1_0.id,te1_0.capacity,te1_0.current_bill_amount,te1_0.name,te1_0.status from restaurant_tables te1_0 where te1_0.id=?
Hibernate: select te1_0.id,te1_0.capacity,te1_0.current_bill_amount,te1_0.name,te1_0.status from restaurant_tables te1_0 where te1_0.id=?
2026-05-06T22:38:44.817+05:30 DEBUG 26528 --- [nio-8080-exec-7] org.hibernate.SQL                        : select i1_0.order_id,i1_0.id,i1_0.menu_item_id,mi1_0.id,mi1_0.available,mi1_0.category,mi1_0.description,mi1_0.name,mi1_0.price,i1_0.price_at_order_time,i1_0.quantity,i1_0.special_instructions from order_items i1_0 left join menu_items mi1_0 on mi1_0.id=i1_0.menu_item_id where i1_0.order_id=?
Hibernate: select i1_0.order_id,i1_0.id,i1_0.menu_item_id,mi1_0.id,mi1_0.available,mi1_0.category,mi1_0.description,mi1_0.name,mi1_0.price,i1_0.price_at_order_time,i1_0.quantity,i1_0.special_instructions from order_items i1_0 left join menu_items mi1_0 on mi1_0.id=i1_0.menu_item_id where i1_0.order_id=?
2026-05-06T22:38:44.818+05:30 DEBUG 26528 --- [nio-8080-exec-7] o.s.w.s.m.m.a.HttpEntityMethodProcessor  : Using 'application/json', given [application/json, text/plain, */*] and supported [application/json, application/*+json]
2026-05-06T22:38:44.819+05:30 DEBUG 26528 --- [nio-8080-exec-7] o.s.w.s.m.m.a.HttpEntityMethodProcessor  : Writing [com.robms.controller.BillingController$1@1b6cfb49]
2026-05-06T22:38:44.819+05:30 DEBUG 26528 --- [nio-8080-exec-7] o.s.web.servlet.DispatcherServlet        : Completed 200 OK
2026-05-06T22:38:49.537+05:30 DEBUG 26528 --- [nio-8080-exec-4] o.s.web.servlet.DispatcherServlet        : GET "/api/menu/available", parameters={}
2026-05-06T22:38:49.537+05:30 DEBUG 26528 --- [nio-8080-exec-2] o.s.web.servlet.DispatcherServlet        : GET "/api/tables", parameters={}
2026-05-06T22:38:49.553+05:30 DEBUG 26528 --- [nio-8080-exec-2] s.w.s.m.m.a.RequestMappingHandlerMapping : Mapped to com.robms.controller.TableController#getAllTables()
2026-05-06T22:38:49.553+05:30 DEBUG 26528 --- [nio-8080-exec-4] s.w.s.m.m.a.RequestMappingHandlerMapping : Mapped to com.robms.controller.MenuController#getAvailableMenuItems()
2026-05-06T22:38:49.553+05:30 DEBUG 26528 --- [nio-8080-exec-2] org.hibernate.SQL                        : select te1_0.id,te1_0.capacity,te1_0.current_bill_amount,te1_0.name,te1_0.status from restaurant_tables te1_0
Hibernate: select te1_0.id,te1_0.capacity,te1_0.current_bill_amount,te1_0.name,te1_0.status from restaurant_tables te1_0
2026-05-06T22:38:49.553+05:30 DEBUG 26528 --- [nio-8080-exec-2] m.m.a.RequestResponseBodyMethodProcessor : Using 'application/json', given [application/json, text/plain, */*] and supported [application/json, application/*+json]
2026-05-06T22:38:49.553+05:30 DEBUG 26528 --- [nio-8080-exec-2] m.m.a.RequestResponseBodyMethodProcessor : Writing [[com.robms.model.TableEntity@47b79a42, com.robms.model.TableEntity@755b6641, com.robms.model.TableEn (truncated)...]
2026-05-06T22:38:49.553+05:30 DEBUG 26528 --- [nio-8080-exec-4] org.hibernate.SQL                        : select mi1_0.id,mi1_0.available,mi1_0.category,mi1_0.description,mi1_0.name,mi1_0.price from menu_items mi1_0 where mi1_0.available
Hibernate: select mi1_0.id,mi1_0.available,mi1_0.category,mi1_0.description,mi1_0.name,mi1_0.price from menu_items mi1_0 where mi1_0.available
2026-05-06T22:38:49.553+05:30 DEBUG 26528 --- [nio-8080-exec-2] o.s.web.servlet.DispatcherServlet        : Completed 200 OK
2026-05-06T22:38:49.553+05:30 DEBUG 26528 --- [nio-8080-exec-4] m.m.a.RequestResponseBodyMethodProcessor : Using 'application/json', given [application/json, text/plain, */*] and supported [application/json, application/*+json]
2026-05-06T22:38:49.553+05:30 DEBUG 26528 --- [nio-8080-exec-4] m.m.a.RequestResponseBodyMethodProcessor : Writing [[com.robms.model.MenuItem@673355cc, com.robms.model.MenuItem@454928b6, com.robms.model.MenuItem@3917 (truncated)...]
2026-05-06T22:38:49.558+05:30 DEBUG 26528 --- [nio-8080-exec-4] o.s.web.servlet.DispatcherServlet        : Completed 200 OK
2026-05-06T22:38:49.563+05:30 DEBUG 26528 --- [nio-8080-exec-4] o.s.web.servlet.DispatcherServlet        : GET "/api/tables", parameters={}
2026-05-06T22:38:49.563+05:30 DEBUG 26528 --- [nio-8080-exec-4] s.w.s.m.m.a.RequestMappingHandlerMapping : Mapped to com.robms.controller.TableController#getAllTables()
2026-05-06T22:38:49.563+05:30 DEBUG 26528 --- [nio-8080-exec-1] o.s.web.servlet.DispatcherServlet        : GET "/api/menu/available", parameters={}
2026-05-06T22:38:49.566+05:30 DEBUG 26528 --- [nio-8080-exec-1] s.w.s.m.m.a.RequestMappingHandlerMapping : Mapped to com.robms.controller.MenuController#getAvailableMenuItems()
2026-05-06T22:38:49.566+05:30 DEBUG 26528 --- [nio-8080-exec-4] org.hibernate.SQL                        : select te1_0.id,te1_0.capacity,te1_0.current_bill_amount,te1_0.name,te1_0.status from restaurant_tables te1_0
Hibernate: select te1_0.id,te1_0.capacity,te1_0.current_bill_amount,te1_0.name,te1_0.status from restaurant_tables te1_0
2026-05-06T22:38:49.566+05:30 DEBUG 26528 --- [nio-8080-exec-1] org.hibernate.SQL                        : select mi1_0.id,mi1_0.available,mi1_0.category,mi1_0.description,mi1_0.name,mi1_0.price from menu_items mi1_0 where mi1_0.available
Hibernate: select mi1_0.id,mi1_0.available,mi1_0.category,mi1_0.description,mi1_0.name,mi1_0.price from menu_items mi1_0 where mi1_0.available
2026-05-06T22:38:49.568+05:30 DEBUG 26528 --- [nio-8080-exec-4] m.m.a.RequestResponseBodyMethodProcessor : Using 'application/json', given [application/json, text/plain, */*] and supported [application/json, application/*+json]
2026-05-06T22:38:49.568+05:30 DEBUG 26528 --- [nio-8080-exec-4] m.m.a.RequestResponseBodyMethodProcessor : Writing [[com.robms.model.TableEntity@71105ddf, com.robms.model.TableEntity@7544dad8, com.robms.model.TableEn (truncated)...]
2026-05-06T22:38:49.568+05:30 DEBUG 26528 --- [nio-8080-exec-1] m.m.a.RequestResponseBodyMethodProcessor : Using 'application/json', given [application/json, text/plain, */*] and supported [application/json, application/*+json]
2026-05-06T22:38:49.568+05:30 DEBUG 26528 --- [nio-8080-exec-4] o.s.web.servlet.DispatcherServlet        : Completed 200 OK
2026-05-06T22:38:49.568+05:30 DEBUG 26528 --- [nio-8080-exec-1] m.m.a.RequestResponseBodyMethodProcessor : Writing [[com.robms.model.MenuItem@453cd2fd, com.robms.model.MenuItem@f2d95b2, com.robms.model.MenuItem@7f1b9 (truncated)...]
2026-05-06T22:38:49.570+05:30 DEBUG 26528 --- [nio-8080-exec-1] o.s.web.servlet.DispatcherServlet        : Completed 200 OK
2026-05-06T22:38:56.633+05:30 DEBUG 26528 --- [nio-8080-exec-6] o.s.web.servlet.DispatcherServlet        : POST "/api/orders", parameters={}
2026-05-06T22:38:56.652+05:30 DEBUG 26528 --- [nio-8080-exec-6] s.w.s.m.m.a.RequestMappingHandlerMapping : Mapped to com.robms.controller.OrderController#createOrder(Order)
2026-05-06T22:38:56.652+05:30 DEBUG 26528 --- [nio-8080-exec-6] m.m.a.RequestResponseBodyMethodProcessor : Read "application/json;charset=UTF-8" to [com.robms.model.Order@1a8a596]
2026-05-06T22:38:56.652+05:30 DEBUG 26528 --- [nio-8080-exec-6] org.hibernate.SQL                        : select te1_0.id,te1_0.capacity,te1_0.current_bill_amount,te1_0.name,te1_0.status from restaurant_tables te1_0 where te1_0.id=?
Hibernate: select te1_0.id,te1_0.capacity,te1_0.current_bill_amount,te1_0.name,te1_0.status from restaurant_tables te1_0 where te1_0.id=?
2026-05-06T22:38:56.652+05:30 DEBUG 26528 --- [nio-8080-exec-6] org.hibernate.SQL                        : update restaurant_tables set capacity=?,current_bill_amount=?,name=?,status=? where id=?
Hibernate: update restaurant_tables set capacity=?,current_bill_amount=?,name=?,status=? where id=?
2026-05-06T22:38:56.652+05:30 DEBUG 26528 --- [nio-8080-exec-6] org.hibernate.SQL                        : insert into orders (order_time,status,table_id,total_amount,id) values (?,?,?,?,default)
Hibernate: insert into orders (order_time,status,table_id,total_amount,id) values (?,?,?,?,default)
2026-05-06T22:38:56.657+05:30 DEBUG 26528 --- [nio-8080-exec-6] org.hibernate.SQL                        : insert into order_items (menu_item_id,order_id,price_at_order_time,quantity,special_instructions,id) values (?,?,?,?,?,default)
Hibernate: insert into order_items (menu_item_id,order_id,price_at_order_time,quantity,special_instructions,id) values (?,?,?,?,?,default)
2026-05-06T22:38:56.657+05:30 DEBUG 26528 --- [nio-8080-exec-6] org.springframework.web.SimpLogging      : Processing MESSAGE destination=/topic/orders session=null payload={"id":4,"table":{"id":3,"name":"Table 3","status":"occupied","capacity":6,"curre...(truncated)
2026-05-06T22:38:56.657+05:30 DEBUG 26528 --- [nio-8080-exec-6] m.m.a.RequestResponseBodyMethodProcessor : Using 'application/json', given [application/json, text/plain, */*] and supported [application/json, application/*+json]
2026-05-06T22:38:56.657+05:30 DEBUG 26528 --- [nio-8080-exec-6] m.m.a.RequestResponseBodyMethodProcessor : Writing [com.robms.model.Order@1a8a596]
2026-05-06T22:38:56.657+05:30 DEBUG 26528 --- [nio-8080-exec-6] o.s.web.servlet.DispatcherServlet        : Completed 200 OK
2026-05-06T22:39:00.415+05:30 DEBUG 26528 --- [nio-8080-exec-5] o.s.web.servlet.DispatcherServlet        : GET "/api/menu/available", parameters={}
2026-05-06T22:39:00.415+05:30 DEBUG 26528 --- [io-8080-exec-10] o.s.web.servlet.DispatcherServlet        : GET "/api/tables", parameters={}
2026-05-06T22:39:00.434+05:30 DEBUG 26528 --- [nio-8080-exec-5] s.w.s.m.m.a.RequestMappingHandlerMapping : Mapped to com.robms.controller.MenuController#getAvailableMenuItems()
2026-05-06T22:39:00.434+05:30 DEBUG 26528 --- [io-8080-exec-10] s.w.s.m.m.a.RequestMappingHandlerMapping : Mapped to com.robms.controller.TableController#getAllTables()
2026-05-06T22:39:00.434+05:30 DEBUG 26528 --- [io-8080-exec-10] org.hibernate.SQL                        : select te1_0.id,te1_0.capacity,te1_0.current_bill_amount,te1_0.name,te1_0.status from restaurant_tables te1_0
Hibernate: select te1_0.id,te1_0.capacity,te1_0.current_bill_amount,te1_0.name,te1_0.status from restaurant_tables te1_0
2026-05-06T22:39:00.434+05:30 DEBUG 26528 --- [nio-8080-exec-5] org.hibernate.SQL                        : select mi1_0.id,mi1_0.available,mi1_0.category,mi1_0.description,mi1_0.name,mi1_0.price from menu_items mi1_0 where mi1_0.available
Hibernate: select mi1_0.id,mi1_0.available,mi1_0.category,mi1_0.description,mi1_0.name,mi1_0.price from menu_items mi1_0 where mi1_0.available
2026-05-06T22:39:00.437+05:30 DEBUG 26528 --- [nio-8080-exec-5] m.m.a.RequestResponseBodyMethodProcessor : Using 'application/json', given [application/json, text/plain, */*] and supported [application/json, application/*+json]
2026-05-06T22:39:00.437+05:30 DEBUG 26528 --- [io-8080-exec-10] m.m.a.RequestResponseBodyMethodProcessor : Using 'application/json', given [application/json, text/plain, */*] and supported [application/json, application/*+json]
2026-05-06T22:39:00.437+05:30 DEBUG 26528 --- [nio-8080-exec-5] m.m.a.RequestResponseBodyMethodProcessor : Writing [[com.robms.model.MenuItem@3065e502, com.robms.model.MenuItem@7015d2a1, com.robms.model.MenuItem@6ee2 (truncated)...]
2026-05-06T22:39:00.437+05:30 DEBUG 26528 --- [io-8080-exec-10] m.m.a.RequestResponseBodyMethodProcessor : Writing [[com.robms.model.TableEntity@13835fa2, com.robms.model.TableEntity@331a3559, com.robms.model.TableEn (truncated)...]
2026-05-06T22:39:00.437+05:30 DEBUG 26528 --- [nio-8080-exec-5] o.s.web.servlet.DispatcherServlet        : Completed 200 OK
2026-05-06T22:39:00.438+05:30 DEBUG 26528 --- [io-8080-exec-10] o.s.web.servlet.DispatcherServlet        : Completed 200 OK
2026-05-06T22:39:00.442+05:30 DEBUG 26528 --- [nio-8080-exec-9] o.s.web.servlet.DispatcherServlet        : GET "/api/tables", parameters={}
2026-05-06T22:39:00.444+05:30 DEBUG 26528 --- [nio-8080-exec-9] s.w.s.m.m.a.RequestMappingHandlerMapping : Mapped to com.robms.controller.TableController#getAllTables()
2026-05-06T22:39:00.448+05:30 DEBUG 26528 --- [nio-8080-exec-9] org.hibernate.SQL                        : select te1_0.id,te1_0.capacity,te1_0.current_bill_amount,te1_0.name,te1_0.status from restaurant_tables te1_0
Hibernate: select te1_0.id,te1_0.capacity,te1_0.current_bill_amount,te1_0.name,te1_0.status from restaurant_tables te1_0
2026-05-06T22:39:00.448+05:30 DEBUG 26528 --- [nio-8080-exec-7] o.s.web.servlet.DispatcherServlet        : GET "/api/menu/available", parameters={}
2026-05-06T22:39:00.449+05:30 DEBUG 26528 --- [nio-8080-exec-7] s.w.s.m.m.a.RequestMappingHandlerMapping : Mapped to com.robms.controller.MenuController#getAvailableMenuItems()
2026-05-06T22:39:00.449+05:30 DEBUG 26528 --- [nio-8080-exec-9] m.m.a.RequestResponseBodyMethodProcessor : Using 'application/json', given [application/json, text/plain, */*] and supported [application/json, application/*+json]
2026-05-06T22:39:00.449+05:30 DEBUG 26528 --- [nio-8080-exec-9] m.m.a.RequestResponseBodyMethodProcessor : Writing [[com.robms.model.TableEntity@286ff27a, com.robms.model.TableEntity@58c8d0d0, com.robms.model.TableEn (truncated)...]
2026-05-06T22:39:00.450+05:30 DEBUG 26528 --- [nio-8080-exec-7] org.hibernate.SQL                        : select mi1_0.id,mi1_0.available,mi1_0.category,mi1_0.description,mi1_0.name,mi1_0.price from menu_items mi1_0 where mi1_0.available
Hibernate: select mi1_0.id,mi1_0.available,mi1_0.category,mi1_0.description,mi1_0.name,mi1_0.price from menu_items mi1_0 where mi1_0.available
2026-05-06T22:39:00.451+05:30 DEBUG 26528 --- [nio-8080-exec-9] o.s.web.servlet.DispatcherServlet        : Completed 200 OK
2026-05-06T22:39:00.451+05:30 DEBUG 26528 --- [nio-8080-exec-7] m.m.a.RequestResponseBodyMethodProcessor : Using 'application/json', given [application/json, text/plain, */*] and supported [application/json, application/*+json]
2026-05-06T22:39:00.452+05:30 DEBUG 26528 --- [nio-8080-exec-7] m.m.a.RequestResponseBodyMethodProcessor : Writing [[com.robms.model.MenuItem@678444d1, com.robms.model.MenuItem@12733c6a, com.robms.model.MenuItem@ae45 (truncated)...]
2026-05-06T22:39:00.453+05:30 DEBUG 26528 --- [nio-8080-exec-7] o.s.web.servlet.DispatcherServlet        : Completed 200 OK
2026-05-06T22:39:01.420+05:30 DEBUG 26528 --- [nio-8080-exec-2] o.s.web.servlet.DispatcherServlet        : GET "/api/orders/active", parameters={}
2026-05-06T22:39:01.430+05:30 DEBUG 26528 --- [nio-8080-exec-3] o.s.web.servlet.DispatcherServlet        : GET "/ws/info?t=1778087341426", parameters={masked}
2026-05-06T22:39:01.441+05:30 DEBUG 26528 --- [nio-8080-exec-2] s.w.s.m.m.a.RequestMappingHandlerMapping : Mapped to com.robms.controller.OrderController#getActiveOrders()
2026-05-06T22:39:01.441+05:30 DEBUG 26528 --- [nio-8080-exec-3] o.s.w.s.s.s.WebSocketHandlerMapping      : Mapped to org.springframework.web.socket.sockjs.support.SockJsHttpRequestHandler@2e2c9e24
2026-05-06T22:39:01.441+05:30 DEBUG 26528 --- [nio-8080-exec-3] o.s.w.s.s.t.h.DefaultSockJsService       : Processing transport request: GET http://localhost:8080/ws/info?t=1778087341426
2026-05-06T22:39:01.441+05:30 DEBUG 26528 --- [nio-8080-exec-3] o.s.web.servlet.DispatcherServlet        : Completed 200 OK
2026-05-06T22:39:01.441+05:30 DEBUG 26528 --- [nio-8080-exec-2] org.hibernate.SQL                        : select o1_0.id,o1_0.order_time,o1_0.status,o1_0.table_id,o1_0.total_amount from orders o1_0 where o1_0.status not in (?,?)
Hibernate: select o1_0.id,o1_0.order_time,o1_0.status,o1_0.table_id,o1_0.total_amount from orders o1_0 where o1_0.status not in (?,?)
2026-05-06T22:39:01.447+05:30 DEBUG 26528 --- [nio-8080-exec-2] org.hibernate.SQL                        : select te1_0.id,te1_0.capacity,te1_0.current_bill_amount,te1_0.name,te1_0.status from restaurant_tables te1_0 where te1_0.id=?
Hibernate: select te1_0.id,te1_0.capacity,te1_0.current_bill_amount,te1_0.name,te1_0.status from restaurant_tables te1_0 where te1_0.id=?
2026-05-06T22:39:01.447+05:30 DEBUG 26528 --- [nio-8080-exec-1] o.s.web.servlet.DispatcherServlet        : GET "/ws/287/j5emfywv/websocket", parameters={}
2026-05-06T22:39:01.447+05:30 DEBUG 26528 --- [nio-8080-exec-4] o.s.web.servlet.DispatcherServlet        : GET "/ws/info?t=1778087341426", parameters={masked}
2026-05-06T22:39:01.447+05:30 DEBUG 26528 --- [nio-8080-exec-1] o.s.w.s.s.s.WebSocketHandlerMapping      : Mapped to org.springframework.web.socket.sockjs.support.SockJsHttpRequestHandler@2e2c9e24
2026-05-06T22:39:01.447+05:30 DEBUG 26528 --- [nio-8080-exec-2] m.m.a.RequestResponseBodyMethodProcessor : Using 'application/json', given [application/json, text/plain, */*] and supported [application/json, application/*+json]
2026-05-06T22:39:01.447+05:30 DEBUG 26528 --- [nio-8080-exec-4] o.s.w.s.s.s.WebSocketHandlerMapping      : Mapped to org.springframework.web.socket.sockjs.support.SockJsHttpRequestHandler@2e2c9e24
2026-05-06T22:39:01.447+05:30 DEBUG 26528 --- [nio-8080-exec-2] m.m.a.RequestResponseBodyMethodProcessor : Writing [[com.robms.model.Order@56b6b2b7, com.robms.model.Order@343f15d6]]
2026-05-06T22:39:01.447+05:30 DEBUG 26528 --- [nio-8080-exec-1] o.s.w.s.s.t.h.DefaultSockJsService       : Processing transport request: GET http://localhost:8080/ws/287/j5emfywv/websocket
2026-05-06T22:39:01.449+05:30 DEBUG 26528 --- [nio-8080-exec-4] o.s.w.s.s.t.h.DefaultSockJsService       : Processing transport request: GET http://localhost:8080/ws/info?t=1778087341426
2026-05-06T22:39:01.449+05:30 DEBUG 26528 --- [nio-8080-exec-4] o.s.web.servlet.DispatcherServlet        : Completed 200 OK
2026-05-06T22:39:01.449+05:30 DEBUG 26528 --- [nio-8080-exec-2] org.hibernate.SQL                        : select i1_0.order_id,i1_0.id,i1_0.menu_item_id,mi1_0.id,mi1_0.available,mi1_0.category,mi1_0.description,mi1_0.name,mi1_0.price,i1_0.price_at_order_time,i1_0.quantity,i1_0.special_instructions from order_items i1_0 left join menu_items mi1_0 on mi1_0.id=i1_0.menu_item_id where i1_0.order_id=?
Hibernate: select i1_0.order_id,i1_0.id,i1_0.menu_item_id,mi1_0.id,mi1_0.available,mi1_0.category,mi1_0.description,mi1_0.name,mi1_0.price,i1_0.price_at_order_time,i1_0.quantity,i1_0.special_instructions from order_items i1_0 left join menu_items mi1_0 on mi1_0.id=i1_0.menu_item_id where i1_0.order_id=?
2026-05-06T22:39:01.449+05:30 DEBUG 26528 --- [nio-8080-exec-1] o.s.web.servlet.DispatcherServlet        : Completed 101 SWITCHING_PROTOCOLS
2026-05-06T22:39:01.450+05:30 DEBUG 26528 --- [nio-8080-exec-1] s.w.s.h.LoggingWebSocketHandlerDecorator : New WebSocketServerSockJsSession[id=j5emfywv]
2026-05-06T22:39:01.450+05:30 DEBUG 26528 --- [nio-8080-exec-2] org.hibernate.SQL                        : select i1_0.order_id,i1_0.id,i1_0.menu_item_id,mi1_0.id,mi1_0.available,mi1_0.category,mi1_0.description,mi1_0.name,mi1_0.price,i1_0.price_at_order_time,i1_0.quantity,i1_0.special_instructions from order_items i1_0 left join menu_items mi1_0 on mi1_0.id=i1_0.menu_item_id where i1_0.order_id=?
Hibernate: select i1_0.order_id,i1_0.id,i1_0.menu_item_id,mi1_0.id,mi1_0.available,mi1_0.category,mi1_0.description,mi1_0.name,mi1_0.price,i1_0.price_at_order_time,i1_0.quantity,i1_0.special_instructions from order_items i1_0 left join menu_items mi1_0 on mi1_0.id=i1_0.menu_item_id where i1_0.order_id=?
2026-05-06T22:39:01.450+05:30 DEBUG 26528 --- [nio-8080-exec-2] o.s.web.servlet.DispatcherServlet        : Completed 200 OK
2026-05-06T22:39:01.450+05:30 DEBUG 26528 --- [nio-8080-exec-8] o.s.web.servlet.DispatcherServlet        : GET "/api/orders/active", parameters={}
2026-05-06T22:39:01.450+05:30 DEBUG 26528 --- [nio-8080-exec-8] s.w.s.m.m.a.RequestMappingHandlerMapping : Mapped to com.robms.controller.OrderController#getActiveOrders()
2026-05-06T22:39:01.455+05:30 DEBUG 26528 --- [nio-8080-exec-8] org.hibernate.SQL                        : select o1_0.id,o1_0.order_time,o1_0.status,o1_0.table_id,o1_0.total_amount from orders o1_0 where o1_0.status not in (?,?)
Hibernate: select o1_0.id,o1_0.order_time,o1_0.status,o1_0.table_id,o1_0.total_amount from orders o1_0 where o1_0.status not in (?,?)
2026-05-06T22:39:01.455+05:30 DEBUG 26528 --- [nio-8080-exec-8] org.hibernate.SQL                        : select te1_0.id,te1_0.capacity,te1_0.current_bill_amount,te1_0.name,te1_0.status from restaurant_tables te1_0 where te1_0.id=?
Hibernate: select te1_0.id,te1_0.capacity,te1_0.current_bill_amount,te1_0.name,te1_0.status from restaurant_tables te1_0 where te1_0.id=?
2026-05-06T22:39:01.455+05:30 DEBUG 26528 --- [nio-8080-exec-8] m.m.a.RequestResponseBodyMethodProcessor : Using 'application/json', given [application/json, text/plain, */*] and supported [application/json, application/*+json]
2026-05-06T22:39:01.455+05:30 DEBUG 26528 --- [nio-8080-exec-8] m.m.a.RequestResponseBodyMethodProcessor : Writing [[com.robms.model.Order@46386975, com.robms.model.Order@2f4b541d]]
2026-05-06T22:39:01.455+05:30 DEBUG 26528 --- [nio-8080-exec-8] org.hibernate.SQL                        : select i1_0.order_id,i1_0.id,i1_0.menu_item_id,mi1_0.id,mi1_0.available,mi1_0.category,mi1_0.description,mi1_0.name,mi1_0.price,i1_0.price_at_order_time,i1_0.quantity,i1_0.special_instructions from order_items i1_0 left join menu_items mi1_0 on mi1_0.id=i1_0.menu_item_id where i1_0.order_id=?
Hibernate: select i1_0.order_id,i1_0.id,i1_0.menu_item_id,mi1_0.id,mi1_0.available,mi1_0.category,mi1_0.description,mi1_0.name,mi1_0.price,i1_0.price_at_order_time,i1_0.quantity,i1_0.special_instructions from order_items i1_0 left join menu_items mi1_0 on mi1_0.id=i1_0.menu_item_id where i1_0.order_id=?
2026-05-06T22:39:01.455+05:30 DEBUG 26528 --- [nio-8080-exec-8] org.hibernate.SQL                        : select i1_0.order_id,i1_0.id,i1_0.menu_item_id,mi1_0.id,mi1_0.available,mi1_0.category,mi1_0.description,mi1_0.name,mi1_0.price,i1_0.price_at_order_time,i1_0.quantity,i1_0.special_instructions from order_items i1_0 left join menu_items mi1_0 on mi1_0.id=i1_0.menu_item_id where i1_0.order_id=?
Hibernate: select i1_0.order_id,i1_0.id,i1_0.menu_item_id,mi1_0.id,mi1_0.available,mi1_0.category,mi1_0.description,mi1_0.name,mi1_0.price,i1_0.price_at_order_time,i1_0.quantity,i1_0.special_instructions from order_items i1_0 left join menu_items mi1_0 on mi1_0.id=i1_0.menu_item_id where i1_0.order_id=?
2026-05-06T22:39:01.455+05:30 DEBUG 26528 --- [nio-8080-exec-8] o.s.web.servlet.DispatcherServlet        : Completed 200 OK
2026-05-06T22:39:01.463+05:30 DEBUG 26528 --- [nio-8080-exec-8] o.s.web.servlet.DispatcherServlet        : GET "/ws/395/fnfq2qbq/websocket", parameters={}
2026-05-06T22:39:01.464+05:30 DEBUG 26528 --- [nio-8080-exec-8] o.s.w.s.s.s.WebSocketHandlerMapping      : Mapped to org.springframework.web.socket.sockjs.support.SockJsHttpRequestHandler@2e2c9e24
2026-05-06T22:39:01.464+05:30 DEBUG 26528 --- [nio-8080-exec-8] o.s.w.s.s.t.h.DefaultSockJsService       : Processing transport request: GET http://localhost:8080/ws/395/fnfq2qbq/websocket
2026-05-06T22:39:01.464+05:30 DEBUG 26528 --- [nio-8080-exec-8] o.s.web.servlet.DispatcherServlet        : Completed 101 SWITCHING_PROTOCOLS
2026-05-06T22:39:01.467+05:30 DEBUG 26528 --- [nio-8080-exec-8] s.w.s.h.LoggingWebSocketHandlerDecorator : New WebSocketServerSockJsSession[id=fnfq2qbq]
2026-05-06T22:39:01.468+05:30 DEBUG 26528 --- [boundChannel-52] org.springframework.web.SimpLogging      : Processing CONNECT session=fnfq2qbq
2026-05-06T22:39:01.471+05:30 DEBUG 26528 --- [boundChannel-55] org.springframework.web.SimpLogging      : Processing SUBSCRIBE /topic/orders id=sub-0 session=fnfq2qbq
2026-05-06T22:39:07.451+05:30 DEBUG 26528 --- [nio-8080-exec-7] o.s.web.servlet.DispatcherServlet        : PUT "/api/orders/4/status?status=preparing", parameters={masked}
2026-05-06T22:39:07.475+05:30 DEBUG 26528 --- [nio-8080-exec-7] s.w.s.m.m.a.RequestMappingHandlerMapping : Mapped to com.robms.controller.OrderController#updateOrderStatus(Long, String)
2026-05-06T22:39:07.475+05:30 DEBUG 26528 --- [nio-8080-exec-7] org.hibernate.SQL                        : select o1_0.id,o1_0.order_time,o1_0.status,o1_0.table_id,t1_0.id,t1_0.capacity,t1_0.current_bill_amount,t1_0.name,t1_0.status,o1_0.total_amount from orders o1_0 join restaurant_tables t1_0 on t1_0.id=o1_0.table_id where o1_0.id=?
Hibernate: select o1_0.id,o1_0.order_time,o1_0.status,o1_0.table_id,t1_0.id,t1_0.capacity,t1_0.current_bill_amount,t1_0.name,t1_0.status,o1_0.total_amount from orders o1_0 join restaurant_tables t1_0 on t1_0.id=o1_0.table_id where o1_0.id=?
2026-05-06T22:39:07.481+05:30 DEBUG 26528 --- [nio-8080-exec-7] org.hibernate.SQL                        : update orders set order_time=?,status=?,table_id=?,total_amount=? where id=?
Hibernate: update orders set order_time=?,status=?,table_id=?,total_amount=? where id=?
2026-05-06T22:39:07.481+05:30 DEBUG 26528 --- [nio-8080-exec-7] org.hibernate.SQL                        : select i1_0.order_id,i1_0.id,i1_0.menu_item_id,mi1_0.id,mi1_0.available,mi1_0.category,mi1_0.description,mi1_0.name,mi1_0.price,i1_0.price_at_order_time,i1_0.quantity,i1_0.special_instructions from order_items i1_0 left join menu_items mi1_0 on mi1_0.id=i1_0.menu_item_id where i1_0.order_id=?
Hibernate: select i1_0.order_id,i1_0.id,i1_0.menu_item_id,mi1_0.id,mi1_0.available,mi1_0.category,mi1_0.description,mi1_0.name,mi1_0.price,i1_0.price_at_order_time,i1_0.quantity,i1_0.special_instructions from order_items i1_0 left join menu_items mi1_0 on mi1_0.id=i1_0.menu_item_id where i1_0.order_id=?
2026-05-06T22:39:07.481+05:30 DEBUG 26528 --- [nio-8080-exec-7] org.springframework.web.SimpLogging      : Processing MESSAGE destination=/topic/orders session=null payload={"id":4,"table":{"id":3,"name":"Table 3","status":"occupied","capacity":6,"curre...(truncated)
2026-05-06T22:39:07.481+05:30 DEBUG 26528 --- [nio-8080-exec-7] org.springframework.web.SimpLogging      : Broadcasting to 1 sessions.
2026-05-06T22:39:07.481+05:30 DEBUG 26528 --- [nio-8080-exec-7] o.s.w.s.m.m.a.HttpEntityMethodProcessor  : Using 'application/json', given [application/json, text/plain, */*] and supported [application/json, application/*+json]
2026-05-06T22:39:07.481+05:30 DEBUG 26528 --- [nio-8080-exec-7] o.s.w.s.m.m.a.HttpEntityMethodProcessor  : Writing [com.robms.model.Order@3fd3bd79]
2026-05-06T22:39:07.481+05:30 DEBUG 26528 --- [nio-8080-exec-7] o.s.web.servlet.DispatcherServlet        : Completed 200 OK
2026-05-06T22:39:08.599+05:30 DEBUG 26528 --- [nio-8080-exec-4] o.s.web.servlet.DispatcherServlet        : PUT "/api/orders/4/status?status=ready", parameters={masked}
2026-05-06T22:39:08.620+05:30 DEBUG 26528 --- [nio-8080-exec-4] s.w.s.m.m.a.RequestMappingHandlerMapping : Mapped to com.robms.controller.OrderController#updateOrderStatus(Long, String)
2026-05-06T22:39:08.620+05:30 DEBUG 26528 --- [nio-8080-exec-4] org.hibernate.SQL                        : select o1_0.id,o1_0.order_time,o1_0.status,o1_0.table_id,t1_0.id,t1_0.capacity,t1_0.current_bill_amount,t1_0.name,t1_0.status,o1_0.total_amount from orders o1_0 join restaurant_tables t1_0 on t1_0.id=o1_0.table_id where o1_0.id=?
Hibernate: select o1_0.id,o1_0.order_time,o1_0.status,o1_0.table_id,t1_0.id,t1_0.capacity,t1_0.current_bill_amount,t1_0.name,t1_0.status,o1_0.total_amount from orders o1_0 join restaurant_tables t1_0 on t1_0.id=o1_0.table_id where o1_0.id=?
2026-05-06T22:39:08.625+05:30 DEBUG 26528 --- [nio-8080-exec-4] org.hibernate.SQL                        : update orders set order_time=?,status=?,table_id=?,total_amount=? where id=?
Hibernate: update orders set order_time=?,status=?,table_id=?,total_amount=? where id=?
2026-05-06T22:39:08.625+05:30 DEBUG 26528 --- [nio-8080-exec-4] org.hibernate.SQL                        : select i1_0.order_id,i1_0.id,i1_0.menu_item_id,mi1_0.id,mi1_0.available,mi1_0.category,mi1_0.description,mi1_0.name,mi1_0.price,i1_0.price_at_order_time,i1_0.quantity,i1_0.special_instructions from order_items i1_0 left join menu_items mi1_0 on mi1_0.id=i1_0.menu_item_id where i1_0.order_id=?
Hibernate: select i1_0.order_id,i1_0.id,i1_0.menu_item_id,mi1_0.id,mi1_0.available,mi1_0.category,mi1_0.description,mi1_0.name,mi1_0.price,i1_0.price_at_order_time,i1_0.quantity,i1_0.special_instructions from order_items i1_0 left join menu_items mi1_0 on mi1_0.id=i1_0.menu_item_id where i1_0.order_id=?
2026-05-06T22:39:08.625+05:30 DEBUG 26528 --- [nio-8080-exec-4] org.springframework.web.SimpLogging      : Processing MESSAGE destination=/topic/orders session=null payload={"id":4,"table":{"id":3,"name":"Table 3","status":"occupied","capacity":6,"curre...(truncated)
2026-05-06T22:39:08.625+05:30 DEBUG 26528 --- [nio-8080-exec-4] org.springframework.web.SimpLogging      : Broadcasting to 1 sessions.
2026-05-06T22:39:08.625+05:30 DEBUG 26528 --- [nio-8080-exec-4] o.s.w.s.m.m.a.HttpEntityMethodProcessor  : Using 'application/json', given [application/json, text/plain, */*] and supported [application/json, application/*+json]
2026-05-06T22:39:08.625+05:30 DEBUG 26528 --- [nio-8080-exec-4] o.s.w.s.m.m.a.HttpEntityMethodProcessor  : Writing [com.robms.model.Order@7b90f2d6]
2026-05-06T22:39:08.633+05:30 DEBUG 26528 --- [nio-8080-exec-4] o.s.web.servlet.DispatcherServlet        : Completed 200 OK
2026-05-06T22:39:10.410+05:30 DEBUG 26528 --- [nio-8080-exec-1] s.w.s.h.LoggingWebSocketHandlerDecorator : WebSocketServerSockJsSession[id=j5emfywv] closed with CloseStatus[code=1000, reason=null]
2026-05-06T22:39:10.432+05:30 DEBUG 26528 --- [nio-8080-exec-1] o.s.w.s.m.SubProtocolWebSocketHandler    : Clearing session j5emfywv
2026-05-06T22:39:10.414+05:30 DEBUG 26528 --- [nio-8080-exec-2] s.w.s.h.LoggingWebSocketHandlerDecorator : WebSocketServerSockJsSession[id=fnfq2qbq] closed with CloseStatus[code=1000, reason=null]
2026-05-06T22:39:10.442+05:30 DEBUG 26528 --- [nio-8080-exec-2] o.s.w.s.m.SubProtocolWebSocketHandler    : Clearing session fnfq2qbq
2026-05-06T22:39:10.440+05:30 DEBUG 26528 --- [boundChannel-59] org.springframework.web.SimpLogging      : Processing DISCONNECT session=j5emfywv
2026-05-06T22:39:10.449+05:30 DEBUG 26528 --- [boundChannel-60] org.springframework.web.SimpLogging      : Processing DISCONNECT session=fnfq2qbq
2026-05-06T22:39:10.458+05:30 DEBUG 26528 --- [boundChannel-28] o.s.w.s.m.SubProtocolWebSocketHandler    : No session for GenericMessage [payload=byte[0], headers={simpMessageType=DISCONNECT_ACK, simpDisconnectMessage=GenericMessage [payload=byte[0], headers={simpMessageType=DISCONNECT, stompCommand=DISCONNECT, simpSessionAttributes={org.springframework.messaging.simp.SimpAttributes.COMPLETED=true}, simpSessionId=fnfq2qbq}], simpSessionId=fnfq2qbq}]
2026-05-06T22:39:10.458+05:30 DEBUG 26528 --- [boundChannel-27] o.s.w.s.m.SubProtocolWebSocketHandler    : No session for GenericMessage [payload=byte[0], headers={simpMessageType=DISCONNECT_ACK, simpDisconnectMessage=GenericMessage [payload=byte[0], headers={simpMessageType=DISCONNECT, stompCommand=DISCONNECT, simpSessionAttributes={org.springframework.messaging.simp.SimpAttributes.COMPLETED=true}, simpSessionId=j5emfywv}], simpSessionId=j5emfywv}]
2026-05-06T22:39:14.440+05:30 DEBUG 26528 --- [nio-8080-exec-6] o.s.web.servlet.DispatcherServlet        : GET "/api/billing/table/3", parameters={}
2026-05-06T22:39:14.464+05:30 DEBUG 26528 --- [nio-8080-exec-6] s.w.s.m.m.a.RequestMappingHandlerMapping : Mapped to com.robms.controller.BillingController#getBillForTable(Long)
2026-05-06T22:39:14.466+05:30 DEBUG 26528 --- [nio-8080-exec-6] org.hibernate.SQL                        : select o1_0.id,o1_0.order_time,o1_0.status,o1_0.table_id,o1_0.total_amount from orders o1_0 left join restaurant_tables t1_0 on t1_0.id=o1_0.table_id where t1_0.id=? and o1_0.status<>?
Hibernate: select o1_0.id,o1_0.order_time,o1_0.status,o1_0.table_id,o1_0.total_amount from orders o1_0 left join restaurant_tables t1_0 on t1_0.id=o1_0.table_id where t1_0.id=? and o1_0.status<>?
2026-05-06T22:39:14.468+05:30 DEBUG 26528 --- [nio-8080-exec-6] org.hibernate.SQL                        : select te1_0.id,te1_0.capacity,te1_0.current_bill_amount,te1_0.name,te1_0.status from restaurant_tables te1_0 where te1_0.id=?
Hibernate: select te1_0.id,te1_0.capacity,te1_0.current_bill_amount,te1_0.name,te1_0.status from restaurant_tables te1_0 where te1_0.id=?
2026-05-06T22:39:14.468+05:30 DEBUG 26528 --- [nio-8080-exec-6] org.hibernate.SQL                        : select i1_0.order_id,i1_0.id,i1_0.menu_item_id,mi1_0.id,mi1_0.available,mi1_0.category,mi1_0.description,mi1_0.name,mi1_0.price,i1_0.price_at_order_time,i1_0.quantity,i1_0.special_instructions from order_items i1_0 left join menu_items mi1_0 on mi1_0.id=i1_0.menu_item_id where i1_0.order_id=?
Hibernate: select i1_0.order_id,i1_0.id,i1_0.menu_item_id,mi1_0.id,mi1_0.available,mi1_0.category,mi1_0.description,mi1_0.name,mi1_0.price,i1_0.price_at_order_time,i1_0.quantity,i1_0.special_instructions from order_items i1_0 left join menu_items mi1_0 on mi1_0.id=i1_0.menu_item_id where i1_0.order_id=?
2026-05-06T22:39:14.472+05:30 DEBUG 26528 --- [nio-8080-exec-6] org.hibernate.SQL                        : select i1_0.order_id,i1_0.id,i1_0.menu_item_id,mi1_0.id,mi1_0.available,mi1_0.category,mi1_0.description,mi1_0.name,mi1_0.price,i1_0.price_at_order_time,i1_0.quantity,i1_0.special_instructions from order_items i1_0 left join menu_items mi1_0 on mi1_0.id=i1_0.menu_item_id where i1_0.order_id=?
Hibernate: select i1_0.order_id,i1_0.id,i1_0.menu_item_id,mi1_0.id,mi1_0.available,mi1_0.category,mi1_0.description,mi1_0.name,mi1_0.price,i1_0.price_at_order_time,i1_0.quantity,i1_0.special_instructions from order_items i1_0 left join menu_items mi1_0 on mi1_0.id=i1_0.menu_item_id where i1_0.order_id=?
2026-05-06T22:39:14.472+05:30 DEBUG 26528 --- [nio-8080-exec-6] o.s.w.s.m.m.a.HttpEntityMethodProcessor  : Using 'application/json', given [application/json, text/plain, */*] and supported [application/json, application/*+json]
2026-05-06T22:39:14.472+05:30 DEBUG 26528 --- [nio-8080-exec-6] o.s.w.s.m.m.a.HttpEntityMethodProcessor  : Writing [com.robms.controller.BillingController$1@50696924]
2026-05-06T22:39:14.472+05:30 DEBUG 26528 --- [nio-8080-exec-6] o.s.web.servlet.DispatcherServlet        : Completed 200 OK
2026-05-06T22:39:18.741+05:30 DEBUG 26528 --- [essageBroker-11] o.s.w.s.s.t.h.DefaultSockJsService       : Closed 2 sessions: [j5emfywv, fnfq2qbq]
2026-05-06T22:39:23.082+05:30 DEBUG 26528 --- [nio-8080-exec-8] o.s.web.servlet.DispatcherServlet        : POST "/api/billing/checkout/3", parameters={}
2026-05-06T22:39:23.104+05:30 DEBUG 26528 --- [nio-8080-exec-8] s.w.s.m.m.a.RequestMappingHandlerMapping : Mapped to com.robms.controller.BillingController#checkoutTable(Long)
2026-05-06T22:39:23.114+05:30 DEBUG 26528 --- [nio-8080-exec-8] org.hibernate.SQL                        : select o1_0.id,o1_0.order_time,o1_0.status,o1_0.table_id,o1_0.total_amount from orders o1_0 left join restaurant_tables t1_0 on t1_0.id=o1_0.table_id where t1_0.id=? and o1_0.status<>?
Hibernate: select o1_0.id,o1_0.order_time,o1_0.status,o1_0.table_id,o1_0.total_amount from orders o1_0 left join restaurant_tables t1_0 on t1_0.id=o1_0.table_id where t1_0.id=? and o1_0.status<>?
2026-05-06T22:39:23.115+05:30 DEBUG 26528 --- [nio-8080-exec-8] org.hibernate.SQL                        : select te1_0.id,te1_0.capacity,te1_0.current_bill_amount,te1_0.name,te1_0.status from restaurant_tables te1_0 where te1_0.id=?
Hibernate: select te1_0.id,te1_0.capacity,te1_0.current_bill_amount,te1_0.name,te1_0.status from restaurant_tables te1_0 where te1_0.id=?
2026-05-06T22:39:23.117+05:30 DEBUG 26528 --- [nio-8080-exec-8] org.hibernate.SQL                        : update orders set order_time=?,status=?,table_id=?,total_amount=? where id=?
Hibernate: update orders set order_time=?,status=?,table_id=?,total_amount=? where id=?
2026-05-06T22:39:23.118+05:30 DEBUG 26528 --- [nio-8080-exec-8] org.hibernate.SQL                        : select i1_0.order_id,i1_0.id,i1_0.menu_item_id,mi1_0.id,mi1_0.available,mi1_0.category,mi1_0.description,mi1_0.name,mi1_0.price,i1_0.price_at_order_time,i1_0.quantity,i1_0.special_instructions from order_items i1_0 left join menu_items mi1_0 on mi1_0.id=i1_0.menu_item_id where i1_0.order_id=?
Hibernate: select i1_0.order_id,i1_0.id,i1_0.menu_item_id,mi1_0.id,mi1_0.available,mi1_0.category,mi1_0.description,mi1_0.name,mi1_0.price,i1_0.price_at_order_time,i1_0.quantity,i1_0.special_instructions from order_items i1_0 left join menu_items mi1_0 on mi1_0.id=i1_0.menu_item_id where i1_0.order_id=?
2026-05-06T22:39:23.118+05:30 DEBUG 26528 --- [nio-8080-exec-8] org.springframework.web.SimpLogging      : Processing MESSAGE destination=/topic/orders session=null payload={"id":3,"table":{"id":3,"name":"Table 3","status":"occupied","capacity":6,"curre...(truncated)
2026-05-06T22:39:23.118+05:30 DEBUG 26528 --- [nio-8080-exec-8] org.hibernate.SQL                        : update orders set order_time=?,status=?,table_id=?,total_amount=? where id=?
Hibernate: update orders set order_time=?,status=?,table_id=?,total_amount=? where id=?
2026-05-06T22:39:23.118+05:30 DEBUG 26528 --- [nio-8080-exec-8] org.hibernate.SQL                        : select i1_0.order_id,i1_0.id,i1_0.menu_item_id,mi1_0.id,mi1_0.available,mi1_0.category,mi1_0.description,mi1_0.name,mi1_0.price,i1_0.price_at_order_time,i1_0.quantity,i1_0.special_instructions from order_items i1_0 left join menu_items mi1_0 on mi1_0.id=i1_0.menu_item_id where i1_0.order_id=?
Hibernate: select i1_0.order_id,i1_0.id,i1_0.menu_item_id,mi1_0.id,mi1_0.available,mi1_0.category,mi1_0.description,mi1_0.name,mi1_0.price,i1_0.price_at_order_time,i1_0.quantity,i1_0.special_instructions from order_items i1_0 left join menu_items mi1_0 on mi1_0.id=i1_0.menu_item_id where i1_0.order_id=?
2026-05-06T22:39:23.118+05:30 DEBUG 26528 --- [nio-8080-exec-8] org.springframework.web.SimpLogging      : Processing MESSAGE destination=/topic/orders session=null payload={"id":4,"table":{"id":3,"name":"Table 3","status":"occupied","capacity":6,"curre...(truncated)
2026-05-06T22:39:23.122+05:30 DEBUG 26528 --- [nio-8080-exec-8] org.hibernate.SQL                        : update restaurant_tables set capacity=?,current_bill_amount=?,name=?,status=? where id=?
Hibernate: update restaurant_tables set capacity=?,current_bill_amount=?,name=?,status=? where id=?
2026-05-06T22:39:23.124+05:30 DEBUG 26528 --- [nio-8080-exec-8] o.s.w.s.m.m.a.HttpEntityMethodProcessor  : Using 'application/json', given [application/json, text/plain, */*] and supported [*/*]
2026-05-06T22:39:23.126+05:30 DEBUG 26528 --- [nio-8080-exec-8] o.s.web.servlet.DispatcherServlet        : Completed 200 OK
2026-05-06T22:39:27.793+05:30 DEBUG 26528 --- [nio-8080-exec-5] o.s.web.servlet.DispatcherServlet        : GET "/api/tables", parameters={}
2026-05-06T22:39:27.794+05:30 DEBUG 26528 --- [nio-8080-exec-5] s.w.s.m.m.a.RequestMappingHandlerMapping : Mapped to com.robms.controller.TableController#getAllTables()
2026-05-06T22:39:27.794+05:30 DEBUG 26528 --- [nio-8080-exec-5] org.hibernate.SQL                        : select te1_0.id,te1_0.capacity,te1_0.current_bill_amount,te1_0.name,te1_0.status from restaurant_tables te1_0
Hibernate: select te1_0.id,te1_0.capacity,te1_0.current_bill_amount,te1_0.name,te1_0.status from restaurant_tables te1_0
2026-05-06T22:39:27.794+05:30 DEBUG 26528 --- [nio-8080-exec-5] m.m.a.RequestResponseBodyMethodProcessor : Using 'application/json', given [application/json, text/plain, */*] and supported [application/json, application/*+json]
2026-05-06T22:39:27.794+05:30 DEBUG 26528 --- [nio-8080-exec-5] m.m.a.RequestResponseBodyMethodProcessor : Writing [[com.robms.model.TableEntity@b68c9a, com.robms.model.TableEntity@21a7b0b3, com.robms.model.TableEnti (truncated)...]
2026-05-06T22:39:27.799+05:30 DEBUG 26528 --- [nio-8080-exec-5] o.s.web.servlet.DispatcherServlet        : Completed 200 OK
2026-05-06T22:39:27.799+05:30 DEBUG 26528 --- [io-8080-exec-10] o.s.web.servlet.DispatcherServlet        : GET "/api/tables", parameters={}
2026-05-06T22:39:27.799+05:30 DEBUG 26528 --- [io-8080-exec-10] s.w.s.m.m.a.RequestMappingHandlerMapping : Mapped to com.robms.controller.TableController#getAllTables()
2026-05-06T22:39:27.801+05:30 DEBUG 26528 --- [io-8080-exec-10] org.hibernate.SQL                        : select te1_0.id,te1_0.capacity,te1_0.current_bill_amount,te1_0.name,te1_0.status from restaurant_tables te1_0
Hibernate: select te1_0.id,te1_0.capacity,te1_0.current_bill_amount,te1_0.name,te1_0.status from restaurant_tables te1_0
2026-05-06T22:39:27.801+05:30 DEBUG 26528 --- [io-8080-exec-10] m.m.a.RequestResponseBodyMethodProcessor : Using 'application/json', given [application/json, text/plain, */*] and supported [application/json, application/*+json]
2026-05-06T22:39:27.801+05:30 DEBUG 26528 --- [io-8080-exec-10] m.m.a.RequestResponseBodyMethodProcessor : Writing [[com.robms.model.TableEntity@272dfe3e, com.robms.model.TableEntity@1f77beed, com.robms.model.TableEn (truncated)...]
2026-05-06T22:39:27.801+05:30 DEBUG 26528 --- [io-8080-exec-10] o.s.web.servlet.DispatcherServlet        : Completed 200 OK
2026-05-06T22:39:37.802+05:30 DEBUG 26528 --- [nio-8080-exec-7] o.s.web.servlet.DispatcherServlet        : GET "/api/tables", parameters={}
2026-05-06T22:39:37.821+05:30 DEBUG 26528 --- [nio-8080-exec-7] s.w.s.m.m.a.RequestMappingHandlerMapping : Mapped to com.robms.controller.TableController#getAllTables()
2026-05-06T22:39:37.823+05:30 DEBUG 26528 --- [nio-8080-exec-7] org.hibernate.SQL                        : select te1_0.id,te1_0.capacity,te1_0.current_bill_amount,te1_0.name,te1_0.status from restaurant_tables te1_0
Hibernate: select te1_0.id,te1_0.capacity,te1_0.current_bill_amount,te1_0.name,te1_0.status from restaurant_tables te1_0
2026-05-06T22:39:37.823+05:30 DEBUG 26528 --- [nio-8080-exec-7] m.m.a.RequestResponseBodyMethodProcessor : Using 'application/json', given [application/json, text/plain, */*] and supported [application/json, application/*+json]
2026-05-06T22:39:37.823+05:30 DEBUG 26528 --- [nio-8080-exec-7] m.m.a.RequestResponseBodyMethodProcessor : Writing [[com.robms.model.TableEntity@25c657f0, com.robms.model.TableEntity@9361522, com.robms.model.TableEnt (truncated)...]
2026-05-06T22:39:37.823+05:30 DEBUG 26528 --- [nio-8080-exec-7] o.s.web.servlet.DispatcherServlet        : Completed 200 OK
2026-05-06T22:39:47.251+05:30 DEBUG 26528 --- [nio-8080-exec-3] o.s.web.servlet.DispatcherServlet        : GET "/api/tables", parameters={}
2026-05-06T22:39:47.270+05:30 DEBUG 26528 --- [nio-8080-exec-3] s.w.s.m.m.a.RequestMappingHandlerMapping : Mapped to com.robms.controller.TableController#getAllTables()
2026-05-06T22:39:47.273+05:30 DEBUG 26528 --- [nio-8080-exec-3] org.hibernate.SQL                        : select te1_0.id,te1_0.capacity,te1_0.current_bill_amount,te1_0.name,te1_0.status from restaurant_tables te1_0
Hibernate: select te1_0.id,te1_0.capacity,te1_0.current_bill_amount,te1_0.name,te1_0.status from restaurant_tables te1_0
2026-05-06T22:39:47.277+05:30 DEBUG 26528 --- [nio-8080-exec-3] m.m.a.RequestResponseBodyMethodProcessor : Using 'application/json', given [application/json, text/plain, */*] and supported [application/json, application/*+json]
2026-05-06T22:39:47.278+05:30 DEBUG 26528 --- [nio-8080-exec-3] m.m.a.RequestResponseBodyMethodProcessor : Writing [[com.robms.model.TableEntity@3d2860d2, com.robms.model.TableEntity@36bfbeef, com.robms.model.TableEn (truncated)...]
2026-05-06T22:39:47.278+05:30 DEBUG 26528 --- [nio-8080-exec-3] o.s.web.servlet.DispatcherServlet        : Completed 200 OK
2026-05-06T22:39:47.795+05:30 DEBUG 26528 --- [nio-8080-exec-4] o.s.web.servlet.DispatcherServlet        : GET "/api/tables", parameters={}
2026-05-06T22:39:47.796+05:30 DEBUG 26528 --- [nio-8080-exec-4] s.w.s.m.m.a.RequestMappingHandlerMapping : Mapped to com.robms.controller.TableController#getAllTables()
2026-05-06T22:39:47.797+05:30 DEBUG 26528 --- [nio-8080-exec-4] org.hibernate.SQL                        : select te1_0.id,te1_0.capacity,te1_0.current_bill_amount,te1_0.name,te1_0.status from restaurant_tables te1_0
Hibernate: select te1_0.id,te1_0.capacity,te1_0.current_bill_amount,te1_0.name,te1_0.status from restaurant_tables te1_0
2026-05-06T22:39:47.798+05:30 DEBUG 26528 --- [nio-8080-exec-4] m.m.a.RequestResponseBodyMethodProcessor : Using 'application/json', given [application/json, text/plain, */*] and supported [application/json, application/*+json]
2026-05-06T22:39:47.798+05:30 DEBUG 26528 --- [nio-8080-exec-4] m.m.a.RequestResponseBodyMethodProcessor : Writing [[com.robms.model.TableEntity@7ed59b70, com.robms.model.TableEntity@61a98018, com.robms.model.TableEn (truncated)...]
2026-05-06T22:39:47.799+05:30 DEBUG 26528 --- [nio-8080-exec-4] o.s.web.servlet.DispatcherServlet        : Completed 200 OK
2026-05-06T22:39:52.831+05:30 DEBUG 26528 --- [nio-8080-exec-1] o.s.web.servlet.DispatcherServlet        : GET "/api/orders/active", parameters={}
2026-05-06T22:39:52.837+05:30 DEBUG 26528 --- [nio-8080-exec-2] o.s.web.servlet.DispatcherServlet        : GET "/ws/info?t=1778087392835", parameters={masked}
2026-05-06T22:39:52.851+05:30 DEBUG 26528 --- [nio-8080-exec-1] s.w.s.m.m.a.RequestMappingHandlerMapping : Mapped to com.robms.controller.OrderController#getActiveOrders()
2026-05-06T22:39:52.851+05:30 DEBUG 26528 --- [nio-8080-exec-2] o.s.w.s.s.s.WebSocketHandlerMapping      : Mapped to org.springframework.web.socket.sockjs.support.SockJsHttpRequestHandler@2e2c9e24
2026-05-06T22:39:52.851+05:30 DEBUG 26528 --- [nio-8080-exec-2] o.s.w.s.s.t.h.DefaultSockJsService       : Processing transport request: GET http://localhost:8080/ws/info?t=1778087392835
2026-05-06T22:39:52.851+05:30 DEBUG 26528 --- [nio-8080-exec-2] o.s.web.servlet.DispatcherServlet        : Completed 200 OK
2026-05-06T22:39:52.855+05:30 DEBUG 26528 --- [nio-8080-exec-1] org.hibernate.SQL                        : select o1_0.id,o1_0.order_time,o1_0.status,o1_0.table_id,o1_0.total_amount from orders o1_0 where o1_0.status not in (?,?)
Hibernate: select o1_0.id,o1_0.order_time,o1_0.status,o1_0.table_id,o1_0.total_amount from orders o1_0 where o1_0.status not in (?,?)
2026-05-06T22:39:52.856+05:30 DEBUG 26528 --- [nio-8080-exec-6] o.s.web.servlet.DispatcherServlet        : GET "/ws/info?t=1778087392835", parameters={masked}
2026-05-06T22:39:52.856+05:30 DEBUG 26528 --- [nio-8080-exec-1] m.m.a.RequestResponseBodyMethodProcessor : Using 'application/json', given [application/json, text/plain, */*] and supported [application/json, application/*+json]
2026-05-06T22:39:52.856+05:30 DEBUG 26528 --- [nio-8080-exec-6] o.s.w.s.s.s.WebSocketHandlerMapping      : Mapped to org.springframework.web.socket.sockjs.support.SockJsHttpRequestHandler@2e2c9e24
2026-05-06T22:39:52.856+05:30 DEBUG 26528 --- [nio-8080-exec-1] m.m.a.RequestResponseBodyMethodProcessor : Writing [[]]
2026-05-06T22:39:52.856+05:30 DEBUG 26528 --- [nio-8080-exec-8] o.s.web.servlet.DispatcherServlet        : GET "/ws/622/kf2242ve/websocket", parameters={}
2026-05-06T22:39:52.856+05:30 DEBUG 26528 --- [nio-8080-exec-6] o.s.w.s.s.t.h.DefaultSockJsService       : Processing transport request: GET http://localhost:8080/ws/info?t=1778087392835
2026-05-06T22:39:52.856+05:30 DEBUG 26528 --- [nio-8080-exec-8] o.s.w.s.s.s.WebSocketHandlerMapping      : Mapped to org.springframework.web.socket.sockjs.support.SockJsHttpRequestHandler@2e2c9e24
2026-05-06T22:39:52.856+05:30 DEBUG 26528 --- [nio-8080-exec-6] o.s.web.servlet.DispatcherServlet        : Completed 200 OK
2026-05-06T22:39:52.856+05:30 DEBUG 26528 --- [nio-8080-exec-1] o.s.web.servlet.DispatcherServlet        : Completed 200 OK
2026-05-06T22:39:52.856+05:30 DEBUG 26528 --- [nio-8080-exec-8] o.s.w.s.s.t.h.DefaultSockJsService       : Processing transport request: GET http://localhost:8080/ws/622/kf2242ve/websocket
2026-05-06T22:39:52.856+05:30 DEBUG 26528 --- [nio-8080-exec-5] o.s.web.servlet.DispatcherServlet        : GET "/api/orders/active", parameters={}
2026-05-06T22:39:52.856+05:30 DEBUG 26528 --- [nio-8080-exec-5] s.w.s.m.m.a.RequestMappingHandlerMapping : Mapped to com.robms.controller.OrderController#getActiveOrders()
2026-05-06T22:39:52.856+05:30 DEBUG 26528 --- [nio-8080-exec-8] o.s.web.servlet.DispatcherServlet        : Completed 101 SWITCHING_PROTOCOLS
2026-05-06T22:39:52.862+05:30 DEBUG 26528 --- [nio-8080-exec-8] s.w.s.h.LoggingWebSocketHandlerDecorator : New WebSocketServerSockJsSession[id=kf2242ve]
2026-05-06T22:39:52.864+05:30 DEBUG 26528 --- [nio-8080-exec-5] org.hibernate.SQL                        : select o1_0.id,o1_0.order_time,o1_0.status,o1_0.table_id,o1_0.total_amount from orders o1_0 where o1_0.status not in (?,?)
Hibernate: select o1_0.id,o1_0.order_time,o1_0.status,o1_0.table_id,o1_0.total_amount from orders o1_0 where o1_0.status not in (?,?)
2026-05-06T22:39:52.864+05:30 DEBUG 26528 --- [nio-8080-exec-5] m.m.a.RequestResponseBodyMethodProcessor : Using 'application/json', given [application/json, text/plain, */*] and supported [application/json, application/*+json]
2026-05-06T22:39:52.864+05:30 DEBUG 26528 --- [nio-8080-exec-5] m.m.a.RequestResponseBodyMethodProcessor : Writing [[]]
2026-05-06T22:39:52.864+05:30 DEBUG 26528 --- [nio-8080-exec-5] o.s.web.servlet.DispatcherServlet        : Completed 200 OK
2026-05-06T22:39:52.874+05:30 DEBUG 26528 --- [io-8080-exec-10] o.s.web.servlet.DispatcherServlet        : GET "/ws/583/qggokmhc/websocket", parameters={}
2026-05-06T22:39:52.874+05:30 DEBUG 26528 --- [io-8080-exec-10] o.s.w.s.s.s.WebSocketHandlerMapping      : Mapped to org.springframework.web.socket.sockjs.support.SockJsHttpRequestHandler@2e2c9e24
2026-05-06T22:39:52.874+05:30 DEBUG 26528 --- [io-8080-exec-10] o.s.w.s.s.t.h.DefaultSockJsService       : Processing transport request: GET http://localhost:8080/ws/583/qggokmhc/websocket
2026-05-06T22:39:52.874+05:30 DEBUG 26528 --- [io-8080-exec-10] o.s.web.servlet.DispatcherServlet        : Completed 101 SWITCHING_PROTOCOLS
2026-05-06T22:39:52.880+05:30 DEBUG 26528 --- [io-8080-exec-10] s.w.s.h.LoggingWebSocketHandlerDecorator : New WebSocketServerSockJsSession[id=qggokmhc]
2026-05-06T22:39:52.880+05:30 DEBUG 26528 --- [boundChannel-77] org.springframework.web.SimpLogging      : Processing CONNECT session=qggokmhc
2026-05-06T22:39:52.880+05:30 DEBUG 26528 --- [boundChannel-80] org.springframework.web.SimpLogging      : Processing SUBSCRIBE /topic/orders id=sub-0 session=qggokmhc
2026-05-06T22:39:54.591+05:30 DEBUG 26528 --- [nio-8080-exec-4] s.w.s.h.LoggingWebSocketHandlerDecorator : WebSocketServerSockJsSession[id=qggokmhc] closed with CloseStatus[code=1000, reason=null]
2026-05-06T22:39:54.599+05:30 DEBUG 26528 --- [nio-8080-exec-3] s.w.s.h.LoggingWebSocketHandlerDecorator : WebSocketServerSockJsSession[id=kf2242ve] closed with CloseStatus[code=1000, reason=null]
2026-05-06T22:39:54.617+05:30 DEBUG 26528 --- [nio-8080-exec-4] o.s.w.s.m.SubProtocolWebSocketHandler    : Clearing session qggokmhc
2026-05-06T22:39:54.617+05:30 DEBUG 26528 --- [nio-8080-exec-3] o.s.w.s.m.SubProtocolWebSocketHandler    : Clearing session kf2242ve
2026-05-06T22:39:54.638+05:30 DEBUG 26528 --- [boundChannel-83] org.springframework.web.SimpLogging      : Processing DISCONNECT session=qggokmhc
2026-05-06T22:39:54.638+05:30 DEBUG 26528 --- [boundChannel-86] org.springframework.web.SimpLogging      : Processing DISCONNECT session=kf2242ve
2026-05-06T22:39:54.640+05:30 DEBUG 26528 --- [boundChannel-30] o.s.w.s.m.SubProtocolWebSocketHandler    : No session for GenericMessage [payload=byte[0], headers={simpMessageType=DISCONNECT_ACK, simpDisconnectMessage=GenericMessage [payload=byte[0], headers={simpMessageType=DISCONNECT, stompCommand=DISCONNECT, simpSessionAttributes={org.springframework.messaging.simp.SimpAttributes.COMPLETED=true}, simpSessionId=qggokmhc}], simpSessionId=qggokmhc}]
2026-05-06T22:39:54.649+05:30 DEBUG 26528 --- [boundChannel-31] o.s.w.s.m.SubProtocolWebSocketHandler    : No session for GenericMessage [payload=byte[0], headers={simpMessageType=DISCONNECT_ACK, simpDisconnectMessage=GenericMessage [payload=byte[0], headers={simpMessageType=DISCONNECT, stompCommand=DISCONNECT, simpSessionAttributes={org.springframework.messaging.simp.SimpAttributes.COMPLETED=true}, simpSessionId=kf2242ve}], simpSessionId=kf2242ve}]
2026-05-06T22:39:54.917+05:30 DEBUG 26528 --- [nio-8080-exec-2] o.s.web.servlet.DispatcherServlet        : GET "/api/tables", parameters={}
2026-05-06T22:39:54.918+05:30 DEBUG 26528 --- [nio-8080-exec-2] s.w.s.m.m.a.RequestMappingHandlerMapping : Mapped to com.robms.controller.TableController#getAllTables()
2026-05-06T22:39:54.918+05:30 DEBUG 26528 --- [nio-8080-exec-2] org.hibernate.SQL                        : select te1_0.id,te1_0.capacity,te1_0.current_bill_amount,te1_0.name,te1_0.status from restaurant_tables te1_0
Hibernate: select te1_0.id,te1_0.capacity,te1_0.current_bill_amount,te1_0.name,te1_0.status from restaurant_tables te1_0
2026-05-06T22:39:54.918+05:30 DEBUG 26528 --- [nio-8080-exec-2] m.m.a.RequestResponseBodyMethodProcessor : Using 'application/json', given [application/json, text/plain, */*] and supported [application/json, application/*+json]
2026-05-06T22:39:54.923+05:30 DEBUG 26528 --- [nio-8080-exec-2] m.m.a.RequestResponseBodyMethodProcessor : Writing [[com.robms.model.TableEntity@1f0b97e7, com.robms.model.TableEntity@2afbb58b, com.robms.model.TableEn (truncated)...]
2026-05-06T22:39:54.929+05:30 DEBUG 26528 --- [nio-8080-exec-2] o.s.web.servlet.DispatcherServlet        : Completed 200 OK
2026-05-06T22:39:54.930+05:30 DEBUG 26528 --- [nio-8080-exec-6] o.s.web.servlet.DispatcherServlet        : GET "/api/tables", parameters={}
2026-05-06T22:39:54.930+05:30 DEBUG 26528 --- [nio-8080-exec-6] s.w.s.m.m.a.RequestMappingHandlerMapping : Mapped to com.robms.controller.TableController#getAllTables()
2026-05-06T22:39:54.930+05:30 DEBUG 26528 --- [nio-8080-exec-6] org.hibernate.SQL                        : select te1_0.id,te1_0.capacity,te1_0.current_bill_amount,te1_0.name,te1_0.status from restaurant_tables te1_0
Hibernate: select te1_0.id,te1_0.capacity,te1_0.current_bill_amount,te1_0.name,te1_0.status from restaurant_tables te1_0
2026-05-06T22:39:54.930+05:30 DEBUG 26528 --- [nio-8080-exec-6] m.m.a.RequestResponseBodyMethodProcessor : Using 'application/json', given [application/json, text/plain, */*] and supported [application/json, application/*+json]
2026-05-06T22:39:54.930+05:30 DEBUG 26528 --- [nio-8080-exec-6] m.m.a.RequestResponseBodyMethodProcessor : Writing [[com.robms.model.TableEntity@4bc47673, com.robms.model.TableEntity@76d9dd0, com.robms.model.TableEnt (truncated)...]
2026-05-06T22:39:54.930+05:30 DEBUG 26528 --- [nio-8080-exec-6] o.s.web.servlet.DispatcherServlet        : Completed 200 OK
2026-05-06T22:40:03.749+05:30 DEBUG 26528 --- [MessageBroker-3] o.s.w.s.s.t.h.DefaultSockJsService       : Closed 2 sessions: [qggokmhc, kf2242ve]
2026-05-06T22:40:04.925+05:30 DEBUG 26528 --- [nio-8080-exec-1] o.s.web.servlet.DispatcherServlet        : GET "/api/tables", parameters={}
2026-05-06T22:40:04.950+05:30 DEBUG 26528 --- [nio-8080-exec-1] s.w.s.m.m.a.RequestMappingHandlerMapping : Mapped to com.robms.controller.TableController#getAllTables()
2026-05-06T22:40:04.950+05:30 DEBUG 26528 --- [nio-8080-exec-1] org.hibernate.SQL                        : select te1_0.id,te1_0.capacity,te1_0.current_bill_amount,te1_0.name,te1_0.status from restaurant_tables te1_0
Hibernate: select te1_0.id,te1_0.capacity,te1_0.current_bill_amount,te1_0.name,te1_0.status from restaurant_tables te1_0
2026-05-06T22:40:04.950+05:30 DEBUG 26528 --- [nio-8080-exec-1] m.m.a.RequestResponseBodyMethodProcessor : Using 'application/json', given [application/json, text/plain, */*] and supported [application/json, application/*+json]
2026-05-06T22:40:04.950+05:30 DEBUG 26528 --- [nio-8080-exec-1] m.m.a.RequestResponseBodyMethodProcessor : Writing [[com.robms.model.TableEntity@692d9d4e, com.robms.model.TableEntity@4076688a, com.robms.model.TableEn (truncated)...]
2026-05-06T22:40:04.950+05:30 DEBUG 26528 --- [nio-8080-exec-1] o.s.web.servlet.DispatcherServlet        : Completed 200 OK
2026-05-06T22:40:14.924+05:30 DEBUG 26528 --- [nio-8080-exec-8] o.s.web.servlet.DispatcherServlet        : GET "/api/tables", parameters={}
2026-05-06T22:40:14.948+05:30 DEBUG 26528 --- [nio-8080-exec-8] s.w.s.m.m.a.RequestMappingHandlerMapping : Mapped to com.robms.controller.TableController#getAllTables()
2026-05-06T22:40:14.951+05:30 DEBUG 26528 --- [nio-8080-exec-8] org.hibernate.SQL                        : select te1_0.id,te1_0.capacity,te1_0.current_bill_amount,te1_0.name,te1_0.status from restaurant_tables te1_0
Hibernate: select te1_0.id,te1_0.capacity,te1_0.current_bill_amount,te1_0.name,te1_0.status from restaurant_tables te1_0
2026-05-06T22:40:14.952+05:30 DEBUG 26528 --- [nio-8080-exec-8] m.m.a.RequestResponseBodyMethodProcessor : Using 'application/json', given [application/json, text/plain, */*] and supported [application/json, application/*+json]
2026-05-06T22:40:14.953+05:30 DEBUG 26528 --- [nio-8080-exec-8] m.m.a.RequestResponseBodyMethodProcessor : Writing [[com.robms.model.TableEntity@3ccbd6da, com.robms.model.TableEntity@28366dc3, com.robms.model.TableEn (truncated)...]
2026-05-06T22:40:14.954+05:30 DEBUG 26528 --- [nio-8080-exec-8] o.s.web.servlet.DispatcherServlet        : Completed 200 OK
2026-05-06T22:40:24.929+05:30 DEBUG 26528 --- [nio-8080-exec-5] o.s.web.servlet.DispatcherServlet        : GET "/api/tables", parameters={}
2026-05-06T22:40:24.948+05:30 DEBUG 26528 --- [nio-8080-exec-5] s.w.s.m.m.a.RequestMappingHandlerMapping : Mapped to com.robms.controller.TableController#getAllTables()
2026-05-06T22:40:24.949+05:30 DEBUG 26528 --- [nio-8080-exec-5] org.hibernate.SQL                        : select te1_0.id,te1_0.capacity,te1_0.current_bill_amount,te1_0.name,te1_0.status from restaurant_tables te1_0
Hibernate: select te1_0.id,te1_0.capacity,te1_0.current_bill_amount,te1_0.name,te1_0.status from restaurant_tables te1_0
2026-05-06T22:40:24.949+05:30 DEBUG 26528 --- [nio-8080-exec-5] m.m.a.RequestResponseBodyMethodProcessor : Using 'application/json', given [application/json, text/plain, */*] and supported [application/json, application/*+json]
2026-05-06T22:40:24.949+05:30 DEBUG 26528 --- [nio-8080-exec-5] m.m.a.RequestResponseBodyMethodProcessor : Writing [[com.robms.model.TableEntity@325ae103, com.robms.model.TableEntity@3dba7be0, com.robms.model.TableEn (truncated)...]
2026-05-06T22:40:24.949+05:30 DEBUG 26528 --- [nio-8080-exec-5] o.s.web.servlet.DispatcherServlet        : Completed 200 OK
2026-05-06T22:40:34.928+05:30 DEBUG 26528 --- [io-8080-exec-10] o.s.web.servlet.DispatcherServlet        : GET "/api/tables", parameters={}
2026-05-06T22:40:34.947+05:30 DEBUG 26528 --- [io-8080-exec-10] s.w.s.m.m.a.RequestMappingHandlerMapping : Mapped to com.robms.controller.TableController#getAllTables()
2026-05-06T22:40:34.947+05:30 DEBUG 26528 --- [io-8080-exec-10] org.hibernate.SQL                        : select te1_0.id,te1_0.capacity,te1_0.current_bill_amount,te1_0.name,te1_0.status from restaurant_tables te1_0
Hibernate: select te1_0.id,te1_0.capacity,te1_0.current_bill_amount,te1_0.name,te1_0.status from restaurant_tables te1_0
2026-05-06T22:40:34.949+05:30 DEBUG 26528 --- [io-8080-exec-10] m.m.a.RequestResponseBodyMethodProcessor : Using 'application/json', given [application/json, text/plain, */*] and supported [application/json, application/*+json]
2026-05-06T22:40:34.949+05:30 DEBUG 26528 --- [io-8080-exec-10] m.m.a.RequestResponseBodyMethodProcessor : Writing [[com.robms.model.TableEntity@34a61a63, com.robms.model.TableEntity@20f3c3a6, com.robms.model.TableEn (truncated)...]
2026-05-06T22:40:34.949+05:30 DEBUG 26528 --- [io-8080-exec-10] o.s.web.servlet.DispatcherServlet        : Completed 200 OK
2026-05-06T22:40:42.549+05:30 DEBUG 26528 --- [nio-8080-exec-7] o.s.web.servlet.DispatcherServlet        : GET "/api/tables", parameters={}
2026-05-06T22:40:42.549+05:30 DEBUG 26528 --- [nio-8080-exec-9] o.s.web.servlet.DispatcherServlet        : GET "/api/menu/available", parameters={}
2026-05-06T22:40:42.570+05:30 DEBUG 26528 --- [nio-8080-exec-7] s.w.s.m.m.a.RequestMappingHandlerMapping : Mapped to com.robms.controller.TableController#getAllTables()
2026-05-06T22:40:42.570+05:30 DEBUG 26528 --- [nio-8080-exec-9] s.w.s.m.m.a.RequestMappingHandlerMapping : Mapped to com.robms.controller.MenuController#getAvailableMenuItems()
2026-05-06T22:40:42.570+05:30 DEBUG 26528 --- [nio-8080-exec-9] org.hibernate.SQL                        : select mi1_0.id,mi1_0.available,mi1_0.category,mi1_0.description,mi1_0.name,mi1_0.price from menu_items mi1_0 where mi1_0.available
Hibernate: select mi1_0.id,mi1_0.available,mi1_0.category,mi1_0.description,mi1_0.name,mi1_0.price from menu_items mi1_0 where mi1_0.available
2026-05-06T22:40:42.570+05:30 DEBUG 26528 --- [nio-8080-exec-7] org.hibernate.SQL                        : select te1_0.id,te1_0.capacity,te1_0.current_bill_amount,te1_0.name,te1_0.status from restaurant_tables te1_0
Hibernate: select te1_0.id,te1_0.capacity,te1_0.current_bill_amount,te1_0.name,te1_0.status from restaurant_tables te1_0
2026-05-06T22:40:42.574+05:30 DEBUG 26528 --- [nio-8080-exec-9] m.m.a.RequestResponseBodyMethodProcessor : Using 'application/json', given [application/json, text/plain, */*] and supported [application/json, application/*+json]
2026-05-06T22:40:42.574+05:30 DEBUG 26528 --- [nio-8080-exec-7] m.m.a.RequestResponseBodyMethodProcessor : Using 'application/json', given [application/json, text/plain, */*] and supported [application/json, application/*+json]
2026-05-06T22:40:42.574+05:30 DEBUG 26528 --- [nio-8080-exec-9] m.m.a.RequestResponseBodyMethodProcessor : Writing [[com.robms.model.MenuItem@7e56e063, com.robms.model.MenuItem@56976f5c, com.robms.model.MenuItem@1433 (truncated)...]
2026-05-06T22:40:42.574+05:30 DEBUG 26528 --- [nio-8080-exec-7] m.m.a.RequestResponseBodyMethodProcessor : Writing [[com.robms.model.TableEntity@662c04b, com.robms.model.TableEntity@54680129, com.robms.model.TableEnt (truncated)...]
2026-05-06T22:40:42.574+05:30 DEBUG 26528 --- [nio-8080-exec-9] o.s.web.servlet.DispatcherServlet        : Completed 200 OK
2026-05-06T22:40:42.574+05:30 DEBUG 26528 --- [nio-8080-exec-7] o.s.web.servlet.DispatcherServlet        : Completed 200 OK
2026-05-06T22:40:42.574+05:30 DEBUG 26528 --- [nio-8080-exec-4] o.s.web.servlet.DispatcherServlet        : GET "/api/menu/available", parameters={}
2026-05-06T22:40:42.574+05:30 DEBUG 26528 --- [nio-8080-exec-3] o.s.web.servlet.DispatcherServlet        : GET "/api/tables", parameters={}
2026-05-06T22:40:42.574+05:30 DEBUG 26528 --- [nio-8080-exec-4] s.w.s.m.m.a.RequestMappingHandlerMapping : Mapped to com.robms.controller.MenuController#getAvailableMenuItems()
2026-05-06T22:40:42.574+05:30 DEBUG 26528 --- [nio-8080-exec-3] s.w.s.m.m.a.RequestMappingHandlerMapping : Mapped to com.robms.controller.TableController#getAllTables()
2026-05-06T22:40:42.574+05:30 DEBUG 26528 --- [nio-8080-exec-3] org.hibernate.SQL                        : select te1_0.id,te1_0.capacity,te1_0.current_bill_amount,te1_0.name,te1_0.status from restaurant_tables te1_0
Hibernate: select te1_0.id,te1_0.capacity,te1_0.current_bill_amount,te1_0.name,te1_0.status from restaurant_tables te1_0
2026-05-06T22:40:42.574+05:30 DEBUG 26528 --- [nio-8080-exec-4] org.hibernate.SQL                        : select mi1_0.id,mi1_0.available,mi1_0.category,mi1_0.description,mi1_0.name,mi1_0.price from menu_items mi1_0 where mi1_0.available
Hibernate: select mi1_0.id,mi1_0.available,mi1_0.category,mi1_0.description,mi1_0.name,mi1_0.price from menu_items mi1_0 where mi1_0.available
2026-05-06T22:40:42.579+05:30 DEBUG 26528 --- [nio-8080-exec-3] m.m.a.RequestResponseBodyMethodProcessor : Using 'application/json', given [application/json, text/plain, */*] and supported [application/json, application/*+json]
2026-05-06T22:40:42.581+05:30 DEBUG 26528 --- [nio-8080-exec-4] m.m.a.RequestResponseBodyMethodProcessor : Using 'application/json', given [application/json, text/plain, */*] and supported [application/json, application/*+json]
2026-05-06T22:40:42.581+05:30 DEBUG 26528 --- [nio-8080-exec-3] m.m.a.RequestResponseBodyMethodProcessor : Writing [[com.robms.model.TableEntity@5028ed3d, com.robms.model.TableEntity@21907f13, com.robms.model.TableEn (truncated)...]
2026-05-06T22:40:42.581+05:30 DEBUG 26528 --- [nio-8080-exec-4] m.m.a.RequestResponseBodyMethodProcessor : Writing [[com.robms.model.MenuItem@c690bb, com.robms.model.MenuItem@33d91436, com.robms.model.MenuItem@463e3c (truncated)...]
2026-05-06T22:40:42.581+05:30 DEBUG 26528 --- [nio-8080-exec-4] o.s.web.servlet.DispatcherServlet        : Completed 200 OK
2026-05-06T22:40:42.581+05:30 DEBUG 26528 --- [nio-8080-exec-3] o.s.web.servlet.DispatcherServlet        : Completed 200 OK
2026-05-06T22:42:08.217+05:30  INFO 26528 --- [MessageBroker-9] o.s.w.s.c.WebSocketMessageBrokerStats    : WebSocketSession[0 current WS(0)-HttpStream(0)-HttpPoll(0), 16 total, 0 closed abnormally (0 connect failure, 0 send limit, 3 transport error)], stompSubProtocol[processed CONNECT(8)-CONNECTED(8)-DISCONNECT(1)], stompBrokerRelay[null], inboundChannel[pool size = 0, active threads = 0, queued tasks = 0, completed tasks = 99], outboundChannel[pool size = 0, active threads = 0, queued tasks = 0, completed tasks = 31], sockJsScheduler[pool size = 12, active threads = 1, queued tasks = 1, completed tasks = 732]
2026-05-06T22:42:10.601+05:30 DEBUG 26528 --- [nio-8080-exec-9] o.s.web.servlet.DispatcherServlet        : GET "/api/tables", parameters={}
2026-05-06T22:42:10.601+05:30 DEBUG 26528 --- [nio-8080-exec-9] s.w.s.m.m.a.RequestMappingHandlerMapping : Mapped to com.robms.controller.TableController#getAllTables()
2026-05-06T22:42:10.613+05:30 DEBUG 26528 --- [nio-8080-exec-9] org.hibernate.SQL                        : select te1_0.id,te1_0.capacity,te1_0.current_bill_amount,te1_0.name,te1_0.status from restaurant_tables te1_0
Hibernate: select te1_0.id,te1_0.capacity,te1_0.current_bill_amount,te1_0.name,te1_0.status from restaurant_tables te1_0
2026-05-06T22:42:10.618+05:30 DEBUG 26528 --- [nio-8080-exec-9] m.m.a.RequestResponseBodyMethodProcessor : Using 'application/json', given [application/json, text/plain, */*] and supported [application/json, application/*+json]
2026-05-06T22:42:10.618+05:30 DEBUG 26528 --- [nio-8080-exec-9] m.m.a.RequestResponseBodyMethodProcessor : Writing [[com.robms.model.TableEntity@5015ebb6, com.robms.model.TableEntity@214ac781, com.robms.model.TableEn (truncated)...]
2026-05-06T22:42:10.618+05:30 DEBUG 26528 --- [nio-8080-exec-9] o.s.web.servlet.DispatcherServlet        : Completed 200 OK
2026-05-06T22:42:10.618+05:30 DEBUG 26528 --- [nio-8080-exec-7] o.s.web.servlet.DispatcherServlet        : GET "/api/tables", parameters={}
2026-05-06T22:42:10.618+05:30 DEBUG 26528 --- [nio-8080-exec-7] s.w.s.m.m.a.RequestMappingHandlerMapping : Mapped to com.robms.controller.TableController#getAllTables()
2026-05-06T22:42:10.618+05:30 DEBUG 26528 --- [nio-8080-exec-7] org.hibernate.SQL                        : select te1_0.id,te1_0.capacity,te1_0.current_bill_amount,te1_0.name,te1_0.status from restaurant_tables te1_0
Hibernate: select te1_0.id,te1_0.capacity,te1_0.current_bill_amount,te1_0.name,te1_0.status from restaurant_tables te1_0
2026-05-06T22:42:10.629+05:30 DEBUG 26528 --- [nio-8080-exec-7] m.m.a.RequestResponseBodyMethodProcessor : Using 'application/json', given [application/json, text/plain, */*] and supported [application/json, application/*+json]
2026-05-06T22:42:10.629+05:30 DEBUG 26528 --- [nio-8080-exec-7] m.m.a.RequestResponseBodyMethodProcessor : Writing [[com.robms.model.TableEntity@7ce8a2a6, com.robms.model.TableEntity@77f3fe09, com.robms.model.TableEn (truncated)...]
2026-05-06T22:42:10.633+05:30 DEBUG 26528 --- [nio-8080-exec-7] o.s.web.servlet.DispatcherServlet        : Completed 200 OK
2026-05-06T22:42:20.593+05:30 DEBUG 26528 --- [nio-8080-exec-4] o.s.web.servlet.DispatcherServlet        : GET "/api/tables", parameters={}
2026-05-06T22:42:20.612+05:30 DEBUG 26528 --- [nio-8080-exec-4] s.w.s.m.m.a.RequestMappingHandlerMapping : Mapped to com.robms.controller.TableController#getAllTables()
2026-05-06T22:42:20.614+05:30 DEBUG 26528 --- [nio-8080-exec-4] org.hibernate.SQL                        : select te1_0.id,te1_0.capacity,te1_0.current_bill_amount,te1_0.name,te1_0.status from restaurant_tables te1_0
Hibernate: select te1_0.id,te1_0.capacity,te1_0.current_bill_amount,te1_0.name,te1_0.status from restaurant_tables te1_0
2026-05-06T22:42:20.619+05:30 DEBUG 26528 --- [nio-8080-exec-4] m.m.a.RequestResponseBodyMethodProcessor : Using 'application/json', given [application/json, text/plain, */*] and supported [application/json, application/*+json]
2026-05-06T22:42:20.620+05:30 DEBUG 26528 --- [nio-8080-exec-4] m.m.a.RequestResponseBodyMethodProcessor : Writing [[com.robms.model.TableEntity@4dd087f0, com.robms.model.TableEntity@1eb1c2a2, com.robms.model.TableEn (truncated)...]
2026-05-06T22:42:20.620+05:30 DEBUG 26528 --- [nio-8080-exec-4] o.s.web.servlet.DispatcherServlet        : Completed 200 OK
2026-05-06T22:42:30.589+05:30 DEBUG 26528 --- [nio-8080-exec-3] o.s.web.servlet.DispatcherServlet        : GET "/api/tables", parameters={}
2026-05-06T22:42:30.608+05:30 DEBUG 26528 --- [nio-8080-exec-3] s.w.s.m.m.a.RequestMappingHandlerMapping : Mapped to com.robms.controller.TableController#getAllTables()
2026-05-06T22:42:30.610+05:30 DEBUG 26528 --- [nio-8080-exec-3] org.hibernate.SQL                        : select te1_0.id,te1_0.capacity,te1_0.current_bill_amount,te1_0.name,te1_0.status from restaurant_tables te1_0
Hibernate: select te1_0.id,te1_0.capacity,te1_0.current_bill_amount,te1_0.name,te1_0.status from restaurant_tables te1_0
2026-05-06T22:42:30.610+05:30 DEBUG 26528 --- [nio-8080-exec-3] m.m.a.RequestResponseBodyMethodProcessor : Using 'application/json', given [application/json, text/plain, */*] and supported [application/json, application/*+json]
2026-05-06T22:42:30.610+05:30 DEBUG 26528 --- [nio-8080-exec-3] m.m.a.RequestResponseBodyMethodProcessor : Writing [[com.robms.model.TableEntity@2ea17591, com.robms.model.TableEntity@7f2319a, com.robms.model.TableEnt (truncated)...]
2026-05-06T22:42:30.618+05:30 DEBUG 26528 --- [nio-8080-exec-3] o.s.web.servlet.DispatcherServlet        : Completed 200 OK
2026-05-06T22:42:40.589+05:30 DEBUG 26528 --- [nio-8080-exec-6] o.s.web.servlet.DispatcherServlet        : GET "/api/tables", parameters={}
2026-05-06T22:42:40.608+05:30 DEBUG 26528 --- [nio-8080-exec-6] s.w.s.m.m.a.RequestMappingHandlerMapping : Mapped to com.robms.controller.TableController#getAllTables()
2026-05-06T22:42:40.610+05:30 DEBUG 26528 --- [nio-8080-exec-6] org.hibernate.SQL                        : select te1_0.id,te1_0.capacity,te1_0.current_bill_amount,te1_0.name,te1_0.status from restaurant_tables te1_0
Hibernate: select te1_0.id,te1_0.capacity,te1_0.current_bill_amount,te1_0.name,te1_0.status from restaurant_tables te1_0
2026-05-06T22:42:40.610+05:30 DEBUG 26528 --- [nio-8080-exec-6] m.m.a.RequestResponseBodyMethodProcessor : Using 'application/json', given [application/json, text/plain, */*] and supported [application/json, application/*+json]
2026-05-06T22:42:40.610+05:30 DEBUG 26528 --- [nio-8080-exec-6] m.m.a.RequestResponseBodyMethodProcessor : Writing [[com.robms.model.TableEntity@82e887b, com.robms.model.TableEntity@5d84bbfa, com.robms.model.TableEnt (truncated)...]
2026-05-06T22:42:40.610+05:30 DEBUG 26528 --- [nio-8080-exec-6] o.s.web.servlet.DispatcherServlet        : Completed 200 OK
2026-05-06T22:42:50.582+05:30 DEBUG 26528 --- [nio-8080-exec-2] o.s.web.servlet.DispatcherServlet        : GET "/api/tables", parameters={}
2026-05-06T22:42:50.604+05:30 DEBUG 26528 --- [nio-8080-exec-2] s.w.s.m.m.a.RequestMappingHandlerMapping : Mapped to com.robms.controller.TableController#getAllTables()
2026-05-06T22:42:50.604+05:30 DEBUG 26528 --- [nio-8080-exec-2] org.hibernate.SQL                        : select te1_0.id,te1_0.capacity,te1_0.current_bill_amount,te1_0.name,te1_0.status from restaurant_tables te1_0
Hibernate: select te1_0.id,te1_0.capacity,te1_0.current_bill_amount,te1_0.name,te1_0.status from restaurant_tables te1_0
2026-05-06T22:42:50.608+05:30 DEBUG 26528 --- [nio-8080-exec-2] m.m.a.RequestResponseBodyMethodProcessor : Using 'application/json', given [application/json, text/plain, */*] and supported [application/json, application/*+json]
2026-05-06T22:42:50.608+05:30 DEBUG 26528 --- [nio-8080-exec-2] m.m.a.RequestResponseBodyMethodProcessor : Writing [[com.robms.model.TableEntity@75bd9cef, com.robms.model.TableEntity@74629d70, com.robms.model.TableEn (truncated)...]
2026-05-06T22:42:50.608+05:30 DEBUG 26528 --- [nio-8080-exec-2] o.s.web.servlet.DispatcherServlet        : Completed 200 OK
2026-05-06T22:43:00.585+05:30 DEBUG 26528 --- [nio-8080-exec-5] o.s.web.servlet.DispatcherServlet        : GET "/api/tables", parameters={}
2026-05-06T22:43:00.604+05:30 DEBUG 26528 --- [nio-8080-exec-5] s.w.s.m.m.a.RequestMappingHandlerMapping : Mapped to com.robms.controller.TableController#getAllTables()
2026-05-06T22:43:00.606+05:30 DEBUG 26528 --- [nio-8080-exec-5] org.hibernate.SQL                        : select te1_0.id,te1_0.capacity,te1_0.current_bill_amount,te1_0.name,te1_0.status from restaurant_tables te1_0
Hibernate: select te1_0.id,te1_0.capacity,te1_0.current_bill_amount,te1_0.name,te1_0.status from restaurant_tables te1_0
2026-05-06T22:43:00.606+05:30 DEBUG 26528 --- [nio-8080-exec-5] m.m.a.RequestResponseBodyMethodProcessor : Using 'application/json', given [application/json, text/plain, */*] and supported [application/json, application/*+json]
2026-05-06T22:43:00.609+05:30 DEBUG 26528 --- [nio-8080-exec-5] m.m.a.RequestResponseBodyMethodProcessor : Writing [[com.robms.model.TableEntity@762d1c30, com.robms.model.TableEntity@14d05300, com.robms.model.TableEn (truncated)...]
2026-05-06T22:43:00.609+05:30 DEBUG 26528 --- [nio-8080-exec-5] o.s.web.servlet.DispatcherServlet        : Completed 200 OK
2026-05-06T22:43:10.587+05:30 DEBUG 26528 --- [io-8080-exec-10] o.s.web.servlet.DispatcherServlet        : GET "/api/tables", parameters={}
2026-05-06T22:43:10.588+05:30 DEBUG 26528 --- [io-8080-exec-10] s.w.s.m.m.a.RequestMappingHandlerMapping : Mapped to com.robms.controller.TableController#getAllTables()
2026-05-06T22:43:10.588+05:30 DEBUG 26528 --- [io-8080-exec-10] org.hibernate.SQL                        : select te1_0.id,te1_0.capacity,te1_0.current_bill_amount,te1_0.name,te1_0.status from restaurant_tables te1_0
Hibernate: select te1_0.id,te1_0.capacity,te1_0.current_bill_amount,te1_0.name,te1_0.status from restaurant_tables te1_0
2026-05-06T22:43:10.588+05:30 DEBUG 26528 --- [io-8080-exec-10] m.m.a.RequestResponseBodyMethodProcessor : Using 'application/json', given [application/json, text/plain, */*] and supported [application/json, application/*+json]
2026-05-06T22:43:10.588+05:30 DEBUG 26528 --- [io-8080-exec-10] m.m.a.RequestResponseBodyMethodProcessor : Writing [[com.robms.model.TableEntity@5a7afc29, com.robms.model.TableEntity@15c6b637, com.robms.model.TableEn (truncated)...]
2026-05-06T22:43:10.588+05:30 DEBUG 26528 --- [io-8080-exec-10] o.s.web.servlet.DispatcherServlet        : Completed 200 OK
2026-05-06T22:43:20.587+05:30 DEBUG 26528 --- [nio-8080-exec-8] o.s.web.servlet.DispatcherServlet        : GET "/api/tables", parameters={}
2026-05-06T22:43:20.607+05:30 DEBUG 26528 --- [nio-8080-exec-8] s.w.s.m.m.a.RequestMappingHandlerMapping : Mapped to com.robms.controller.TableController#getAllTables()
2026-05-06T22:43:20.609+05:30 DEBUG 26528 --- [nio-8080-exec-8] org.hibernate.SQL                        : select te1_0.id,te1_0.capacity,te1_0.current_bill_amount,te1_0.name,te1_0.status from restaurant_tables te1_0
Hibernate: select te1_0.id,te1_0.capacity,te1_0.current_bill_amount,te1_0.name,te1_0.status from restaurant_tables te1_0
2026-05-06T22:43:20.611+05:30 DEBUG 26528 --- [nio-8080-exec-8] m.m.a.RequestResponseBodyMethodProcessor : Using 'application/json', given [application/json, text/plain, */*] and supported [application/json, application/*+json]
2026-05-06T22:43:20.612+05:30 DEBUG 26528 --- [nio-8080-exec-8] m.m.a.RequestResponseBodyMethodProcessor : Writing [[com.robms.model.TableEntity@2dc5163d, com.robms.model.TableEntity@53cc9bbb, com.robms.model.TableEn (truncated)...]
2026-05-06T22:43:20.613+05:30 DEBUG 26528 --- [nio-8080-exec-8] o.s.web.servlet.DispatcherServlet        : Completed 200 OK
2026-05-06T22:43:30.584+05:30 DEBUG 26528 --- [nio-8080-exec-1] o.s.web.servlet.DispatcherServlet        : GET "/api/tables", parameters={}
2026-05-06T22:43:30.605+05:30 DEBUG 26528 --- [nio-8080-exec-1] s.w.s.m.m.a.RequestMappingHandlerMapping : Mapped to com.robms.controller.TableController#getAllTables()
2026-05-06T22:43:30.608+05:30 DEBUG 26528 --- [nio-8080-exec-1] org.hibernate.SQL                        : select te1_0.id,te1_0.capacity,te1_0.current_bill_amount,te1_0.name,te1_0.status from restaurant_tables te1_0
Hibernate: select te1_0.id,te1_0.capacity,te1_0.current_bill_amount,te1_0.name,te1_0.status from restaurant_tables te1_0
2026-05-06T22:43:30.608+05:30 DEBUG 26528 --- [nio-8080-exec-1] m.m.a.RequestResponseBodyMethodProcessor : Using 'application/json', given [application/json, text/plain, */*] and supported [application/json, application/*+json]
2026-05-06T22:43:30.608+05:30 DEBUG 26528 --- [nio-8080-exec-1] m.m.a.RequestResponseBodyMethodProcessor : Writing [[com.robms.model.TableEntity@16e859de, com.robms.model.TableEntity@37ccd7d3, com.robms.model.TableEn (truncated)...]
2026-05-06T22:43:30.613+05:30 DEBUG 26528 --- [nio-8080-exec-1] o.s.web.servlet.DispatcherServlet        : Completed 200 OK
2026-05-06T22:43:40.585+05:30 DEBUG 26528 --- [nio-8080-exec-9] o.s.web.servlet.DispatcherServlet        : GET "/api/tables", parameters={}
2026-05-06T22:43:40.605+05:30 DEBUG 26528 --- [nio-8080-exec-9] s.w.s.m.m.a.RequestMappingHandlerMapping : Mapped to com.robms.controller.TableController#getAllTables()
2026-05-06T22:43:40.607+05:30 DEBUG 26528 --- [nio-8080-exec-9] org.hibernate.SQL                        : select te1_0.id,te1_0.capacity,te1_0.current_bill_amount,te1_0.name,te1_0.status from restaurant_tables te1_0
Hibernate: select te1_0.id,te1_0.capacity,te1_0.current_bill_amount,te1_0.name,te1_0.status from restaurant_tables te1_0
2026-05-06T22:43:40.607+05:30 DEBUG 26528 --- [nio-8080-exec-9] m.m.a.RequestResponseBodyMethodProcessor : Using 'application/json', given [application/json, text/plain, */*] and supported [application/json, application/*+json]
2026-05-06T22:43:40.607+05:30 DEBUG 26528 --- [nio-8080-exec-9] m.m.a.RequestResponseBodyMethodProcessor : Writing [[com.robms.model.TableEntity@48e61ba9, com.robms.model.TableEntity@37d401c2, com.robms.model.TableEn (truncated)...]
2026-05-06T22:43:40.610+05:30 DEBUG 26528 --- [nio-8080-exec-9] o.s.web.servlet.DispatcherServlet        : Completed 200 OK
2026-05-06T22:43:50.585+05:30 DEBUG 26528 --- [nio-8080-exec-7] o.s.web.servlet.DispatcherServlet        : GET "/api/tables", parameters={}
2026-05-06T22:43:50.604+05:30 DEBUG 26528 --- [nio-8080-exec-7] s.w.s.m.m.a.RequestMappingHandlerMapping : Mapped to com.robms.controller.TableController#getAllTables()
2026-05-06T22:43:50.604+05:30 DEBUG 26528 --- [nio-8080-exec-7] org.hibernate.SQL                        : select te1_0.id,te1_0.capacity,te1_0.current_bill_amount,te1_0.name,te1_0.status from restaurant_tables te1_0
Hibernate: select te1_0.id,te1_0.capacity,te1_0.current_bill_amount,te1_0.name,te1_0.status from restaurant_tables te1_0
2026-05-06T22:43:50.607+05:30 DEBUG 26528 --- [nio-8080-exec-7] m.m.a.RequestResponseBodyMethodProcessor : Using 'application/json', given [application/json, text/plain, */*] and supported [application/json, application/*+json]
2026-05-06T22:43:50.607+05:30 DEBUG 26528 --- [nio-8080-exec-7] m.m.a.RequestResponseBodyMethodProcessor : Writing [[com.robms.model.TableEntity@b5fd6f4, com.robms.model.TableEntity@4efa61e1, com.robms.model.TableEnt (truncated)...]
2026-05-06T22:43:50.607+05:30 DEBUG 26528 --- [nio-8080-exec-7] o.s.web.servlet.DispatcherServlet        : Completed 200 OK
2026-05-06T22:44:00.576+05:30 DEBUG 26528 --- [nio-8080-exec-4] o.s.web.servlet.DispatcherServlet        : GET "/api/tables", parameters={}
2026-05-06T22:44:00.602+05:30 DEBUG 26528 --- [nio-8080-exec-4] s.w.s.m.m.a.RequestMappingHandlerMapping : Mapped to com.robms.controller.TableController#getAllTables()
2026-05-06T22:44:00.605+05:30 DEBUG 26528 --- [nio-8080-exec-4] org.hibernate.SQL                        : select te1_0.id,te1_0.capacity,te1_0.current_bill_amount,te1_0.name,te1_0.status from restaurant_tables te1_0
Hibernate: select te1_0.id,te1_0.capacity,te1_0.current_bill_amount,te1_0.name,te1_0.status from restaurant_tables te1_0
2026-05-06T22:44:00.605+05:30 DEBUG 26528 --- [nio-8080-exec-4] m.m.a.RequestResponseBodyMethodProcessor : Using 'application/json', given [application/json, text/plain, */*] and supported [application/json, application/*+json]
2026-05-06T22:44:00.605+05:30 DEBUG 26528 --- [nio-8080-exec-4] m.m.a.RequestResponseBodyMethodProcessor : Writing [[com.robms.model.TableEntity@608fed82, com.robms.model.TableEntity@57d3a1b4, com.robms.model.TableEn (truncated)...]
2026-05-06T22:44:00.607+05:30 DEBUG 26528 --- [nio-8080-exec-4] o.s.web.servlet.DispatcherServlet        : Completed 200 OK
2026-05-06T22:44:10.586+05:30 DEBUG 26528 --- [nio-8080-exec-3] o.s.web.servlet.DispatcherServlet        : GET "/api/tables", parameters={}
2026-05-06T22:44:10.605+05:30 DEBUG 26528 --- [nio-8080-exec-3] s.w.s.m.m.a.RequestMappingHandlerMapping : Mapped to com.robms.controller.TableController#getAllTables()
2026-05-06T22:44:10.605+05:30 DEBUG 26528 --- [nio-8080-exec-3] org.hibernate.SQL                        : select te1_0.id,te1_0.capacity,te1_0.current_bill_amount,te1_0.name,te1_0.status from restaurant_tables te1_0
Hibernate: select te1_0.id,te1_0.capacity,te1_0.current_bill_amount,te1_0.name,te1_0.status from restaurant_tables te1_0
2026-05-06T22:44:10.611+05:30 DEBUG 26528 --- [nio-8080-exec-3] m.m.a.RequestResponseBodyMethodProcessor : Using 'application/json', given [application/json, text/plain, */*] and supported [application/json, application/*+json]
2026-05-06T22:44:10.612+05:30 DEBUG 26528 --- [nio-8080-exec-3] m.m.a.RequestResponseBodyMethodProcessor : Writing [[com.robms.model.TableEntity@50680001, com.robms.model.TableEntity@7d37d50f, com.robms.model.TableEn (truncated)...]
2026-05-06T22:44:10.614+05:30 DEBUG 26528 --- [nio-8080-exec-3] o.s.web.servlet.DispatcherServlet        : Completed 200 OK
2026-05-06T22:44:20.584+05:30 DEBUG 26528 --- [nio-8080-exec-6] o.s.web.servlet.DispatcherServlet        : GET "/api/tables", parameters={}
2026-05-06T22:44:20.602+05:30 DEBUG 26528 --- [nio-8080-exec-6] s.w.s.m.m.a.RequestMappingHandlerMapping : Mapped to com.robms.controller.TableController#getAllTables()
2026-05-06T22:44:20.605+05:30 DEBUG 26528 --- [nio-8080-exec-6] org.hibernate.SQL                        : select te1_0.id,te1_0.capacity,te1_0.current_bill_amount,te1_0.name,te1_0.status from restaurant_tables te1_0
Hibernate: select te1_0.id,te1_0.capacity,te1_0.current_bill_amount,te1_0.name,te1_0.status from restaurant_tables te1_0
2026-05-06T22:44:20.606+05:30 DEBUG 26528 --- [nio-8080-exec-6] m.m.a.RequestResponseBodyMethodProcessor : Using 'application/json', given [application/json, text/plain, */*] and supported [application/json, application/*+json]
2026-05-06T22:44:20.606+05:30 DEBUG 26528 --- [nio-8080-exec-6] m.m.a.RequestResponseBodyMethodProcessor : Writing [[com.robms.model.TableEntity@73042a36, com.robms.model.TableEntity@414f2f73, com.robms.model.TableEn (truncated)...]
2026-05-06T22:44:20.608+05:30 DEBUG 26528 --- [nio-8080-exec-6] o.s.web.servlet.DispatcherServlet        : Completed 200 OK
2026-05-06T22:44:30.583+05:30 DEBUG 26528 --- [nio-8080-exec-2] o.s.web.servlet.DispatcherServlet        : GET "/api/tables", parameters={}
2026-05-06T22:44:30.602+05:30 DEBUG 26528 --- [nio-8080-exec-2] s.w.s.m.m.a.RequestMappingHandlerMapping : Mapped to com.robms.controller.TableController#getAllTables()
2026-05-06T22:44:30.602+05:30 DEBUG 26528 --- [nio-8080-exec-2] org.hibernate.SQL                        : select te1_0.id,te1_0.capacity,te1_0.current_bill_amount,te1_0.name,te1_0.status from restaurant_tables te1_0
Hibernate: select te1_0.id,te1_0.capacity,te1_0.current_bill_amount,te1_0.name,te1_0.status from restaurant_tables te1_0
2026-05-06T22:44:30.602+05:30 DEBUG 26528 --- [nio-8080-exec-2] m.m.a.RequestResponseBodyMethodProcessor : Using 'application/json', given [application/json, text/plain, */*] and supported [application/json, application/*+json]
2026-05-06T22:44:30.602+05:30 DEBUG 26528 --- [nio-8080-exec-2] m.m.a.RequestResponseBodyMethodProcessor : Writing [[com.robms.model.TableEntity@4b8727c8, com.robms.model.TableEntity@3310c91d, com.robms.model.TableEn (truncated)...]
2026-05-06T22:44:30.609+05:30 DEBUG 26528 --- [nio-8080-exec-2] o.s.web.servlet.DispatcherServlet        : Completed 200 OK
2026-05-06T22:44:40.582+05:30 DEBUG 26528 --- [nio-8080-exec-5] o.s.web.servlet.DispatcherServlet        : GET "/api/tables", parameters={}
2026-05-06T22:44:40.602+05:30 DEBUG 26528 --- [nio-8080-exec-5] s.w.s.m.m.a.RequestMappingHandlerMapping : Mapped to com.robms.controller.TableController#getAllTables()
2026-05-06T22:44:40.603+05:30 DEBUG 26528 --- [nio-8080-exec-5] org.hibernate.SQL                        : select te1_0.id,te1_0.capacity,te1_0.current_bill_amount,te1_0.name,te1_0.status from restaurant_tables te1_0
Hibernate: select te1_0.id,te1_0.capacity,te1_0.current_bill_amount,te1_0.name,te1_0.status from restaurant_tables te1_0
2026-05-06T22:44:40.603+05:30 DEBUG 26528 --- [nio-8080-exec-5] m.m.a.RequestResponseBodyMethodProcessor : Using 'application/json', given [application/json, text/plain, */*] and supported [application/json, application/*+json]
2026-05-06T22:44:40.603+05:30 DEBUG 26528 --- [nio-8080-exec-5] m.m.a.RequestResponseBodyMethodProcessor : Writing [[com.robms.model.TableEntity@4d1c64c2, com.robms.model.TableEntity@3835d4cd, com.robms.model.TableEn (truncated)...]
2026-05-06T22:44:40.607+05:30 DEBUG 26528 --- [nio-8080-exec-5] o.s.web.servlet.DispatcherServlet        : Completed 200 OK
2026-05-06T22:44:50.587+05:30 DEBUG 26528 --- [io-8080-exec-10] o.s.web.servlet.DispatcherServlet        : GET "/api/tables", parameters={}
2026-05-06T22:44:50.609+05:30 DEBUG 26528 --- [io-8080-exec-10] s.w.s.m.m.a.RequestMappingHandlerMapping : Mapped to com.robms.controller.TableController#getAllTables()
2026-05-06T22:44:50.609+05:30 DEBUG 26528 --- [io-8080-exec-10] org.hibernate.SQL                        : select te1_0.id,te1_0.capacity,te1_0.current_bill_amount,te1_0.name,te1_0.status from restaurant_tables te1_0
Hibernate: select te1_0.id,te1_0.capacity,te1_0.current_bill_amount,te1_0.name,te1_0.status from restaurant_tables te1_0
2026-05-06T22:44:50.609+05:30 DEBUG 26528 --- [io-8080-exec-10] m.m.a.RequestResponseBodyMethodProcessor : Using 'application/json', given [application/json, text/plain, */*] and supported [application/json, application/*+json]
2026-05-06T22:44:50.609+05:30 DEBUG 26528 --- [io-8080-exec-10] m.m.a.RequestResponseBodyMethodProcessor : Writing [[com.robms.model.TableEntity@4c3340fd, com.robms.model.TableEntity@2a6bc6aa, com.robms.model.TableEn (truncated)...]
2026-05-06T22:44:50.609+05:30 DEBUG 26528 --- [io-8080-exec-10] o.s.web.servlet.DispatcherServlet        : Completed 200 OK
2026-05-06T22:45:00.591+05:30 DEBUG 26528 --- [nio-8080-exec-8] o.s.web.servlet.DispatcherServlet        : GET "/api/tables", parameters={}
2026-05-06T22:45:00.609+05:30 DEBUG 26528 --- [nio-8080-exec-8] s.w.s.m.m.a.RequestMappingHandlerMapping : Mapped to com.robms.controller.TableController#getAllTables()
2026-05-06T22:45:00.609+05:30 DEBUG 26528 --- [nio-8080-exec-8] org.hibernate.SQL                        : select te1_0.id,te1_0.capacity,te1_0.current_bill_amount,te1_0.name,te1_0.status from restaurant_tables te1_0
Hibernate: select te1_0.id,te1_0.capacity,te1_0.current_bill_amount,te1_0.name,te1_0.status from restaurant_tables te1_0
2026-05-06T22:45:00.609+05:30 DEBUG 26528 --- [nio-8080-exec-8] m.m.a.RequestResponseBodyMethodProcessor : Using 'application/json', given [application/json, text/plain, */*] and supported [application/json, application/*+json]
2026-05-06T22:45:00.609+05:30 DEBUG 26528 --- [nio-8080-exec-8] m.m.a.RequestResponseBodyMethodProcessor : Writing [[com.robms.model.TableEntity@757c9ab8, com.robms.model.TableEntity@4b34c203, com.robms.model.TableEn (truncated)...]
2026-05-06T22:45:00.615+05:30 DEBUG 26528 --- [nio-8080-exec-8] o.s.web.servlet.DispatcherServlet        : Completed 200 OK
2026-05-06T22:45:10.592+05:30 DEBUG 26528 --- [nio-8080-exec-1] o.s.web.servlet.DispatcherServlet        : GET "/api/tables", parameters={}
2026-05-06T22:45:10.616+05:30 DEBUG 26528 --- [nio-8080-exec-1] s.w.s.m.m.a.RequestMappingHandlerMapping : Mapped to com.robms.controller.TableController#getAllTables()
2026-05-06T22:45:10.618+05:30 DEBUG 26528 --- [nio-8080-exec-1] org.hibernate.SQL                        : select te1_0.id,te1_0.capacity,te1_0.current_bill_amount,te1_0.name,te1_0.status from restaurant_tables te1_0
Hibernate: select te1_0.id,te1_0.capacity,te1_0.current_bill_amount,te1_0.name,te1_0.status from restaurant_tables te1_0
2026-05-06T22:45:10.618+05:30 DEBUG 26528 --- [nio-8080-exec-1] m.m.a.RequestResponseBodyMethodProcessor : Using 'application/json', given [application/json, text/plain, */*] and supported [application/json, application/*+json]
2026-05-06T22:45:10.618+05:30 DEBUG 26528 --- [nio-8080-exec-1] m.m.a.RequestResponseBodyMethodProcessor : Writing [[com.robms.model.TableEntity@2282f091, com.robms.model.TableEntity@63f30a49, com.robms.model.TableEn (truncated)...]
2026-05-06T22:45:10.618+05:30 DEBUG 26528 --- [nio-8080-exec-1] o.s.web.servlet.DispatcherServlet        : Completed 200 OK
2026-05-06T22:45:20.596+05:30 DEBUG 26528 --- [nio-8080-exec-9] o.s.web.servlet.DispatcherServlet        : GET "/api/tables", parameters={}
2026-05-06T22:45:20.615+05:30 DEBUG 26528 --- [nio-8080-exec-9] s.w.s.m.m.a.RequestMappingHandlerMapping : Mapped to com.robms.controller.TableController#getAllTables()
2026-05-06T22:45:20.618+05:30 DEBUG 26528 --- [nio-8080-exec-9] org.hibernate.SQL                        : select te1_0.id,te1_0.capacity,te1_0.current_bill_amount,te1_0.name,te1_0.status from restaurant_tables te1_0
Hibernate: select te1_0.id,te1_0.capacity,te1_0.current_bill_amount,te1_0.name,te1_0.status from restaurant_tables te1_0
2026-05-06T22:45:20.618+05:30 DEBUG 26528 --- [nio-8080-exec-9] m.m.a.RequestResponseBodyMethodProcessor : Using 'application/json', given [application/json, text/plain, */*] and supported [application/json, application/*+json]
2026-05-06T22:45:20.618+05:30 DEBUG 26528 --- [nio-8080-exec-9] m.m.a.RequestResponseBodyMethodProcessor : Writing [[com.robms.model.TableEntity@1dce63ce, com.robms.model.TableEntity@3446320c, com.robms.model.TableEn (truncated)...]
2026-05-06T22:45:20.618+05:30 DEBUG 26528 --- [nio-8080-exec-9] o.s.web.servlet.DispatcherServlet        : Completed 200 OK
2026-05-06T22:45:31.452+05:30 DEBUG 26528 --- [nio-8080-exec-7] o.s.web.servlet.DispatcherServlet        : GET "/api/tables", parameters={}
2026-05-06T22:45:31.471+05:30 DEBUG 26528 --- [nio-8080-exec-7] s.w.s.m.m.a.RequestMappingHandlerMapping : Mapped to com.robms.controller.TableController#getAllTables()
2026-05-06T22:45:31.474+05:30 DEBUG 26528 --- [nio-8080-exec-7] org.hibernate.SQL                        : select te1_0.id,te1_0.capacity,te1_0.current_bill_amount,te1_0.name,te1_0.status from restaurant_tables te1_0
Hibernate: select te1_0.id,te1_0.capacity,te1_0.current_bill_amount,te1_0.name,te1_0.status from restaurant_tables te1_0
2026-05-06T22:45:31.474+05:30 DEBUG 26528 --- [nio-8080-exec-7] m.m.a.RequestResponseBodyMethodProcessor : Using 'application/json', given [application/json, text/plain, */*] and supported [application/json, application/*+json]
2026-05-06T22:45:31.474+05:30 DEBUG 26528 --- [nio-8080-exec-7] m.m.a.RequestResponseBodyMethodProcessor : Writing [[com.robms.model.TableEntity@278aa549, com.robms.model.TableEntity@1af0d075, com.robms.model.TableEn (truncated)...]
2026-05-06T22:45:31.474+05:30 DEBUG 26528 --- [nio-8080-exec-7] o.s.web.servlet.DispatcherServlet        : Completed 200 OK
2026-05-06T22:45:49.892+05:30 DEBUG 26528 --- [nio-8080-exec-3] o.s.web.servlet.DispatcherServlet        : GET "/api/tables", parameters={}
2026-05-06T22:45:49.916+05:30 DEBUG 26528 --- [nio-8080-exec-3] s.w.s.m.m.a.RequestMappingHandlerMapping : Mapped to com.robms.controller.TableController#getAllTables()
2026-05-06T22:45:49.923+05:30 DEBUG 26528 --- [nio-8080-exec-3] org.hibernate.SQL                        : select te1_0.id,te1_0.capacity,te1_0.current_bill_amount,te1_0.name,te1_0.status from restaurant_tables te1_0
Hibernate: select te1_0.id,te1_0.capacity,te1_0.current_bill_amount,te1_0.name,te1_0.status from restaurant_tables te1_0
2026-05-06T22:45:49.925+05:30 DEBUG 26528 --- [nio-8080-exec-3] m.m.a.RequestResponseBodyMethodProcessor : Using 'application/json', given [application/json, text/plain, */*] and supported [application/json, application/*+json]
2026-05-06T22:45:49.931+05:30 DEBUG 26528 --- [nio-8080-exec-3] m.m.a.RequestResponseBodyMethodProcessor : Writing [[com.robms.model.TableEntity@3460b56, com.robms.model.TableEntity@57c5e4df, com.robms.model.TableEnt (truncated)...]
2026-05-06T22:45:49.933+05:30 DEBUG 26528 --- [nio-8080-exec-3] o.s.web.servlet.DispatcherServlet        : Completed 200 OK
2026-05-06T22:45:51.588+05:30 DEBUG 26528 --- [nio-8080-exec-6] o.s.web.servlet.DispatcherServlet        : GET "/api/tables", parameters={}
2026-05-06T22:45:51.588+05:30 DEBUG 26528 --- [nio-8080-exec-6] s.w.s.m.m.a.RequestMappingHandlerMapping : Mapped to com.robms.controller.TableController#getAllTables()
2026-05-06T22:45:51.588+05:30 DEBUG 26528 --- [nio-8080-exec-6] org.hibernate.SQL                        : select te1_0.id,te1_0.capacity,te1_0.current_bill_amount,te1_0.name,te1_0.status from restaurant_tables te1_0
Hibernate: select te1_0.id,te1_0.capacity,te1_0.current_bill_amount,te1_0.name,te1_0.status from restaurant_tables te1_0
2026-05-06T22:45:51.596+05:30 DEBUG 26528 --- [nio-8080-exec-6] m.m.a.RequestResponseBodyMethodProcessor : Using 'application/json', given [application/json, text/plain, */*] and supported [application/json, application/*+json]
2026-05-06T22:45:51.596+05:30 DEBUG 26528 --- [nio-8080-exec-6] m.m.a.RequestResponseBodyMethodProcessor : Writing [[com.robms.model.TableEntity@36fa1e4d, com.robms.model.TableEntity@70392757, com.robms.model.TableEn (truncated)...]
2026-05-06T22:45:51.596+05:30 DEBUG 26528 --- [nio-8080-exec-6] o.s.web.servlet.DispatcherServlet        : Completed 200 OK
2026-05-07T10:38:36.476+05:30 DEBUG 26528 --- [nio-8080-exec-5] o.s.web.servlet.DispatcherServlet        : GET "/api/tables", parameters={}
2026-05-07T10:38:36.476+05:30 DEBUG 26528 --- [nio-8080-exec-5] s.w.s.m.m.a.RequestMappingHandlerMapping : Mapped to com.robms.controller.TableController#getAllTables()
2026-05-07T10:38:36.493+05:30 DEBUG 26528 --- [nio-8080-exec-5] org.hibernate.SQL                        : select te1_0.id,te1_0.capacity,te1_0.current_bill_amount,te1_0.name,te1_0.status from restaurant_tables te1_0
Hibernate: select te1_0.id,te1_0.capacity,te1_0.current_bill_amount,te1_0.name,te1_0.status from restaurant_tables te1_0
2026-05-07T10:38:36.493+05:30 DEBUG 26528 --- [nio-8080-exec-5] m.m.a.RequestResponseBodyMethodProcessor : Using 'application/json', given [application/json, text/plain, */*] and supported [application/json, application/*+json]
2026-05-07T10:38:36.499+05:30 DEBUG 26528 --- [nio-8080-exec-5] m.m.a.RequestResponseBodyMethodProcessor : Writing [[com.robms.model.TableEntity@3ff5a627, com.robms.model.TableEntity@6536c29, com.robms.model.TableEnt (truncated)...]
2026-05-07T10:38:36.501+05:30 DEBUG 26528 --- [nio-8080-exec-5] o.s.web.servlet.DispatcherServlet        : Completed 200 OK
2026-05-07T10:38:40.149+05:30  INFO 26528 --- [MessageBroker-5] o.s.w.s.c.WebSocketMessageBrokerStats    : WebSocketSession[0 current WS(0)-HttpStream(0)-HttpPoll(0), 16 total, 0 closed abnormally (0 connect failure, 0 send limit, 3 transport error)], stompSubProtocol[processed CONNECT(8)-CONNECTED(8)-DISCONNECT(1)], stompBrokerRelay[null], inboundChannel[pool size = 0, active threads = 0, queued tasks = 0, completed tasks = 99], outboundChannel[pool size = 0, active threads = 0, queued tasks = 0, completed tasks = 31], sockJsScheduler[pool size = 12, active threads = 2, queued tasks = 0, completed tasks = 949]
2026-05-07T10:38:45.054+05:30 DEBUG 26528 --- [nio-8080-exec-8] o.s.web.servlet.DispatcherServlet        : GET "/api/tables", parameters={}
2026-05-07T10:38:45.054+05:30 DEBUG 26528 --- [nio-8080-exec-8] s.w.s.m.m.a.RequestMappingHandlerMapping : Mapped to com.robms.controller.TableController#getAllTables()
2026-05-07T10:38:45.070+05:30 DEBUG 26528 --- [nio-8080-exec-8] org.hibernate.SQL                        : select te1_0.id,te1_0.capacity,te1_0.current_bill_amount,te1_0.name,te1_0.status from restaurant_tables te1_0
Hibernate: select te1_0.id,te1_0.capacity,te1_0.current_bill_amount,te1_0.name,te1_0.status from restaurant_tables te1_0
2026-05-07T10:38:45.074+05:30 DEBUG 26528 --- [nio-8080-exec-8] m.m.a.RequestResponseBodyMethodProcessor : Using 'application/json', given [application/json, text/plain, */*] and supported [application/json, application/*+json]
2026-05-07T10:38:45.074+05:30 DEBUG 26528 --- [nio-8080-exec-8] m.m.a.RequestResponseBodyMethodProcessor : Writing [[com.robms.model.TableEntity@1d0b8b14, com.robms.model.TableEntity@356c25b2, com.robms.model.TableEn (truncated)...]
2026-05-07T10:38:45.074+05:30 DEBUG 26528 --- [nio-8080-exec-8] o.s.web.servlet.DispatcherServlet        : Completed 200 OK
2026-05-07T10:38:46.519+05:30  WARN 26528 --- [l-1 housekeeper] com.zaxxer.hikari.pool.HikariPool        : HikariPool-1 - Thread starvation or clock leap detected (housekeeper delta=11h53m24s152ms699µs100ns).
2026-05-07T10:38:50.607+05:30 DEBUG 26528 --- [nio-8080-exec-1] o.s.web.servlet.DispatcherServlet        : GET "/api/tables", parameters={}
2026-05-07T10:38:50.626+05:30 DEBUG 26528 --- [nio-8080-exec-1] s.w.s.m.m.a.RequestMappingHandlerMapping : Mapped to com.robms.controller.TableController#getAllTables()
2026-05-07T10:38:50.626+05:30 DEBUG 26528 --- [nio-8080-exec-1] org.hibernate.SQL                        : select te1_0.id,te1_0.capacity,te1_0.current_bill_amount,te1_0.name,te1_0.status from restaurant_tables te1_0
Hibernate: select te1_0.id,te1_0.capacity,te1_0.current_bill_amount,te1_0.name,te1_0.status from restaurant_tables te1_0
2026-05-07T10:38:50.632+05:30 DEBUG 26528 --- [nio-8080-exec-1] m.m.a.RequestResponseBodyMethodProcessor : Using 'application/json', given [application/json, text/plain, */*] and supported [application/json, application/*+json]
2026-05-07T10:38:50.632+05:30 DEBUG 26528 --- [nio-8080-exec-1] m.m.a.RequestResponseBodyMethodProcessor : Writing [[com.robms.model.TableEntity@20b86562, com.robms.model.TableEntity@55a2b06c, com.robms.model.TableEn (truncated)...]
2026-05-07T10:38:50.634+05:30 DEBUG 26528 --- [nio-8080-exec-1] o.s.web.servlet.DispatcherServlet        : Completed 200 OK
2026-05-07T10:39:00.584+05:30 DEBUG 26528 --- [nio-8080-exec-9] o.s.web.servlet.DispatcherServlet        : GET "/api/tables", parameters={}
2026-05-07T10:39:00.585+05:30 DEBUG 26528 --- [nio-8080-exec-9] s.w.s.m.m.a.RequestMappingHandlerMapping : Mapped to com.robms.controller.TableController#getAllTables()
2026-05-07T10:39:00.588+05:30 DEBUG 26528 --- [nio-8080-exec-9] org.hibernate.SQL                        : select te1_0.id,te1_0.capacity,te1_0.current_bill_amount,te1_0.name,te1_0.status from restaurant_tables te1_0
Hibernate: select te1_0.id,te1_0.capacity,te1_0.current_bill_amount,te1_0.name,te1_0.status from restaurant_tables te1_0
2026-05-07T10:39:00.589+05:30 DEBUG 26528 --- [nio-8080-exec-9] m.m.a.RequestResponseBodyMethodProcessor : Using 'application/json', given [application/json, text/plain, */*] and supported [application/json, application/*+json]
2026-05-07T10:39:00.589+05:30 DEBUG 26528 --- [nio-8080-exec-9] m.m.a.RequestResponseBodyMethodProcessor : Writing [[com.robms.model.TableEntity@1d276ef2, com.robms.model.TableEntity@7a27390e, com.robms.model.TableEn (truncated)...]
2026-05-07T10:39:00.591+05:30 DEBUG 26528 --- [nio-8080-exec-9] o.s.web.servlet.DispatcherServlet        : Completed 200 OK
2026-05-07T10:39:08.488+05:30 DEBUG 26528 --- [nio-8080-exec-7] o.s.web.servlet.DispatcherServlet        : GET "/api/tables", parameters={}
2026-05-07T10:39:08.490+05:30 DEBUG 26528 --- [nio-8080-exec-7] s.w.s.m.m.a.RequestMappingHandlerMapping : Mapped to com.robms.controller.TableController#getAllTables()
2026-05-07T10:39:08.490+05:30 DEBUG 26528 --- [nio-8080-exec-7] org.hibernate.SQL                        : select te1_0.id,te1_0.capacity,te1_0.current_bill_amount,te1_0.name,te1_0.status from restaurant_tables te1_0
Hibernate: select te1_0.id,te1_0.capacity,te1_0.current_bill_amount,te1_0.name,te1_0.status from restaurant_tables te1_0
2026-05-07T10:39:08.490+05:30 DEBUG 26528 --- [nio-8080-exec-7] m.m.a.RequestResponseBodyMethodProcessor : Using 'application/json', given [application/json, text/plain, */*] and supported [application/json, application/*+json]
2026-05-07T10:39:08.490+05:30 DEBUG 26528 --- [nio-8080-exec-7] m.m.a.RequestResponseBodyMethodProcessor : Writing [[com.robms.model.TableEntity@b445c1d, com.robms.model.TableEntity@6a2b5b19, com.robms.model.TableEnt (truncated)...]
2026-05-07T10:39:08.496+05:30 DEBUG 26528 --- [nio-8080-exec-7] o.s.web.servlet.DispatcherServlet        : Completed 200 OK
2026-05-07T10:39:08.500+05:30 DEBUG 26528 --- [nio-8080-exec-4] o.s.web.servlet.DispatcherServlet        : GET "/api/tables", parameters={}
2026-05-07T10:39:08.500+05:30 DEBUG 26528 --- [nio-8080-exec-4] s.w.s.m.m.a.RequestMappingHandlerMapping : Mapped to com.robms.controller.TableController#getAllTables()
2026-05-07T10:39:08.504+05:30 DEBUG 26528 --- [nio-8080-exec-4] org.hibernate.SQL                        : select te1_0.id,te1_0.capacity,te1_0.current_bill_amount,te1_0.name,te1_0.status from restaurant_tables te1_0
Hibernate: select te1_0.id,te1_0.capacity,te1_0.current_bill_amount,te1_0.name,te1_0.status from restaurant_tables te1_0
2026-05-07T10:39:08.504+05:30 DEBUG 26528 --- [nio-8080-exec-4] m.m.a.RequestResponseBodyMethodProcessor : Using 'application/json', given [application/json, text/plain, */*] and supported [application/json, application/*+json]
2026-05-07T10:39:08.504+05:30 DEBUG 26528 --- [nio-8080-exec-4] m.m.a.RequestResponseBodyMethodProcessor : Writing [[com.robms.model.TableEntity@2dd4c866, com.robms.model.TableEntity@5e4195c7, com.robms.model.TableEn (truncated)...]
2026-05-07T10:39:08.504+05:30 DEBUG 26528 --- [nio-8080-exec-4] o.s.web.servlet.DispatcherServlet        : Completed 200 OK
2026-05-07T10:49:24.219+05:30 DEBUG 26528 --- [nio-8080-exec-2] o.s.web.servlet.DispatcherServlet        : GET "/api/tables", parameters={}
2026-05-07T10:49:24.223+05:30 DEBUG 26528 --- [nio-8080-exec-2] s.w.s.m.m.a.RequestMappingHandlerMapping : Mapped to com.robms.controller.TableController#getAllTables()
2026-05-07T10:49:24.224+05:30 DEBUG 26528 --- [nio-8080-exec-2] org.hibernate.SQL                        : select te1_0.id,te1_0.capacity,te1_0.current_bill_amount,te1_0.name,te1_0.status from restaurant_tables te1_0
Hibernate: select te1_0.id,te1_0.capacity,te1_0.current_bill_amount,te1_0.name,te1_0.status from restaurant_tables te1_0
2026-05-07T10:49:24.224+05:30 DEBUG 26528 --- [nio-8080-exec-2] m.m.a.RequestResponseBodyMethodProcessor : Using 'application/json', given [application/json, text/plain, */*] and supported [application/json, application/*+json]
2026-05-07T10:49:24.224+05:30 DEBUG 26528 --- [nio-8080-exec-2] m.m.a.RequestResponseBodyMethodProcessor : Writing [[com.robms.model.TableEntity@721db854, com.robms.model.TableEntity@3c58f496, com.robms.model.TableEn (truncated)...]
2026-05-07T10:49:24.224+05:30 DEBUG 26528 --- [nio-8080-exec-2] o.s.web.servlet.DispatcherServlet        : Completed 200 OK
2026-05-07T10:49:24.230+05:30 DEBUG 26528 --- [nio-8080-exec-5] o.s.web.servlet.DispatcherServlet        : GET "/api/tables", parameters={}
2026-05-07T10:49:24.231+05:30 DEBUG 26528 --- [nio-8080-exec-5] s.w.s.m.m.a.RequestMappingHandlerMapping : Mapped to com.robms.controller.TableController#getAllTables()
2026-05-07T10:49:24.231+05:30 DEBUG 26528 --- [nio-8080-exec-5] org.hibernate.SQL                        : select te1_0.id,te1_0.capacity,te1_0.current_bill_amount,te1_0.name,te1_0.status from restaurant_tables te1_0
Hibernate: select te1_0.id,te1_0.capacity,te1_0.current_bill_amount,te1_0.name,te1_0.status from restaurant_tables te1_0
2026-05-07T10:49:24.231+05:30 DEBUG 26528 --- [nio-8080-exec-5] m.m.a.RequestResponseBodyMethodProcessor : Using 'application/json', given [application/json, text/plain, */*] and supported [application/json, application/*+json]
2026-05-07T10:49:24.231+05:30 DEBUG 26528 --- [nio-8080-exec-5] m.m.a.RequestResponseBodyMethodProcessor : Writing [[com.robms.model.TableEntity@5c17ead1, com.robms.model.TableEntity@4c37b3a2, com.robms.model.TableEn (truncated)...]
2026-05-07T10:49:24.231+05:30 DEBUG 26528 --- [nio-8080-exec-5] o.s.web.servlet.DispatcherServlet        : Completed 200 OK
2026-05-07T10:57:45.181+05:30 DEBUG 26528 --- [nio-8080-exec-1] o.s.web.servlet.DispatcherServlet        : GET "/api/tables", parameters={}
2026-05-07T10:57:45.181+05:30 DEBUG 26528 --- [nio-8080-exec-1] s.w.s.m.m.a.RequestMappingHandlerMapping : Mapped to com.robms.controller.TableController#getAllTables()
2026-05-07T10:57:45.181+05:30 DEBUG 26528 --- [nio-8080-exec-1] org.hibernate.SQL                        : select te1_0.id,te1_0.capacity,te1_0.current_bill_amount,te1_0.name,te1_0.status from restaurant_tables te1_0
Hibernate: select te1_0.id,te1_0.capacity,te1_0.current_bill_amount,te1_0.name,te1_0.status from restaurant_tables te1_0
2026-05-07T10:57:45.181+05:30 DEBUG 26528 --- [nio-8080-exec-1] m.m.a.RequestResponseBodyMethodProcessor : Using 'application/json', given [application/json, text/plain, */*] and supported [application/json, application/*+json]
2026-05-07T10:57:45.187+05:30 DEBUG 26528 --- [nio-8080-exec-1] m.m.a.RequestResponseBodyMethodProcessor : Writing [[com.robms.model.TableEntity@2eb05d57, com.robms.model.TableEntity@4e640daf, com.robms.model.TableEn (truncated)...]
2026-05-07T10:57:45.187+05:30 DEBUG 26528 --- [nio-8080-exec-1] o.s.web.servlet.DispatcherServlet        : Completed 200 OK
2026-05-07T10:57:45.187+05:30 DEBUG 26528 --- [nio-8080-exec-9] o.s.web.servlet.DispatcherServlet        : GET "/api/tables", parameters={}
2026-05-07T10:57:45.187+05:30 DEBUG 26528 --- [nio-8080-exec-9] s.w.s.m.m.a.RequestMappingHandlerMapping : Mapped to com.robms.controller.TableController#getAllTables()
2026-05-07T10:57:45.195+05:30 DEBUG 26528 --- [nio-8080-exec-9] org.hibernate.SQL                        : select te1_0.id,te1_0.capacity,te1_0.current_bill_amount,te1_0.name,te1_0.status from restaurant_tables te1_0
Hibernate: select te1_0.id,te1_0.capacity,te1_0.current_bill_amount,te1_0.name,te1_0.status from restaurant_tables te1_0
2026-05-07T10:57:45.199+05:30 DEBUG 26528 --- [nio-8080-exec-9] m.m.a.RequestResponseBodyMethodProcessor : Using 'application/json', given [application/json, text/plain, */*] and supported [application/json, application/*+json]
2026-05-07T10:57:45.199+05:30 DEBUG 26528 --- [nio-8080-exec-9] m.m.a.RequestResponseBodyMethodProcessor : Writing [[com.robms.model.TableEntity@4cf3c0c, com.robms.model.TableEntity@50637ec5, com.robms.model.TableEnt (truncated)...]
2026-05-07T10:57:45.199+05:30 DEBUG 26528 --- [nio-8080-exec-9] o.s.web.servlet.DispatcherServlet        : Completed 200 OK
2026-05-07T10:57:55.187+05:30 DEBUG 26528 --- [nio-8080-exec-7] o.s.web.servlet.DispatcherServlet        : GET "/api/tables", parameters={}
2026-05-07T10:57:55.189+05:30 DEBUG 26528 --- [nio-8080-exec-7] s.w.s.m.m.a.RequestMappingHandlerMapping : Mapped to com.robms.controller.TableController#getAllTables()
2026-05-07T10:57:55.194+05:30 DEBUG 26528 --- [nio-8080-exec-7] org.hibernate.SQL                        : select te1_0.id,te1_0.capacity,te1_0.current_bill_amount,te1_0.name,te1_0.status from restaurant_tables te1_0
Hibernate: select te1_0.id,te1_0.capacity,te1_0.current_bill_amount,te1_0.name,te1_0.status from restaurant_tables te1_0
2026-05-07T10:57:55.194+05:30 DEBUG 26528 --- [nio-8080-exec-7] m.m.a.RequestResponseBodyMethodProcessor : Using 'application/json', given [application/json, text/plain, */*] and supported [application/json, application/*+json]
2026-05-07T10:57:55.194+05:30 DEBUG 26528 --- [nio-8080-exec-7] m.m.a.RequestResponseBodyMethodProcessor : Writing [[com.robms.model.TableEntity@64dbc8f6, com.robms.model.TableEntity@385f8b1a, com.robms.model.TableEn (truncated)...]
2026-05-07T10:57:55.200+05:30 DEBUG 26528 --- [nio-8080-exec-7] o.s.web.servlet.DispatcherServlet        : Completed 200 OK
2026-05-07T10:58:05.183+05:30 DEBUG 26528 --- [nio-8080-exec-4] o.s.web.servlet.DispatcherServlet        : GET "/api/tables", parameters={}
2026-05-07T10:58:05.183+05:30 DEBUG 26528 --- [nio-8080-exec-4] s.w.s.m.m.a.RequestMappingHandlerMapping : Mapped to com.robms.controller.TableController#getAllTables()
2026-05-07T10:58:05.183+05:30 DEBUG 26528 --- [nio-8080-exec-4] org.hibernate.SQL                        : select te1_0.id,te1_0.capacity,te1_0.current_bill_amount,te1_0.name,te1_0.status from restaurant_tables te1_0
Hibernate: select te1_0.id,te1_0.capacity,te1_0.current_bill_amount,te1_0.name,te1_0.status from restaurant_tables te1_0
2026-05-07T10:58:05.183+05:30 DEBUG 26528 --- [nio-8080-exec-4] m.m.a.RequestResponseBodyMethodProcessor : Using 'application/json', given [application/json, text/plain, */*] and supported [application/json, application/*+json]
2026-05-07T10:58:05.183+05:30 DEBUG 26528 --- [nio-8080-exec-4] m.m.a.RequestResponseBodyMethodProcessor : Writing [[com.robms.model.TableEntity@420fec30, com.robms.model.TableEntity@7c0a5e15, com.robms.model.TableEn (truncated)...]
2026-05-07T10:58:05.183+05:30 DEBUG 26528 --- [nio-8080-exec-4] o.s.web.servlet.DispatcherServlet        : Completed 200 OK
2026-05-07T10:58:15.184+05:30 DEBUG 26528 --- [nio-8080-exec-6] o.s.web.servlet.DispatcherServlet        : GET "/api/tables", parameters={}
2026-05-07T10:58:15.203+05:30 DEBUG 26528 --- [nio-8080-exec-6] s.w.s.m.m.a.RequestMappingHandlerMapping : Mapped to com.robms.controller.TableController#getAllTables()
2026-05-07T10:58:15.205+05:30 DEBUG 26528 --- [nio-8080-exec-6] org.hibernate.SQL                        : select te1_0.id,te1_0.capacity,te1_0.current_bill_amount,te1_0.name,te1_0.status from restaurant_tables te1_0
Hibernate: select te1_0.id,te1_0.capacity,te1_0.current_bill_amount,te1_0.name,te1_0.status from restaurant_tables te1_0
2026-05-07T10:58:15.205+05:30 DEBUG 26528 --- [nio-8080-exec-6] m.m.a.RequestResponseBodyMethodProcessor : Using 'application/json', given [application/json, text/plain, */*] and supported [application/json, application/*+json]
2026-05-07T10:58:15.205+05:30 DEBUG 26528 --- [nio-8080-exec-6] m.m.a.RequestResponseBodyMethodProcessor : Writing [[com.robms.model.TableEntity@3c5695ca, com.robms.model.TableEntity@4b3b98ae, com.robms.model.TableEn (truncated)...]
2026-05-07T10:58:15.208+05:30 DEBUG 26528 --- [nio-8080-exec-6] o.s.web.servlet.DispatcherServlet        : Completed 200 OK
2026-05-07T10:58:25.182+05:30 DEBUG 26528 --- [nio-8080-exec-3] o.s.web.servlet.DispatcherServlet        : GET "/api/tables", parameters={}
2026-05-07T10:58:25.201+05:30 DEBUG 26528 --- [nio-8080-exec-3] s.w.s.m.m.a.RequestMappingHandlerMapping : Mapped to com.robms.controller.TableController#getAllTables()
2026-05-07T10:58:25.203+05:30 DEBUG 26528 --- [nio-8080-exec-3] org.hibernate.SQL                        : select te1_0.id,te1_0.capacity,te1_0.current_bill_amount,te1_0.name,te1_0.status from restaurant_tables te1_0
Hibernate: select te1_0.id,te1_0.capacity,te1_0.current_bill_amount,te1_0.name,te1_0.status from restaurant_tables te1_0
2026-05-07T10:58:25.203+05:30 DEBUG 26528 --- [nio-8080-exec-3] m.m.a.RequestResponseBodyMethodProcessor : Using 'application/json', given [application/json, text/plain, */*] and supported [application/json, application/*+json]
2026-05-07T10:58:25.203+05:30 DEBUG 26528 --- [nio-8080-exec-3] m.m.a.RequestResponseBodyMethodProcessor : Writing [[com.robms.model.TableEntity@3f5607a9, com.robms.model.TableEntity@21e3cf4, com.robms.model.TableEnt (truncated)...]
2026-05-07T10:58:25.203+05:30 DEBUG 26528 --- [nio-8080-exec-3] o.s.web.servlet.DispatcherServlet        : Completed 200 OK
2026-05-07T11:08:40.155+05:30  INFO 26528 --- [MessageBroker-3] o.s.w.s.c.WebSocketMessageBrokerStats    : WebSocketSession[0 current WS(0)-HttpStream(0)-HttpPoll(0), 16 total, 0 closed abnormally (0 connect failure, 0 send limit, 3 transport error)], stompSubProtocol[processed CONNECT(8)-CONNECTED(8)-DISCONNECT(1)], stompBrokerRelay[null], inboundChannel[pool size = 0, active threads = 0, queued tasks = 0, completed tasks = 99], outboundChannel[pool size = 0, active threads = 0, queued tasks = 0, completed tasks = 31], sockJsScheduler[pool size = 12, active threads = 1, queued tasks = 1, completed tasks = 9693]
2026-05-07T11:10:01.160+05:30 DEBUG 26528 --- [nio-8080-exec-5] o.s.web.servlet.DispatcherServlet        : GET "/api/tables", parameters={}
2026-05-07T11:10:01.160+05:30 DEBUG 26528 --- [nio-8080-exec-5] s.w.s.m.m.a.RequestMappingHandlerMapping : Mapped to com.robms.controller.TableController#getAllTables()
2026-05-07T11:10:01.160+05:30 DEBUG 26528 --- [nio-8080-exec-5] org.hibernate.SQL                        : select te1_0.id,te1_0.capacity,te1_0.current_bill_amount,te1_0.name,te1_0.status from restaurant_tables te1_0
Hibernate: select te1_0.id,te1_0.capacity,te1_0.current_bill_amount,te1_0.name,te1_0.status from restaurant_tables te1_0
2026-05-07T11:10:01.167+05:30 DEBUG 26528 --- [nio-8080-exec-5] m.m.a.RequestResponseBodyMethodProcessor : Using 'application/json', given [application/json, text/plain, */*] and supported [application/json, application/*+json]
2026-05-07T11:10:01.168+05:30 DEBUG 26528 --- [nio-8080-exec-5] m.m.a.RequestResponseBodyMethodProcessor : Writing [[com.robms.model.TableEntity@37afb09a, com.robms.model.TableEntity@43bf1f71, com.robms.model.TableEn (truncated)...]
2026-05-07T11:10:01.169+05:30 DEBUG 26528 --- [nio-8080-exec-5] o.s.web.servlet.DispatcherServlet        : Completed 200 OK
2026-05-07T11:10:01.172+05:30 DEBUG 26528 --- [io-8080-exec-10] o.s.web.servlet.DispatcherServlet        : GET "/api/tables", parameters={}
2026-05-07T11:10:01.174+05:30 DEBUG 26528 --- [io-8080-exec-10] s.w.s.m.m.a.RequestMappingHandlerMapping : Mapped to com.robms.controller.TableController#getAllTables()
2026-05-07T11:10:01.174+05:30 DEBUG 26528 --- [io-8080-exec-10] org.hibernate.SQL                        : select te1_0.id,te1_0.capacity,te1_0.current_bill_amount,te1_0.name,te1_0.status from restaurant_tables te1_0
Hibernate: select te1_0.id,te1_0.capacity,te1_0.current_bill_amount,te1_0.name,te1_0.status from restaurant_tables te1_0
2026-05-07T11:10:01.174+05:30 DEBUG 26528 --- [io-8080-exec-10] m.m.a.RequestResponseBodyMethodProcessor : Using 'application/json', given [application/json, text/plain, */*] and supported [application/json, application/*+json]
2026-05-07T11:10:01.174+05:30 DEBUG 26528 --- [io-8080-exec-10] m.m.a.RequestResponseBodyMethodProcessor : Writing [[com.robms.model.TableEntity@61245186, com.robms.model.TableEntity@50ce84cc, com.robms.model.TableEn (truncated)...]
2026-05-07T11:10:01.182+05:30 DEBUG 26528 --- [io-8080-exec-10] o.s.web.servlet.DispatcherServlet        : Completed 200 OK
2026-05-07T11:10:11.169+05:30 DEBUG 26528 --- [nio-8080-exec-8] o.s.web.servlet.DispatcherServlet        : GET "/api/tables", parameters={}
2026-05-07T11:10:11.169+05:30 DEBUG 26528 --- [nio-8080-exec-8] s.w.s.m.m.a.RequestMappingHandlerMapping : Mapped to com.robms.controller.TableController#getAllTables()
2026-05-07T11:10:11.173+05:30 DEBUG 26528 --- [nio-8080-exec-8] org.hibernate.SQL                        : select te1_0.id,te1_0.capacity,te1_0.current_bill_amount,te1_0.name,te1_0.status from restaurant_tables te1_0
Hibernate: select te1_0.id,te1_0.capacity,te1_0.current_bill_amount,te1_0.name,te1_0.status from restaurant_tables te1_0
2026-05-07T11:10:11.176+05:30 DEBUG 26528 --- [nio-8080-exec-8] m.m.a.RequestResponseBodyMethodProcessor : Using 'application/json', given [application/json, text/plain, */*] and supported [application/json, application/*+json]
2026-05-07T11:10:11.176+05:30 DEBUG 26528 --- [nio-8080-exec-8] m.m.a.RequestResponseBodyMethodProcessor : Writing [[com.robms.model.TableEntity@15c9a6c8, com.robms.model.TableEntity@15ebb97d, com.robms.model.TableEn (truncated)...]
2026-05-07T11:10:11.188+05:30 DEBUG 26528 --- [nio-8080-exec-8] o.s.web.servlet.DispatcherServlet        : Completed 200 OK
2026-05-07T11:10:21.173+05:30 DEBUG 26528 --- [nio-8080-exec-1] o.s.web.servlet.DispatcherServlet        : GET "/api/tables", parameters={}
2026-05-07T11:10:21.174+05:30 DEBUG 26528 --- [nio-8080-exec-1] s.w.s.m.m.a.RequestMappingHandlerMapping : Mapped to com.robms.controller.TableController#getAllTables()
2026-05-07T11:10:21.174+05:30 DEBUG 26528 --- [nio-8080-exec-1] org.hibernate.SQL                        : select te1_0.id,te1_0.capacity,te1_0.current_bill_amount,te1_0.name,te1_0.status from restaurant_tables te1_0
Hibernate: select te1_0.id,te1_0.capacity,te1_0.current_bill_amount,te1_0.name,te1_0.status from restaurant_tables te1_0
2026-05-07T11:10:21.177+05:30 DEBUG 26528 --- [nio-8080-exec-1] m.m.a.RequestResponseBodyMethodProcessor : Using 'application/json', given [application/json, text/plain, */*] and supported [application/json, application/*+json]
2026-05-07T11:10:21.178+05:30 DEBUG 26528 --- [nio-8080-exec-1] m.m.a.RequestResponseBodyMethodProcessor : Writing [[com.robms.model.TableEntity@3130bbe0, com.robms.model.TableEntity@410f862f, com.robms.model.TableEn (truncated)...]
2026-05-07T11:10:21.180+05:30 DEBUG 26528 --- [nio-8080-exec-1] o.s.web.servlet.DispatcherServlet        : Completed 200 OK
2026-05-07T11:10:31.158+05:30 DEBUG 26528 --- [nio-8080-exec-9] o.s.web.servlet.DispatcherServlet        : GET "/api/tables", parameters={}
2026-05-07T11:10:31.180+05:30 DEBUG 26528 --- [nio-8080-exec-9] s.w.s.m.m.a.RequestMappingHandlerMapping : Mapped to com.robms.controller.TableController#getAllTables()
2026-05-07T11:10:31.182+05:30 DEBUG 26528 --- [nio-8080-exec-9] org.hibernate.SQL                        : select te1_0.id,te1_0.capacity,te1_0.current_bill_amount,te1_0.name,te1_0.status from restaurant_tables te1_0
Hibernate: select te1_0.id,te1_0.capacity,te1_0.current_bill_amount,te1_0.name,te1_0.status from restaurant_tables te1_0
2026-05-07T11:10:31.182+05:30 DEBUG 26528 --- [nio-8080-exec-9] m.m.a.RequestResponseBodyMethodProcessor : Using 'application/json', given [application/json, text/plain, */*] and supported [application/json, application/*+json]
2026-05-07T11:10:31.182+05:30 DEBUG 26528 --- [nio-8080-exec-9] m.m.a.RequestResponseBodyMethodProcessor : Writing [[com.robms.model.TableEntity@51ae4d46, com.robms.model.TableEntity@268d4706, com.robms.model.TableEn (truncated)...]
2026-05-07T11:10:31.182+05:30 DEBUG 26528 --- [nio-8080-exec-9] o.s.web.servlet.DispatcherServlet        : Completed 200 OK
2026-05-07T11:10:37.816+05:30 DEBUG 26528 --- [nio-8080-exec-4] o.s.web.servlet.DispatcherServlet        : GET "/api/tables", parameters={}
2026-05-07T11:10:37.817+05:30 DEBUG 26528 --- [nio-8080-exec-7] o.s.web.servlet.DispatcherServlet        : GET "/api/menu/available", parameters={}
2026-05-07T11:10:37.835+05:30 DEBUG 26528 --- [nio-8080-exec-4] s.w.s.m.m.a.RequestMappingHandlerMapping : Mapped to com.robms.controller.TableController#getAllTables()
2026-05-07T11:10:37.835+05:30 DEBUG 26528 --- [nio-8080-exec-7] s.w.s.m.m.a.RequestMappingHandlerMapping : Mapped to com.robms.controller.MenuController#getAvailableMenuItems()
2026-05-07T11:10:37.838+05:30 DEBUG 26528 --- [nio-8080-exec-4] org.hibernate.SQL                        : select te1_0.id,te1_0.capacity,te1_0.current_bill_amount,te1_0.name,te1_0.status from restaurant_tables te1_0
Hibernate: select te1_0.id,te1_0.capacity,te1_0.current_bill_amount,te1_0.name,te1_0.status from restaurant_tables te1_0
2026-05-07T11:10:37.838+05:30 DEBUG 26528 --- [nio-8080-exec-7] org.hibernate.SQL                        : select mi1_0.id,mi1_0.available,mi1_0.category,mi1_0.description,mi1_0.name,mi1_0.price from menu_items mi1_0 where mi1_0.available
Hibernate: select mi1_0.id,mi1_0.available,mi1_0.category,mi1_0.description,mi1_0.name,mi1_0.price from menu_items mi1_0 where mi1_0.available
2026-05-07T11:10:37.839+05:30 DEBUG 26528 --- [nio-8080-exec-4] m.m.a.RequestResponseBodyMethodProcessor : Using 'application/json', given [application/json, text/plain, */*] and supported [application/json, application/*+json]
2026-05-07T11:10:37.841+05:30 DEBUG 26528 --- [nio-8080-exec-4] m.m.a.RequestResponseBodyMethodProcessor : Writing [[com.robms.model.TableEntity@f8f7af1, com.robms.model.TableEntity@58fe2cf2, com.robms.model.TableEnt (truncated)...]
2026-05-07T11:10:37.843+05:30 DEBUG 26528 --- [nio-8080-exec-7] m.m.a.RequestResponseBodyMethodProcessor : Using 'application/json', given [application/json, text/plain, */*] and supported [application/json, application/*+json]
2026-05-07T11:10:37.843+05:30 DEBUG 26528 --- [nio-8080-exec-4] o.s.web.servlet.DispatcherServlet        : Completed 200 OK
2026-05-07T11:10:37.843+05:30 DEBUG 26528 --- [nio-8080-exec-7] m.m.a.RequestResponseBodyMethodProcessor : Writing [[com.robms.model.MenuItem@eff494a, com.robms.model.MenuItem@4cd4d0fd, com.robms.model.MenuItem@58b1a (truncated)...]
2026-05-07T11:10:37.846+05:30 DEBUG 26528 --- [nio-8080-exec-7] o.s.web.servlet.DispatcherServlet        : Completed 200 OK
2026-05-07T11:10:37.846+05:30 DEBUG 26528 --- [nio-8080-exec-6] o.s.web.servlet.DispatcherServlet        : GET "/api/tables", parameters={}
2026-05-07T11:10:37.846+05:30 DEBUG 26528 --- [nio-8080-exec-3] o.s.web.servlet.DispatcherServlet        : GET "/api/menu/available", parameters={}
2026-05-07T11:10:37.846+05:30 DEBUG 26528 --- [nio-8080-exec-6] s.w.s.m.m.a.RequestMappingHandlerMapping : Mapped to com.robms.controller.TableController#getAllTables()
2026-05-07T11:10:37.846+05:30 DEBUG 26528 --- [nio-8080-exec-3] s.w.s.m.m.a.RequestMappingHandlerMapping : Mapped to com.robms.controller.MenuController#getAvailableMenuItems()
2026-05-07T11:10:37.849+05:30 DEBUG 26528 --- [nio-8080-exec-3] org.hibernate.SQL                        : select mi1_0.id,mi1_0.available,mi1_0.category,mi1_0.description,mi1_0.name,mi1_0.price from menu_items mi1_0 where mi1_0.available
Hibernate: select mi1_0.id,mi1_0.available,mi1_0.category,mi1_0.description,mi1_0.name,mi1_0.price from menu_items mi1_0 where mi1_0.available
2026-05-07T11:10:37.849+05:30 DEBUG 26528 --- [nio-8080-exec-6] org.hibernate.SQL                        : select te1_0.id,te1_0.capacity,te1_0.current_bill_amount,te1_0.name,te1_0.status from restaurant_tables te1_0
Hibernate: select te1_0.id,te1_0.capacity,te1_0.current_bill_amount,te1_0.name,te1_0.status from restaurant_tables te1_0
2026-05-07T11:10:37.851+05:30 DEBUG 26528 --- [nio-8080-exec-3] m.m.a.RequestResponseBodyMethodProcessor : Using 'application/json', given [application/json, text/plain, */*] and supported [application/json, application/*+json]
2026-05-07T11:10:37.851+05:30 DEBUG 26528 --- [nio-8080-exec-3] m.m.a.RequestResponseBodyMethodProcessor : Writing [[com.robms.model.MenuItem@7fb3dfcb, com.robms.model.MenuItem@1042b56e, com.robms.model.MenuItem@2601 (truncated)...]
2026-05-07T11:10:37.851+05:30 DEBUG 26528 --- [nio-8080-exec-6] m.m.a.RequestResponseBodyMethodProcessor : Using 'application/json', given [application/json, text/plain, */*] and supported [application/json, application/*+json]
2026-05-07T11:10:37.854+05:30 DEBUG 26528 --- [nio-8080-exec-3] o.s.web.servlet.DispatcherServlet        : Completed 200 OK
2026-05-07T11:10:37.854+05:30 DEBUG 26528 --- [nio-8080-exec-6] m.m.a.RequestResponseBodyMethodProcessor : Writing [[com.robms.model.TableEntity@2de50a94, com.robms.model.TableEntity@131b358f, com.robms.model.TableEn (truncated)...]
2026-05-07T11:10:37.854+05:30 DEBUG 26528 --- [nio-8080-exec-6] o.s.web.servlet.DispatcherServlet        : Completed 200 OK
2026-05-07T11:10:48.153+05:30 DEBUG 26528 --- [nio-8080-exec-5] o.s.web.servlet.DispatcherServlet        : POST "/api/orders", parameters={}
2026-05-07T11:10:48.173+05:30 DEBUG 26528 --- [nio-8080-exec-5] s.w.s.m.m.a.RequestMappingHandlerMapping : Mapped to com.robms.controller.OrderController#createOrder(Order)
2026-05-07T11:10:48.177+05:30 DEBUG 26528 --- [nio-8080-exec-5] m.m.a.RequestResponseBodyMethodProcessor : Read "application/json;charset=UTF-8" to [com.robms.model.Order@8920e6d]
2026-05-07T11:10:48.178+05:30 DEBUG 26528 --- [nio-8080-exec-5] org.hibernate.SQL                        : select te1_0.id,te1_0.capacity,te1_0.current_bill_amount,te1_0.name,te1_0.status from restaurant_tables te1_0 where te1_0.id=?
Hibernate: select te1_0.id,te1_0.capacity,te1_0.current_bill_amount,te1_0.name,te1_0.status from restaurant_tables te1_0 where te1_0.id=?
2026-05-07T11:10:48.182+05:30 DEBUG 26528 --- [nio-8080-exec-5] org.hibernate.SQL                        : update restaurant_tables set capacity=?,current_bill_amount=?,name=?,status=? where id=?
Hibernate: update restaurant_tables set capacity=?,current_bill_amount=?,name=?,status=? where id=?
2026-05-07T11:10:48.189+05:30 DEBUG 26528 --- [nio-8080-exec-5] org.hibernate.SQL                        : insert into orders (order_time,status,table_id,total_amount,id) values (?,?,?,?,default)
Hibernate: insert into orders (order_time,status,table_id,total_amount,id) values (?,?,?,?,default)
2026-05-07T11:10:48.190+05:30 DEBUG 26528 --- [nio-8080-exec-5] org.hibernate.SQL                        : insert into order_items (menu_item_id,order_id,price_at_order_time,quantity,special_instructions,id) values (?,?,?,?,?,default)
Hibernate: insert into order_items (menu_item_id,order_id,price_at_order_time,quantity,special_instructions,id) values (?,?,?,?,?,default)
2026-05-07T11:10:48.193+05:30 DEBUG 26528 --- [nio-8080-exec-5] org.hibernate.SQL                        : insert into order_items (menu_item_id,order_id,price_at_order_time,quantity,special_instructions,id) values (?,?,?,?,?,default)
Hibernate: insert into order_items (menu_item_id,order_id,price_at_order_time,quantity,special_instructions,id) values (?,?,?,?,?,default)
2026-05-07T11:10:48.193+05:30 DEBUG 26528 --- [nio-8080-exec-5] org.springframework.web.SimpLogging      : Processing MESSAGE destination=/topic/orders session=null payload={"id":5,"table":{"id":1,"name":"Table 1","status":"occupied","capacity":4,"curre...(truncated)
2026-05-07T11:10:48.193+05:30 DEBUG 26528 --- [nio-8080-exec-5] m.m.a.RequestResponseBodyMethodProcessor : Using 'application/json', given [application/json, text/plain, */*] and supported [application/json, application/*+json]
2026-05-07T11:10:48.193+05:30 DEBUG 26528 --- [nio-8080-exec-5] m.m.a.RequestResponseBodyMethodProcessor : Writing [com.robms.model.Order@8920e6d]
2026-05-07T11:10:48.193+05:30 DEBUG 26528 --- [nio-8080-exec-5] o.s.web.servlet.DispatcherServlet        : Completed 200 OK
2026-05-07T11:10:55.480+05:30 DEBUG 26528 --- [io-8080-exec-10] o.s.web.servlet.DispatcherServlet        : GET "/api/orders/active", parameters={}
2026-05-07T11:10:55.496+05:30 DEBUG 26528 --- [nio-8080-exec-8] o.s.web.servlet.DispatcherServlet        : GET "/ws/info?t=1778132455492", parameters={masked}
2026-05-07T11:10:55.501+05:30 DEBUG 26528 --- [io-8080-exec-10] s.w.s.m.m.a.RequestMappingHandlerMapping : Mapped to com.robms.controller.OrderController#getActiveOrders()
2026-05-07T11:10:55.502+05:30 DEBUG 26528 --- [nio-8080-exec-8] o.s.w.s.s.s.WebSocketHandlerMapping      : Mapped to org.springframework.web.socket.sockjs.support.SockJsHttpRequestHandler@2e2c9e24
2026-05-07T11:10:55.504+05:30 DEBUG 26528 --- [nio-8080-exec-8] o.s.w.s.s.t.h.DefaultSockJsService       : Processing transport request: GET http://localhost:8080/ws/info?t=1778132455492
2026-05-07T11:10:55.504+05:30 DEBUG 26528 --- [nio-8080-exec-8] o.s.web.servlet.DispatcherServlet        : Completed 200 OK
2026-05-07T11:10:55.506+05:30 DEBUG 26528 --- [io-8080-exec-10] org.hibernate.SQL                        : select o1_0.id,o1_0.order_time,o1_0.status,o1_0.table_id,o1_0.total_amount from orders o1_0 where o1_0.status not in (?,?)
Hibernate: select o1_0.id,o1_0.order_time,o1_0.status,o1_0.table_id,o1_0.total_amount from orders o1_0 where o1_0.status not in (?,?)
2026-05-07T11:10:55.506+05:30 DEBUG 26528 --- [nio-8080-exec-1] o.s.web.servlet.DispatcherServlet        : GET "/ws/info?t=1778132455492", parameters={masked}
2026-05-07T11:10:55.506+05:30 DEBUG 26528 --- [nio-8080-exec-1] o.s.w.s.s.s.WebSocketHandlerMapping      : Mapped to org.springframework.web.socket.sockjs.support.SockJsHttpRequestHandler@2e2c9e24
2026-05-07T11:10:55.506+05:30 DEBUG 26528 --- [nio-8080-exec-1] o.s.w.s.s.t.h.DefaultSockJsService       : Processing transport request: GET http://localhost:8080/ws/info?t=1778132455492
2026-05-07T11:10:55.506+05:30 DEBUG 26528 --- [io-8080-exec-10] org.hibernate.SQL                        : select te1_0.id,te1_0.capacity,te1_0.current_bill_amount,te1_0.name,te1_0.status from restaurant_tables te1_0 where te1_0.id=?
Hibernate: select te1_0.id,te1_0.capacity,te1_0.current_bill_amount,te1_0.name,te1_0.status from restaurant_tables te1_0 where te1_0.id=?
2026-05-07T11:10:55.506+05:30 DEBUG 26528 --- [nio-8080-exec-1] o.s.web.servlet.DispatcherServlet        : Completed 200 OK
2026-05-07T11:10:55.512+05:30 DEBUG 26528 --- [nio-8080-exec-9] o.s.web.servlet.DispatcherServlet        : GET "/ws/456/d52t5xxu/websocket", parameters={}
2026-05-07T11:10:55.512+05:30 DEBUG 26528 --- [io-8080-exec-10] m.m.a.RequestResponseBodyMethodProcessor : Using 'application/json', given [application/json, text/plain, */*] and supported [application/json, application/*+json]
2026-05-07T11:10:55.512+05:30 DEBUG 26528 --- [nio-8080-exec-9] o.s.w.s.s.s.WebSocketHandlerMapping      : Mapped to org.springframework.web.socket.sockjs.support.SockJsHttpRequestHandler@2e2c9e24
2026-05-07T11:10:55.512+05:30 DEBUG 26528 --- [io-8080-exec-10] m.m.a.RequestResponseBodyMethodProcessor : Writing [[com.robms.model.Order@6f06274d]]
2026-05-07T11:10:55.512+05:30 DEBUG 26528 --- [nio-8080-exec-9] o.s.w.s.s.t.h.DefaultSockJsService       : Processing transport request: GET http://localhost:8080/ws/456/d52t5xxu/websocket
2026-05-07T11:10:55.517+05:30 DEBUG 26528 --- [io-8080-exec-10] org.hibernate.SQL                        : select i1_0.order_id,i1_0.id,i1_0.menu_item_id,mi1_0.id,mi1_0.available,mi1_0.category,mi1_0.description,mi1_0.name,mi1_0.price,i1_0.price_at_order_time,i1_0.quantity,i1_0.special_instructions from order_items i1_0 left join menu_items mi1_0 on mi1_0.id=i1_0.menu_item_id where i1_0.order_id=?
Hibernate: select i1_0.order_id,i1_0.id,i1_0.menu_item_id,mi1_0.id,mi1_0.available,mi1_0.category,mi1_0.description,mi1_0.name,mi1_0.price,i1_0.price_at_order_time,i1_0.quantity,i1_0.special_instructions from order_items i1_0 left join menu_items mi1_0 on mi1_0.id=i1_0.menu_item_id where i1_0.order_id=?
2026-05-07T11:10:55.517+05:30 DEBUG 26528 --- [nio-8080-exec-9] o.s.web.servlet.DispatcherServlet        : Completed 101 SWITCHING_PROTOCOLS
2026-05-07T11:10:55.519+05:30 DEBUG 26528 --- [nio-8080-exec-9] s.w.s.h.LoggingWebSocketHandlerDecorator : New WebSocketServerSockJsSession[id=d52t5xxu]
2026-05-07T11:10:55.519+05:30 DEBUG 26528 --- [io-8080-exec-10] o.s.web.servlet.DispatcherServlet        : Completed 200 OK
2026-05-07T11:10:55.521+05:30 DEBUG 26528 --- [nio-8080-exec-4] o.s.web.servlet.DispatcherServlet        : GET "/api/orders/active", parameters={}
2026-05-07T11:10:55.521+05:30 DEBUG 26528 --- [nio-8080-exec-4] s.w.s.m.m.a.RequestMappingHandlerMapping : Mapped to com.robms.controller.OrderController#getActiveOrders()
2026-05-07T11:10:55.521+05:30 DEBUG 26528 --- [nio-8080-exec-4] org.hibernate.SQL                        : select o1_0.id,o1_0.order_time,o1_0.status,o1_0.table_id,o1_0.total_amount from orders o1_0 where o1_0.status not in (?,?)
Hibernate: select o1_0.id,o1_0.order_time,o1_0.status,o1_0.table_id,o1_0.total_amount from orders o1_0 where o1_0.status not in (?,?)
2026-05-07T11:10:55.521+05:30 DEBUG 26528 --- [nio-8080-exec-4] org.hibernate.SQL                        : select te1_0.id,te1_0.capacity,te1_0.current_bill_amount,te1_0.name,te1_0.status from restaurant_tables te1_0 where te1_0.id=?
Hibernate: select te1_0.id,te1_0.capacity,te1_0.current_bill_amount,te1_0.name,te1_0.status from restaurant_tables te1_0 where te1_0.id=?
2026-05-07T11:10:55.529+05:30 DEBUG 26528 --- [nio-8080-exec-4] m.m.a.RequestResponseBodyMethodProcessor : Using 'application/json', given [application/json, text/plain, */*] and supported [application/json, application/*+json]
2026-05-07T11:10:55.529+05:30 DEBUG 26528 --- [nio-8080-exec-4] m.m.a.RequestResponseBodyMethodProcessor : Writing [[com.robms.model.Order@4f1f65f1]]
2026-05-07T11:10:55.529+05:30 DEBUG 26528 --- [nio-8080-exec-4] org.hibernate.SQL                        : select i1_0.order_id,i1_0.id,i1_0.menu_item_id,mi1_0.id,mi1_0.available,mi1_0.category,mi1_0.description,mi1_0.name,mi1_0.price,i1_0.price_at_order_time,i1_0.quantity,i1_0.special_instructions from order_items i1_0 left join menu_items mi1_0 on mi1_0.id=i1_0.menu_item_id where i1_0.order_id=?
Hibernate: select i1_0.order_id,i1_0.id,i1_0.menu_item_id,mi1_0.id,mi1_0.available,mi1_0.category,mi1_0.description,mi1_0.name,mi1_0.price,i1_0.price_at_order_time,i1_0.quantity,i1_0.special_instructions from order_items i1_0 left join menu_items mi1_0 on mi1_0.id=i1_0.menu_item_id where i1_0.order_id=?
2026-05-07T11:10:55.532+05:30 DEBUG 26528 --- [nio-8080-exec-4] o.s.web.servlet.DispatcherServlet        : Completed 200 OK
2026-05-07T11:10:55.535+05:30 DEBUG 26528 --- [nio-8080-exec-7] o.s.web.servlet.DispatcherServlet        : GET "/ws/287/oamswhts/websocket", parameters={}
2026-05-07T11:10:55.537+05:30 DEBUG 26528 --- [nio-8080-exec-7] o.s.w.s.s.s.WebSocketHandlerMapping      : Mapped to org.springframework.web.socket.sockjs.support.SockJsHttpRequestHandler@2e2c9e24
2026-05-07T11:10:55.537+05:30 DEBUG 26528 --- [nio-8080-exec-7] o.s.w.s.s.t.h.DefaultSockJsService       : Processing transport request: GET http://localhost:8080/ws/287/oamswhts/websocket
2026-05-07T11:10:55.537+05:30 DEBUG 26528 --- [nio-8080-exec-7] o.s.web.servlet.DispatcherServlet        : Completed 101 SWITCHING_PROTOCOLS
2026-05-07T11:10:55.542+05:30 DEBUG 26528 --- [nio-8080-exec-7] s.w.s.h.LoggingWebSocketHandlerDecorator : New WebSocketServerSockJsSession[id=oamswhts]
2026-05-07T11:10:55.549+05:30 DEBUG 26528 --- [boundChannel-89] org.springframework.web.SimpLogging      : Processing CONNECT session=oamswhts
2026-05-07T11:10:55.554+05:30 DEBUG 26528 --- [boundChannel-92] org.springframework.web.SimpLogging      : Processing SUBSCRIBE /topic/orders id=sub-0 session=oamswhts
2026-05-07T11:10:57.700+05:30 DEBUG 26528 --- [nio-8080-exec-5] o.s.web.servlet.DispatcherServlet        : PUT "/api/orders/5/status?status=preparing", parameters={masked}
2026-05-07T11:10:57.719+05:30 DEBUG 26528 --- [nio-8080-exec-5] s.w.s.m.m.a.RequestMappingHandlerMapping : Mapped to com.robms.controller.OrderController#updateOrderStatus(Long, String)
2026-05-07T11:10:57.721+05:30 DEBUG 26528 --- [nio-8080-exec-5] org.hibernate.SQL                        : select o1_0.id,o1_0.order_time,o1_0.status,o1_0.table_id,t1_0.id,t1_0.capacity,t1_0.current_bill_amount,t1_0.name,t1_0.status,o1_0.total_amount from orders o1_0 join restaurant_tables t1_0 on t1_0.id=o1_0.table_id where o1_0.id=?
Hibernate: select o1_0.id,o1_0.order_time,o1_0.status,o1_0.table_id,t1_0.id,t1_0.capacity,t1_0.current_bill_amount,t1_0.name,t1_0.status,o1_0.total_amount from orders o1_0 join restaurant_tables t1_0 on t1_0.id=o1_0.table_id where o1_0.id=?
2026-05-07T11:10:57.724+05:30 DEBUG 26528 --- [nio-8080-exec-5] org.hibernate.SQL                        : update orders set order_time=?,status=?,table_id=?,total_amount=? where id=?
Hibernate: update orders set order_time=?,status=?,table_id=?,total_amount=? where id=?
2026-05-07T11:10:57.724+05:30 DEBUG 26528 --- [nio-8080-exec-5] org.hibernate.SQL                        : select i1_0.order_id,i1_0.id,i1_0.menu_item_id,mi1_0.id,mi1_0.available,mi1_0.category,mi1_0.description,mi1_0.name,mi1_0.price,i1_0.price_at_order_time,i1_0.quantity,i1_0.special_instructions from order_items i1_0 left join menu_items mi1_0 on mi1_0.id=i1_0.menu_item_id where i1_0.order_id=?
Hibernate: select i1_0.order_id,i1_0.id,i1_0.menu_item_id,mi1_0.id,mi1_0.available,mi1_0.category,mi1_0.description,mi1_0.name,mi1_0.price,i1_0.price_at_order_time,i1_0.quantity,i1_0.special_instructions from order_items i1_0 left join menu_items mi1_0 on mi1_0.id=i1_0.menu_item_id where i1_0.order_id=?
2026-05-07T11:10:57.724+05:30 DEBUG 26528 --- [nio-8080-exec-5] org.springframework.web.SimpLogging      : Processing MESSAGE destination=/topic/orders session=null payload={"id":5,"table":{"id":1,"name":"Table 1","status":"occupied","capacity":4,"curre...(truncated)
2026-05-07T11:10:57.731+05:30 DEBUG 26528 --- [nio-8080-exec-5] org.springframework.web.SimpLogging      : Broadcasting to 1 sessions.
2026-05-07T11:10:57.732+05:30 DEBUG 26528 --- [nio-8080-exec-5] o.s.w.s.m.m.a.HttpEntityMethodProcessor  : Using 'application/json', given [application/json, text/plain, */*] and supported [application/json, application/*+json]
2026-05-07T11:10:57.732+05:30 DEBUG 26528 --- [nio-8080-exec-5] o.s.w.s.m.m.a.HttpEntityMethodProcessor  : Writing [com.robms.model.Order@5694bb86]
2026-05-07T11:10:57.732+05:30 DEBUG 26528 --- [nio-8080-exec-5] o.s.web.servlet.DispatcherServlet        : Completed 200 OK
2026-05-07T11:11:05.549+05:30 DEBUG 26528 --- [nio-8080-exec-8] s.w.s.h.LoggingWebSocketHandlerDecorator : WebSocketServerSockJsSession[id=d52t5xxu] closed with CloseStatus[code=1000, reason=null]
2026-05-07T11:11:05.559+05:30 DEBUG 26528 --- [nio-8080-exec-1] s.w.s.h.LoggingWebSocketHandlerDecorator : WebSocketServerSockJsSession[id=oamswhts] closed with CloseStatus[code=1000, reason=null]
2026-05-07T11:11:05.569+05:30 DEBUG 26528 --- [nio-8080-exec-1] o.s.w.s.m.SubProtocolWebSocketHandler    : Clearing session oamswhts
2026-05-07T11:11:05.569+05:30 DEBUG 26528 --- [nio-8080-exec-8] o.s.w.s.m.SubProtocolWebSocketHandler    : Clearing session d52t5xxu
2026-05-07T11:11:05.591+05:30 DEBUG 26528 --- [boundChannel-95] org.springframework.web.SimpLogging      : Processing DISCONNECT session=oamswhts
2026-05-07T11:11:05.617+05:30 DEBUG 26528 --- [boundChannel-98] org.springframework.web.SimpLogging      : Processing DISCONNECT session=d52t5xxu
2026-05-07T11:11:05.636+05:30 DEBUG 26528 --- [boundChannel-34] o.s.w.s.m.SubProtocolWebSocketHandler    : No session for GenericMessage [payload=byte[0], headers={simpMessageType=DISCONNECT_ACK, simpDisconnectMessage=GenericMessage [payload=byte[0], headers={simpMessageType=DISCONNECT, stompCommand=DISCONNECT, simpSessionAttributes={org.springframework.messaging.simp.SimpAttributes.COMPLETED=true}, simpSessionId=oamswhts}], simpSessionId=oamswhts}]
2026-05-07T11:11:05.639+05:30 DEBUG 26528 --- [boundChannel-35] o.s.w.s.m.SubProtocolWebSocketHandler    : No session for GenericMessage [payload=byte[0], headers={simpMessageType=DISCONNECT_ACK, simpDisconnectMessage=GenericMessage [payload=byte[0], headers={simpMessageType=DISCONNECT, stompCommand=DISCONNECT, simpSessionAttributes={org.springframework.messaging.simp.SimpAttributes.COMPLETED=true}, simpSessionId=d52t5xxu}], simpSessionId=d52t5xxu}]
2026-05-07T11:11:06.175+05:30 DEBUG 26528 --- [io-8080-exec-10] o.s.web.servlet.DispatcherServlet        : GET "/api/tables", parameters={}
2026-05-07T11:11:06.186+05:30 DEBUG 26528 --- [io-8080-exec-10] s.w.s.m.m.a.RequestMappingHandlerMapping : Mapped to com.robms.controller.TableController#getAllTables()
2026-05-07T11:11:06.190+05:30 DEBUG 26528 --- [io-8080-exec-10] org.hibernate.SQL                        : select te1_0.id,te1_0.capacity,te1_0.current_bill_amount,te1_0.name,te1_0.status from restaurant_tables te1_0
Hibernate: select te1_0.id,te1_0.capacity,te1_0.current_bill_amount,te1_0.name,te1_0.status from restaurant_tables te1_0
2026-05-07T11:11:06.190+05:30 DEBUG 26528 --- [io-8080-exec-10] m.m.a.RequestResponseBodyMethodProcessor : Using 'application/json', given [application/json, text/plain, */*] and supported [application/json, application/*+json]
2026-05-07T11:11:06.190+05:30 DEBUG 26528 --- [io-8080-exec-10] m.m.a.RequestResponseBodyMethodProcessor : Writing [[com.robms.model.TableEntity@3cdf7c0c, com.robms.model.TableEntity@3cb9f951, com.robms.model.TableEn (truncated)...]
2026-05-07T11:11:06.190+05:30 DEBUG 26528 --- [io-8080-exec-10] o.s.web.servlet.DispatcherServlet        : Completed 200 OK
2026-05-07T11:11:06.196+05:30 DEBUG 26528 --- [nio-8080-exec-9] o.s.web.servlet.DispatcherServlet        : GET "/api/tables", parameters={}
2026-05-07T11:11:06.196+05:30 DEBUG 26528 --- [nio-8080-exec-9] s.w.s.m.m.a.RequestMappingHandlerMapping : Mapped to com.robms.controller.TableController#getAllTables()
2026-05-07T11:11:06.198+05:30 DEBUG 26528 --- [nio-8080-exec-9] org.hibernate.SQL                        : select te1_0.id,te1_0.capacity,te1_0.current_bill_amount,te1_0.name,te1_0.status from restaurant_tables te1_0
Hibernate: select te1_0.id,te1_0.capacity,te1_0.current_bill_amount,te1_0.name,te1_0.status from restaurant_tables te1_0
2026-05-07T11:11:06.201+05:30 DEBUG 26528 --- [nio-8080-exec-9] m.m.a.RequestResponseBodyMethodProcessor : Using 'application/json', given [application/json, text/plain, */*] and supported [application/json, application/*+json]
2026-05-07T11:11:06.201+05:30 DEBUG 26528 --- [nio-8080-exec-9] m.m.a.RequestResponseBodyMethodProcessor : Writing [[com.robms.model.TableEntity@6dbc5265, com.robms.model.TableEntity@4adca1f5, com.robms.model.TableEn (truncated)...]
2026-05-07T11:11:06.204+05:30 DEBUG 26528 --- [nio-8080-exec-9] o.s.web.servlet.DispatcherServlet        : Completed 200 OK
2026-05-07T11:11:13.749+05:30 DEBUG 26528 --- [MessageBroker-4] o.s.w.s.s.t.h.DefaultSockJsService       : Closed 2 sessions: [oamswhts, d52t5xxu]
2026-05-07T11:11:16.209+05:30 DEBUG 26528 --- [nio-8080-exec-4] o.s.web.servlet.DispatcherServlet        : GET "/api/tables", parameters={}
2026-05-07T11:11:16.228+05:30 DEBUG 26528 --- [nio-8080-exec-4] s.w.s.m.m.a.RequestMappingHandlerMapping : Mapped to com.robms.controller.TableController#getAllTables()
2026-05-07T11:11:16.232+05:30 DEBUG 26528 --- [nio-8080-exec-4] org.hibernate.SQL                        : select te1_0.id,te1_0.capacity,te1_0.current_bill_amount,te1_0.name,te1_0.status from restaurant_tables te1_0
Hibernate: select te1_0.id,te1_0.capacity,te1_0.current_bill_amount,te1_0.name,te1_0.status from restaurant_tables te1_0
2026-05-07T11:11:16.233+05:30 DEBUG 26528 --- [nio-8080-exec-4] m.m.a.RequestResponseBodyMethodProcessor : Using 'application/json', given [application/json, text/plain, */*] and supported [application/json, application/*+json]
2026-05-07T11:11:16.237+05:30 DEBUG 26528 --- [nio-8080-exec-4] m.m.a.RequestResponseBodyMethodProcessor : Writing [[com.robms.model.TableEntity@1dab7914, com.robms.model.TableEntity@41b71fbb, com.robms.model.TableEn (truncated)...]
2026-05-07T11:11:16.241+05:30 DEBUG 26528 --- [nio-8080-exec-4] o.s.web.servlet.DispatcherServlet        : Completed 200 OK
2026-05-07T11:11:23.824+05:30 DEBUG 26528 --- [nio-8080-exec-7] o.s.web.servlet.DispatcherServlet        : GET "/api/orders/active", parameters={}
2026-05-07T11:11:23.833+05:30 DEBUG 26528 --- [nio-8080-exec-3] o.s.web.servlet.DispatcherServlet        : GET "/ws/info?t=1778132483831", parameters={masked}
2026-05-07T11:11:23.844+05:30 DEBUG 26528 --- [nio-8080-exec-7] s.w.s.m.m.a.RequestMappingHandlerMapping : Mapped to com.robms.controller.OrderController#getActiveOrders()
2026-05-07T11:11:23.844+05:30 DEBUG 26528 --- [nio-8080-exec-3] o.s.w.s.s.s.WebSocketHandlerMapping      : Mapped to org.springframework.web.socket.sockjs.support.SockJsHttpRequestHandler@2e2c9e24
2026-05-07T11:11:23.844+05:30 DEBUG 26528 --- [nio-8080-exec-3] o.s.w.s.s.t.h.DefaultSockJsService       : Processing transport request: GET http://localhost:8080/ws/info?t=1778132483831
2026-05-07T11:11:23.844+05:30 DEBUG 26528 --- [nio-8080-exec-3] o.s.web.servlet.DispatcherServlet        : Completed 200 OK
2026-05-07T11:11:23.848+05:30 DEBUG 26528 --- [nio-8080-exec-7] org.hibernate.SQL                        : select o1_0.id,o1_0.order_time,o1_0.status,o1_0.table_id,o1_0.total_amount from orders o1_0 where o1_0.status not in (?,?)
Hibernate: select o1_0.id,o1_0.order_time,o1_0.status,o1_0.table_id,o1_0.total_amount from orders o1_0 where o1_0.status not in (?,?)
2026-05-07T11:11:23.849+05:30 DEBUG 26528 --- [nio-8080-exec-6] o.s.web.servlet.DispatcherServlet        : GET "/ws/info?t=1778132483831", parameters={masked}
2026-05-07T11:11:23.851+05:30 DEBUG 26528 --- [nio-8080-exec-6] o.s.w.s.s.s.WebSocketHandlerMapping      : Mapped to org.springframework.web.socket.sockjs.support.SockJsHttpRequestHandler@2e2c9e24
2026-05-07T11:11:23.852+05:30 DEBUG 26528 --- [nio-8080-exec-6] o.s.w.s.s.t.h.DefaultSockJsService       : Processing transport request: GET http://localhost:8080/ws/info?t=1778132483831
2026-05-07T11:11:23.853+05:30 DEBUG 26528 --- [nio-8080-exec-2] o.s.web.servlet.DispatcherServlet        : GET "/ws/495/v5nrut1t/websocket", parameters={}
2026-05-07T11:11:23.853+05:30 DEBUG 26528 --- [nio-8080-exec-6] o.s.web.servlet.DispatcherServlet        : Completed 200 OK
2026-05-07T11:11:23.851+05:30 DEBUG 26528 --- [nio-8080-exec-7] org.hibernate.SQL                        : select te1_0.id,te1_0.capacity,te1_0.current_bill_amount,te1_0.name,te1_0.status from restaurant_tables te1_0 where te1_0.id=?
Hibernate: select te1_0.id,te1_0.capacity,te1_0.current_bill_amount,te1_0.name,te1_0.status from restaurant_tables te1_0 where te1_0.id=?
2026-05-07T11:11:23.853+05:30 DEBUG 26528 --- [nio-8080-exec-2] o.s.w.s.s.s.WebSocketHandlerMapping      : Mapped to org.springframework.web.socket.sockjs.support.SockJsHttpRequestHandler@2e2c9e24
2026-05-07T11:11:23.855+05:30 DEBUG 26528 --- [nio-8080-exec-2] o.s.w.s.s.t.h.DefaultSockJsService       : Processing transport request: GET http://localhost:8080/ws/495/v5nrut1t/websocket
2026-05-07T11:11:23.855+05:30 DEBUG 26528 --- [nio-8080-exec-7] m.m.a.RequestResponseBodyMethodProcessor : Using 'application/json', given [application/json, text/plain, */*] and supported [application/json, application/*+json]
2026-05-07T11:11:23.855+05:30 DEBUG 26528 --- [nio-8080-exec-7] m.m.a.RequestResponseBodyMethodProcessor : Writing [[com.robms.model.Order@5c1d3f05]]
2026-05-07T11:11:23.855+05:30 DEBUG 26528 --- [nio-8080-exec-2] o.s.web.servlet.DispatcherServlet        : Completed 101 SWITCHING_PROTOCOLS
2026-05-07T11:11:23.855+05:30 DEBUG 26528 --- [nio-8080-exec-2] s.w.s.h.LoggingWebSocketHandlerDecorator : New WebSocketServerSockJsSession[id=v5nrut1t]
2026-05-07T11:11:23.855+05:30 DEBUG 26528 --- [nio-8080-exec-7] org.hibernate.SQL                        : select i1_0.order_id,i1_0.id,i1_0.menu_item_id,mi1_0.id,mi1_0.available,mi1_0.category,mi1_0.description,mi1_0.name,mi1_0.price,i1_0.price_at_order_time,i1_0.quantity,i1_0.special_instructions from order_items i1_0 left join menu_items mi1_0 on mi1_0.id=i1_0.menu_item_id where i1_0.order_id=?
Hibernate: select i1_0.order_id,i1_0.id,i1_0.menu_item_id,mi1_0.id,mi1_0.available,mi1_0.category,mi1_0.description,mi1_0.name,mi1_0.price,i1_0.price_at_order_time,i1_0.quantity,i1_0.special_instructions from order_items i1_0 left join menu_items mi1_0 on mi1_0.id=i1_0.menu_item_id where i1_0.order_id=?
2026-05-07T11:11:23.869+05:30 DEBUG 26528 --- [nio-8080-exec-7] o.s.web.servlet.DispatcherServlet        : Completed 200 OK
2026-05-07T11:11:23.873+05:30 DEBUG 26528 --- [nio-8080-exec-7] o.s.web.servlet.DispatcherServlet        : GET "/ws/436/22xv55o5/websocket", parameters={}
2026-05-07T11:11:23.873+05:30 DEBUG 26528 --- [nio-8080-exec-7] o.s.w.s.s.s.WebSocketHandlerMapping      : Mapped to org.springframework.web.socket.sockjs.support.SockJsHttpRequestHandler@2e2c9e24
2026-05-07T11:11:23.873+05:30 DEBUG 26528 --- [nio-8080-exec-7] o.s.w.s.s.t.h.DefaultSockJsService       : Processing transport request: GET http://localhost:8080/ws/436/22xv55o5/websocket
2026-05-07T11:11:23.880+05:30 DEBUG 26528 --- [nio-8080-exec-7] o.s.web.servlet.DispatcherServlet        : Completed 101 SWITCHING_PROTOCOLS
2026-05-07T11:11:23.880+05:30 DEBUG 26528 --- [nio-8080-exec-7] s.w.s.h.LoggingWebSocketHandlerDecorator : New WebSocketServerSockJsSession[id=22xv55o5]
2026-05-07T11:11:23.873+05:30 DEBUG 26528 --- [nio-8080-exec-5] o.s.web.servlet.DispatcherServlet        : GET "/api/orders/active", parameters={}
2026-05-07T11:11:23.880+05:30 DEBUG 26528 --- [nio-8080-exec-5] s.w.s.m.m.a.RequestMappingHandlerMapping : Mapped to com.robms.controller.OrderController#getActiveOrders()
2026-05-07T11:11:23.896+05:30 DEBUG 26528 --- [nio-8080-exec-5] org.hibernate.SQL                        : select o1_0.id,o1_0.order_time,o1_0.status,o1_0.table_id,o1_0.total_amount from orders o1_0 where o1_0.status not in (?,?)
Hibernate: select o1_0.id,o1_0.order_time,o1_0.status,o1_0.table_id,o1_0.total_amount from orders o1_0 where o1_0.status not in (?,?)
2026-05-07T11:11:23.898+05:30 DEBUG 26528 --- [nio-8080-exec-5] org.hibernate.SQL                        : select te1_0.id,te1_0.capacity,te1_0.current_bill_amount,te1_0.name,te1_0.status from restaurant_tables te1_0 where te1_0.id=?
Hibernate: select te1_0.id,te1_0.capacity,te1_0.current_bill_amount,te1_0.name,te1_0.status from restaurant_tables te1_0 where te1_0.id=?
2026-05-07T11:11:23.899+05:30 DEBUG 26528 --- [oundChannel-101] org.springframework.web.SimpLogging      : Processing CONNECT session=22xv55o5
2026-05-07T11:11:23.899+05:30 DEBUG 26528 --- [nio-8080-exec-5] m.m.a.RequestResponseBodyMethodProcessor : Using 'application/json', given [application/json, text/plain, */*] and supported [application/json, application/*+json]
2026-05-07T11:11:23.899+05:30 DEBUG 26528 --- [nio-8080-exec-5] m.m.a.RequestResponseBodyMethodProcessor : Writing [[com.robms.model.Order@616e493c]]
2026-05-07T11:11:23.902+05:30 DEBUG 26528 --- [nio-8080-exec-5] org.hibernate.SQL                        : select i1_0.order_id,i1_0.id,i1_0.menu_item_id,mi1_0.id,mi1_0.available,mi1_0.category,mi1_0.description,mi1_0.name,mi1_0.price,i1_0.price_at_order_time,i1_0.quantity,i1_0.special_instructions from order_items i1_0 left join menu_items mi1_0 on mi1_0.id=i1_0.menu_item_id where i1_0.order_id=?
Hibernate: select i1_0.order_id,i1_0.id,i1_0.menu_item_id,mi1_0.id,mi1_0.available,mi1_0.category,mi1_0.description,mi1_0.name,mi1_0.price,i1_0.price_at_order_time,i1_0.quantity,i1_0.special_instructions from order_items i1_0 left join menu_items mi1_0 on mi1_0.id=i1_0.menu_item_id where i1_0.order_id=?
2026-05-07T11:11:23.904+05:30 DEBUG 26528 --- [nio-8080-exec-5] o.s.web.servlet.DispatcherServlet        : Completed 200 OK
2026-05-07T11:11:23.907+05:30 DEBUG 26528 --- [oundChannel-104] org.springframework.web.SimpLogging      : Processing SUBSCRIBE /topic/orders id=sub-0 session=22xv55o5
2026-05-07T11:11:26.141+05:30 DEBUG 26528 --- [nio-8080-exec-9] o.s.web.servlet.DispatcherServlet        : PUT "/api/orders/5/status?status=ready", parameters={masked}
2026-05-07T11:11:26.163+05:30 DEBUG 26528 --- [nio-8080-exec-9] s.w.s.m.m.a.RequestMappingHandlerMapping : Mapped to com.robms.controller.OrderController#updateOrderStatus(Long, String)
2026-05-07T11:11:26.169+05:30 DEBUG 26528 --- [nio-8080-exec-9] org.hibernate.SQL                        : select o1_0.id,o1_0.order_time,o1_0.status,o1_0.table_id,t1_0.id,t1_0.capacity,t1_0.current_bill_amount,t1_0.name,t1_0.status,o1_0.total_amount from orders o1_0 join restaurant_tables t1_0 on t1_0.id=o1_0.table_id where o1_0.id=?
Hibernate: select o1_0.id,o1_0.order_time,o1_0.status,o1_0.table_id,t1_0.id,t1_0.capacity,t1_0.current_bill_amount,t1_0.name,t1_0.status,o1_0.total_amount from orders o1_0 join restaurant_tables t1_0 on t1_0.id=o1_0.table_id where o1_0.id=?
2026-05-07T11:11:26.172+05:30 DEBUG 26528 --- [nio-8080-exec-9] org.hibernate.SQL                        : update orders set order_time=?,status=?,table_id=?,total_amount=? where id=?
Hibernate: update orders set order_time=?,status=?,table_id=?,total_amount=? where id=?
2026-05-07T11:11:26.175+05:30 DEBUG 26528 --- [nio-8080-exec-9] org.hibernate.SQL                        : select i1_0.order_id,i1_0.id,i1_0.menu_item_id,mi1_0.id,mi1_0.available,mi1_0.category,mi1_0.description,mi1_0.name,mi1_0.price,i1_0.price_at_order_time,i1_0.quantity,i1_0.special_instructions from order_items i1_0 left join menu_items mi1_0 on mi1_0.id=i1_0.menu_item_id where i1_0.order_id=?
Hibernate: select i1_0.order_id,i1_0.id,i1_0.menu_item_id,mi1_0.id,mi1_0.available,mi1_0.category,mi1_0.description,mi1_0.name,mi1_0.price,i1_0.price_at_order_time,i1_0.quantity,i1_0.special_instructions from order_items i1_0 left join menu_items mi1_0 on mi1_0.id=i1_0.menu_item_id where i1_0.order_id=?
2026-05-07T11:11:26.175+05:30 DEBUG 26528 --- [nio-8080-exec-9] org.springframework.web.SimpLogging      : Processing MESSAGE destination=/topic/orders session=null payload={"id":5,"table":{"id":1,"name":"Table 1","status":"occupied","capacity":4,"curre...(truncated)
2026-05-07T11:11:26.175+05:30 DEBUG 26528 --- [nio-8080-exec-9] org.springframework.web.SimpLogging      : Broadcasting to 1 sessions.
2026-05-07T11:11:26.175+05:30 DEBUG 26528 --- [nio-8080-exec-9] o.s.w.s.m.m.a.HttpEntityMethodProcessor  : Using 'application/json', given [application/json, text/plain, */*] and supported [application/json, application/*+json]
2026-05-07T11:11:26.175+05:30 DEBUG 26528 --- [nio-8080-exec-9] o.s.w.s.m.m.a.HttpEntityMethodProcessor  : Writing [com.robms.model.Order@850754]
2026-05-07T11:11:26.180+05:30 DEBUG 26528 --- [nio-8080-exec-9] o.s.web.servlet.DispatcherServlet        : Completed 200 OK
2026-05-07T11:11:30.701+05:30 DEBUG 26528 --- [nio-8080-exec-4] s.w.s.h.LoggingWebSocketHandlerDecorator : WebSocketServerSockJsSession[id=22xv55o5] closed with CloseStatus[code=1000, reason=null]
2026-05-07T11:11:30.706+05:30 DEBUG 26528 --- [nio-8080-exec-3] s.w.s.h.LoggingWebSocketHandlerDecorator : WebSocketServerSockJsSession[id=v5nrut1t] closed with CloseStatus[code=1000, reason=null]
2026-05-07T11:11:30.717+05:30 DEBUG 26528 --- [nio-8080-exec-3] o.s.w.s.m.SubProtocolWebSocketHandler    : Clearing session v5nrut1t
2026-05-07T11:11:30.713+05:30 DEBUG 26528 --- [nio-8080-exec-4] o.s.w.s.m.SubProtocolWebSocketHandler    : Clearing session 22xv55o5
2026-05-07T11:11:30.837+05:30 DEBUG 26528 --- [oundChannel-110] org.springframework.web.SimpLogging      : Processing DISCONNECT session=22xv55o5
2026-05-07T11:11:30.920+05:30 DEBUG 26528 --- [oundChannel-107] org.springframework.web.SimpLogging      : Processing DISCONNECT session=v5nrut1t
2026-05-07T11:11:30.920+05:30 DEBUG 26528 --- [boundChannel-38] o.s.w.s.m.SubProtocolWebSocketHandler    : No session for GenericMessage [payload=byte[0], headers={simpMessageType=DISCONNECT_ACK, simpDisconnectMessage=GenericMessage [payload=byte[0], headers={simpMessageType=DISCONNECT, stompCommand=DISCONNECT, simpSessionAttributes={org.springframework.messaging.simp.SimpAttributes.COMPLETED=true}, simpSessionId=22xv55o5}], simpSessionId=22xv55o5}]
2026-05-07T11:11:30.920+05:30 DEBUG 26528 --- [boundChannel-39] o.s.w.s.m.SubProtocolWebSocketHandler    : No session for GenericMessage [payload=byte[0], headers={simpMessageType=DISCONNECT_ACK, simpDisconnectMessage=GenericMessage [payload=byte[0], headers={simpMessageType=DISCONNECT, stompCommand=DISCONNECT, simpSessionAttributes={org.springframework.messaging.simp.SimpAttributes.COMPLETED=true}, simpSessionId=v5nrut1t}], simpSessionId=v5nrut1t}]
2026-05-07T11:11:31.362+05:30 DEBUG 26528 --- [nio-8080-exec-6] o.s.web.servlet.DispatcherServlet        : GET "/api/tables", parameters={}
2026-05-07T11:11:31.382+05:30 DEBUG 26528 --- [nio-8080-exec-6] s.w.s.m.m.a.RequestMappingHandlerMapping : Mapped to com.robms.controller.TableController#getAllTables()
2026-05-07T11:11:31.385+05:30 DEBUG 26528 --- [nio-8080-exec-6] org.hibernate.SQL                        : select te1_0.id,te1_0.capacity,te1_0.current_bill_amount,te1_0.name,te1_0.status from restaurant_tables te1_0
Hibernate: select te1_0.id,te1_0.capacity,te1_0.current_bill_amount,te1_0.name,te1_0.status from restaurant_tables te1_0
2026-05-07T11:11:31.385+05:30 DEBUG 26528 --- [nio-8080-exec-6] m.m.a.RequestResponseBodyMethodProcessor : Using 'application/json', given [application/json, text/plain, */*] and supported [application/json, application/*+json]
2026-05-07T11:11:31.393+05:30 DEBUG 26528 --- [nio-8080-exec-6] m.m.a.RequestResponseBodyMethodProcessor : Writing [[com.robms.model.TableEntity@1194ac45, com.robms.model.TableEntity@17c64c36, com.robms.model.TableEn (truncated)...]
2026-05-07T11:11:31.393+05:30 DEBUG 26528 --- [nio-8080-exec-6] o.s.web.servlet.DispatcherServlet        : Completed 200 OK
2026-05-07T11:11:31.393+05:30 DEBUG 26528 --- [nio-8080-exec-6] o.s.web.servlet.DispatcherServlet        : GET "/api/tables", parameters={}
2026-05-07T11:11:31.393+05:30 DEBUG 26528 --- [nio-8080-exec-6] s.w.s.m.m.a.RequestMappingHandlerMapping : Mapped to com.robms.controller.TableController#getAllTables()
2026-05-07T11:11:31.401+05:30 DEBUG 26528 --- [nio-8080-exec-6] org.hibernate.SQL                        : select te1_0.id,te1_0.capacity,te1_0.current_bill_amount,te1_0.name,te1_0.status from restaurant_tables te1_0
Hibernate: select te1_0.id,te1_0.capacity,te1_0.current_bill_amount,te1_0.name,te1_0.status from restaurant_tables te1_0
2026-05-07T11:11:31.401+05:30 DEBUG 26528 --- [nio-8080-exec-6] m.m.a.RequestResponseBodyMethodProcessor : Using 'application/json', given [application/json, text/plain, */*] and supported [application/json, application/*+json]
2026-05-07T11:11:31.409+05:30 DEBUG 26528 --- [nio-8080-exec-6] m.m.a.RequestResponseBodyMethodProcessor : Writing [[com.robms.model.TableEntity@698f344d, com.robms.model.TableEntity@753038de, com.robms.model.TableEn (truncated)...]
2026-05-07T11:11:31.409+05:30 DEBUG 26528 --- [nio-8080-exec-6] o.s.web.servlet.DispatcherServlet        : Completed 200 OK
2026-05-07T11:11:38.743+05:30 DEBUG 26528 --- [essageBroker-12] o.s.w.s.s.t.h.DefaultSockJsService       : Closed 2 sessions: [v5nrut1t, 22xv55o5]
2026-05-07T11:11:39.551+05:30 DEBUG 26528 --- [nio-8080-exec-7] o.s.web.servlet.DispatcherServlet        : GET "/api/billing/table/1", parameters={}
2026-05-07T11:11:39.570+05:30 DEBUG 26528 --- [nio-8080-exec-7] s.w.s.m.m.a.RequestMappingHandlerMapping : Mapped to com.robms.controller.BillingController#getBillForTable(Long)
2026-05-07T11:11:39.571+05:30 DEBUG 26528 --- [nio-8080-exec-7] org.hibernate.SQL                        : select o1_0.id,o1_0.order_time,o1_0.status,o1_0.table_id,o1_0.total_amount from orders o1_0 left join restaurant_tables t1_0 on t1_0.id=o1_0.table_id where t1_0.id=? and o1_0.status<>?
Hibernate: select o1_0.id,o1_0.order_time,o1_0.status,o1_0.table_id,o1_0.total_amount from orders o1_0 left join restaurant_tables t1_0 on t1_0.id=o1_0.table_id where t1_0.id=? and o1_0.status<>?
2026-05-07T11:11:39.571+05:30 DEBUG 26528 --- [nio-8080-exec-7] org.hibernate.SQL                        : select te1_0.id,te1_0.capacity,te1_0.current_bill_amount,te1_0.name,te1_0.status from restaurant_tables te1_0 where te1_0.id=?
Hibernate: select te1_0.id,te1_0.capacity,te1_0.current_bill_amount,te1_0.name,te1_0.status from restaurant_tables te1_0 where te1_0.id=?
2026-05-07T11:11:39.571+05:30 DEBUG 26528 --- [nio-8080-exec-7] org.hibernate.SQL                        : select i1_0.order_id,i1_0.id,i1_0.menu_item_id,mi1_0.id,mi1_0.available,mi1_0.category,mi1_0.description,mi1_0.name,mi1_0.price,i1_0.price_at_order_time,i1_0.quantity,i1_0.special_instructions from order_items i1_0 left join menu_items mi1_0 on mi1_0.id=i1_0.menu_item_id where i1_0.order_id=?
Hibernate: select i1_0.order_id,i1_0.id,i1_0.menu_item_id,mi1_0.id,mi1_0.available,mi1_0.category,mi1_0.description,mi1_0.name,mi1_0.price,i1_0.price_at_order_time,i1_0.quantity,i1_0.special_instructions from order_items i1_0 left join menu_items mi1_0 on mi1_0.id=i1_0.menu_item_id where i1_0.order_id=?
2026-05-07T11:11:39.586+05:30 DEBUG 26528 --- [nio-8080-exec-7] o.s.w.s.m.m.a.HttpEntityMethodProcessor  : Using 'application/json', given [application/json, text/plain, */*] and supported [application/json, application/*+json]
2026-05-07T11:11:39.586+05:30 DEBUG 26528 --- [nio-8080-exec-7] o.s.w.s.m.m.a.HttpEntityMethodProcessor  : Writing [com.robms.controller.BillingController$1@506936e6]
2026-05-07T11:11:39.588+05:30 DEBUG 26528 --- [nio-8080-exec-7] o.s.web.servlet.DispatcherServlet        : Completed 200 OK
2026-05-07T11:11:43.225+05:30 DEBUG 26528 --- [nio-8080-exec-8] o.s.web.servlet.DispatcherServlet        : GET "/api/tables", parameters={}
2026-05-07T11:11:43.248+05:30 DEBUG 26528 --- [nio-8080-exec-8] s.w.s.m.m.a.RequestMappingHandlerMapping : Mapped to com.robms.controller.TableController#getAllTables()
2026-05-07T11:11:43.253+05:30 DEBUG 26528 --- [nio-8080-exec-8] org.hibernate.SQL                        : select te1_0.id,te1_0.capacity,te1_0.current_bill_amount,te1_0.name,te1_0.status from restaurant_tables te1_0
Hibernate: select te1_0.id,te1_0.capacity,te1_0.current_bill_amount,te1_0.name,te1_0.status from restaurant_tables te1_0
2026-05-07T11:11:43.253+05:30 DEBUG 26528 --- [nio-8080-exec-8] m.m.a.RequestResponseBodyMethodProcessor : Using 'application/json', given [application/json, text/plain, */*] and supported [application/json, application/*+json]
2026-05-07T11:11:43.253+05:30 DEBUG 26528 --- [nio-8080-exec-8] m.m.a.RequestResponseBodyMethodProcessor : Writing [[com.robms.model.TableEntity@70bdb64d, com.robms.model.TableEntity@2452f306, com.robms.model.TableEn (truncated)...]
2026-05-07T11:11:43.253+05:30 DEBUG 26528 --- [nio-8080-exec-8] o.s.web.servlet.DispatcherServlet        : Completed 200 OK
2026-05-07T11:11:43.257+05:30 DEBUG 26528 --- [nio-8080-exec-5] o.s.web.servlet.DispatcherServlet        : GET "/api/tables", parameters={}
2026-05-07T11:11:43.257+05:30 DEBUG 26528 --- [nio-8080-exec-5] s.w.s.m.m.a.RequestMappingHandlerMapping : Mapped to com.robms.controller.TableController#getAllTables()
2026-05-07T11:11:43.261+05:30 DEBUG 26528 --- [nio-8080-exec-5] org.hibernate.SQL                        : select te1_0.id,te1_0.capacity,te1_0.current_bill_amount,te1_0.name,te1_0.status from restaurant_tables te1_0
Hibernate: select te1_0.id,te1_0.capacity,te1_0.current_bill_amount,te1_0.name,te1_0.status from restaurant_tables te1_0
2026-05-07T11:11:43.263+05:30 DEBUG 26528 --- [nio-8080-exec-5] m.m.a.RequestResponseBodyMethodProcessor : Using 'application/json', given [application/json, text/plain, */*] and supported [application/json, application/*+json]
2026-05-07T11:11:43.263+05:30 DEBUG 26528 --- [nio-8080-exec-5] m.m.a.RequestResponseBodyMethodProcessor : Writing [[com.robms.model.TableEntity@28321f3e, com.robms.model.TableEntity@5e39f5f4, com.robms.model.TableEn (truncated)...]
2026-05-07T11:11:43.263+05:30 DEBUG 26528 --- [nio-8080-exec-5] o.s.web.servlet.DispatcherServlet        : Completed 200 OK
2026-05-07T11:11:48.034+05:30 DEBUG 26528 --- [io-8080-exec-10] o.s.web.servlet.DispatcherServlet        : GET "/api/billing/table/1", parameters={}
2026-05-07T11:11:48.054+05:30 DEBUG 26528 --- [io-8080-exec-10] s.w.s.m.m.a.RequestMappingHandlerMapping : Mapped to com.robms.controller.BillingController#getBillForTable(Long)
2026-05-07T11:11:48.058+05:30 DEBUG 26528 --- [io-8080-exec-10] org.hibernate.SQL                        : select o1_0.id,o1_0.order_time,o1_0.status,o1_0.table_id,o1_0.total_amount from orders o1_0 left join restaurant_tables t1_0 on t1_0.id=o1_0.table_id where t1_0.id=? and o1_0.status<>?
Hibernate: select o1_0.id,o1_0.order_time,o1_0.status,o1_0.table_id,o1_0.total_amount from orders o1_0 left join restaurant_tables t1_0 on t1_0.id=o1_0.table_id where t1_0.id=? and o1_0.status<>?
2026-05-07T11:11:48.058+05:30 DEBUG 26528 --- [io-8080-exec-10] org.hibernate.SQL                        : select te1_0.id,te1_0.capacity,te1_0.current_bill_amount,te1_0.name,te1_0.status from restaurant_tables te1_0 where te1_0.id=?
Hibernate: select te1_0.id,te1_0.capacity,te1_0.current_bill_amount,te1_0.name,te1_0.status from restaurant_tables te1_0 where te1_0.id=?
2026-05-07T11:11:48.058+05:30 DEBUG 26528 --- [io-8080-exec-10] org.hibernate.SQL                        : select i1_0.order_id,i1_0.id,i1_0.menu_item_id,mi1_0.id,mi1_0.available,mi1_0.category,mi1_0.description,mi1_0.name,mi1_0.price,i1_0.price_at_order_time,i1_0.quantity,i1_0.special_instructions from order_items i1_0 left join menu_items mi1_0 on mi1_0.id=i1_0.menu_item_id where i1_0.order_id=?
Hibernate: select i1_0.order_id,i1_0.id,i1_0.menu_item_id,mi1_0.id,mi1_0.available,mi1_0.category,mi1_0.description,mi1_0.name,mi1_0.price,i1_0.price_at_order_time,i1_0.quantity,i1_0.special_instructions from order_items i1_0 left join menu_items mi1_0 on mi1_0.id=i1_0.menu_item_id where i1_0.order_id=?
2026-05-07T11:11:48.058+05:30 DEBUG 26528 --- [io-8080-exec-10] o.s.w.s.m.m.a.HttpEntityMethodProcessor  : Using 'application/json', given [application/json, text/plain, */*] and supported [application/json, application/*+json]
2026-05-07T11:11:48.058+05:30 DEBUG 26528 --- [io-8080-exec-10] o.s.w.s.m.m.a.HttpEntityMethodProcessor  : Writing [com.robms.controller.BillingController$1@3bc2385c]
2026-05-07T11:11:48.058+05:30 DEBUG 26528 --- [io-8080-exec-10] o.s.web.servlet.DispatcherServlet        : Completed 200 OK
2026-05-07T11:11:49.736+05:30 DEBUG 26528 --- [nio-8080-exec-9] o.s.web.servlet.DispatcherServlet        : POST "/api/billing/checkout/1", parameters={}
2026-05-07T11:11:49.757+05:30 DEBUG 26528 --- [nio-8080-exec-9] s.w.s.m.m.a.RequestMappingHandlerMapping : Mapped to com.robms.controller.BillingController#checkoutTable(Long)
2026-05-07T11:11:49.760+05:30 DEBUG 26528 --- [nio-8080-exec-9] org.hibernate.SQL                        : select o1_0.id,o1_0.order_time,o1_0.status,o1_0.table_id,o1_0.total_amount from orders o1_0 left join restaurant_tables t1_0 on t1_0.id=o1_0.table_id where t1_0.id=? and o1_0.status<>?
Hibernate: select o1_0.id,o1_0.order_time,o1_0.status,o1_0.table_id,o1_0.total_amount from orders o1_0 left join restaurant_tables t1_0 on t1_0.id=o1_0.table_id where t1_0.id=? and o1_0.status<>?
2026-05-07T11:11:49.760+05:30 DEBUG 26528 --- [nio-8080-exec-9] org.hibernate.SQL                        : select te1_0.id,te1_0.capacity,te1_0.current_bill_amount,te1_0.name,te1_0.status from restaurant_tables te1_0 where te1_0.id=?
Hibernate: select te1_0.id,te1_0.capacity,te1_0.current_bill_amount,te1_0.name,te1_0.status from restaurant_tables te1_0 where te1_0.id=?
2026-05-07T11:11:49.760+05:30 DEBUG 26528 --- [nio-8080-exec-9] org.hibernate.SQL                        : update orders set order_time=?,status=?,table_id=?,total_amount=? where id=?
Hibernate: update orders set order_time=?,status=?,table_id=?,total_amount=? where id=?
2026-05-07T11:11:49.765+05:30 DEBUG 26528 --- [nio-8080-exec-9] org.hibernate.SQL                        : select i1_0.order_id,i1_0.id,i1_0.menu_item_id,mi1_0.id,mi1_0.available,mi1_0.category,mi1_0.description,mi1_0.name,mi1_0.price,i1_0.price_at_order_time,i1_0.quantity,i1_0.special_instructions from order_items i1_0 left join menu_items mi1_0 on mi1_0.id=i1_0.menu_item_id where i1_0.order_id=?
Hibernate: select i1_0.order_id,i1_0.id,i1_0.menu_item_id,mi1_0.id,mi1_0.available,mi1_0.category,mi1_0.description,mi1_0.name,mi1_0.price,i1_0.price_at_order_time,i1_0.quantity,i1_0.special_instructions from order_items i1_0 left join menu_items mi1_0 on mi1_0.id=i1_0.menu_item_id where i1_0.order_id=?
2026-05-07T11:11:49.768+05:30 DEBUG 26528 --- [nio-8080-exec-9] org.springframework.web.SimpLogging      : Processing MESSAGE destination=/topic/orders session=null payload={"id":5,"table":{"id":1,"name":"Table 1","status":"occupied","capacity":4,"curre...(truncated)
2026-05-07T11:11:49.769+05:30 DEBUG 26528 --- [nio-8080-exec-9] org.hibernate.SQL                        : update restaurant_tables set capacity=?,current_bill_amount=?,name=?,status=? where id=?
Hibernate: update restaurant_tables set capacity=?,current_bill_amount=?,name=?,status=? where id=?
2026-05-07T11:11:49.769+05:30 DEBUG 26528 --- [nio-8080-exec-9] o.s.w.s.m.m.a.HttpEntityMethodProcessor  : Using 'application/json', given [application/json, text/plain, */*] and supported [*/*]
2026-05-07T11:11:49.769+05:30 DEBUG 26528 --- [nio-8080-exec-9] o.s.web.servlet.DispatcherServlet        : Completed 200 OK
2026-05-07T11:11:54.645+05:30 DEBUG 26528 --- [nio-8080-exec-3] o.s.web.servlet.DispatcherServlet        : GET "/api/tables", parameters={}
2026-05-07T11:11:54.664+05:30 DEBUG 26528 --- [nio-8080-exec-3] s.w.s.m.m.a.RequestMappingHandlerMapping : Mapped to com.robms.controller.TableController#getAllTables()
2026-05-07T11:11:54.664+05:30 DEBUG 26528 --- [nio-8080-exec-3] org.hibernate.SQL                        : select te1_0.id,te1_0.capacity,te1_0.current_bill_amount,te1_0.name,te1_0.status from restaurant_tables te1_0
Hibernate: select te1_0.id,te1_0.capacity,te1_0.current_bill_amount,te1_0.name,te1_0.status from restaurant_tables te1_0
2026-05-07T11:11:54.668+05:30 DEBUG 26528 --- [nio-8080-exec-3] m.m.a.RequestResponseBodyMethodProcessor : Using 'application/json', given [application/json, text/plain, */*] and supported [application/json, application/*+json]
2026-05-07T11:11:54.669+05:30 DEBUG 26528 --- [nio-8080-exec-3] m.m.a.RequestResponseBodyMethodProcessor : Writing [[com.robms.model.TableEntity@2d091370, com.robms.model.TableEntity@362484fb, com.robms.model.TableEn (truncated)...]
2026-05-07T11:11:54.669+05:30 DEBUG 26528 --- [nio-8080-exec-3] o.s.web.servlet.DispatcherServlet        : Completed 200 OK
2026-05-07T11:11:54.673+05:30 DEBUG 26528 --- [nio-8080-exec-4] o.s.web.servlet.DispatcherServlet        : GET "/api/tables", parameters={}
2026-05-07T11:11:54.673+05:30 DEBUG 26528 --- [nio-8080-exec-4] s.w.s.m.m.a.RequestMappingHandlerMapping : Mapped to com.robms.controller.TableController#getAllTables()
2026-05-07T11:11:54.675+05:30 DEBUG 26528 --- [nio-8080-exec-4] org.hibernate.SQL                        : select te1_0.id,te1_0.capacity,te1_0.current_bill_amount,te1_0.name,te1_0.status from restaurant_tables te1_0
Hibernate: select te1_0.id,te1_0.capacity,te1_0.current_bill_amount,te1_0.name,te1_0.status from restaurant_tables te1_0
2026-05-07T11:11:54.675+05:30 DEBUG 26528 --- [nio-8080-exec-4] m.m.a.RequestResponseBodyMethodProcessor : Using 'application/json', given [application/json, text/plain, */*] and supported [application/json, application/*+json]
2026-05-07T11:11:54.675+05:30 DEBUG 26528 --- [nio-8080-exec-4] m.m.a.RequestResponseBodyMethodProcessor : Writing [[com.robms.model.TableEntity@652141aa, com.robms.model.TableEntity@1eb946da, com.robms.model.TableEn (truncated)...]
2026-05-07T11:11:54.675+05:30 DEBUG 26528 --- [nio-8080-exec-4] o.s.web.servlet.DispatcherServlet        : Completed 200 OK
2026-05-07T11:12:04.671+05:30 DEBUG 26528 --- [nio-8080-exec-2] o.s.web.servlet.DispatcherServlet        : GET "/api/tables", parameters={}
2026-05-07T11:12:04.768+05:30 DEBUG 26528 --- [nio-8080-exec-2] s.w.s.m.m.a.RequestMappingHandlerMapping : Mapped to com.robms.controller.TableController#getAllTables()
2026-05-07T11:12:04.768+05:30 DEBUG 26528 --- [nio-8080-exec-2] org.hibernate.SQL                        : select te1_0.id,te1_0.capacity,te1_0.current_bill_amount,te1_0.name,te1_0.status from restaurant_tables te1_0
Hibernate: select te1_0.id,te1_0.capacity,te1_0.current_bill_amount,te1_0.name,te1_0.status from restaurant_tables te1_0
2026-05-07T11:12:04.775+05:30 DEBUG 26528 --- [nio-8080-exec-2] m.m.a.RequestResponseBodyMethodProcessor : Using 'application/json', given [application/json, text/plain, */*] and supported [application/json, application/*+json]
2026-05-07T11:12:04.775+05:30 DEBUG 26528 --- [nio-8080-exec-2] m.m.a.RequestResponseBodyMethodProcessor : Writing [[com.robms.model.TableEntity@517b587d, com.robms.model.TableEntity@69d0e6b1, com.robms.model.TableEn (truncated)...]
2026-05-07T11:12:04.777+05:30 DEBUG 26528 --- [nio-8080-exec-2] o.s.web.servlet.DispatcherServlet        : Completed 200 OK
2026-05-07T11:12:14.661+05:30 DEBUG 26528 --- [nio-8080-exec-6] o.s.web.servlet.DispatcherServlet        : GET "/api/tables", parameters={}
2026-05-07T11:12:14.680+05:30 DEBUG 26528 --- [nio-8080-exec-6] s.w.s.m.m.a.RequestMappingHandlerMapping : Mapped to com.robms.controller.TableController#getAllTables()
2026-05-07T11:12:14.682+05:30 DEBUG 26528 --- [nio-8080-exec-6] org.hibernate.SQL                        : select te1_0.id,te1_0.capacity,te1_0.current_bill_amount,te1_0.name,te1_0.status from restaurant_tables te1_0
Hibernate: select te1_0.id,te1_0.capacity,te1_0.current_bill_amount,te1_0.name,te1_0.status from restaurant_tables te1_0
2026-05-07T11:12:14.685+05:30 DEBUG 26528 --- [nio-8080-exec-6] m.m.a.RequestResponseBodyMethodProcessor : Using 'application/json', given [application/json, text/plain, */*] and supported [application/json, application/*+json]
2026-05-07T11:12:14.685+05:30 DEBUG 26528 --- [nio-8080-exec-6] m.m.a.RequestResponseBodyMethodProcessor : Writing [[com.robms.model.TableEntity@f2b2887, com.robms.model.TableEntity@1e426229, com.robms.model.TableEnt (truncated)...]
2026-05-07T11:12:14.686+05:30 DEBUG 26528 --- [nio-8080-exec-6] o.s.web.servlet.DispatcherServlet        : Completed 200 OK
2026-05-07T11:12:24.652+05:30 DEBUG 26528 --- [nio-8080-exec-8] o.s.web.servlet.DispatcherServlet        : GET "/api/tables", parameters={}
2026-05-07T11:12:24.672+05:30 DEBUG 26528 --- [nio-8080-exec-8] s.w.s.m.m.a.RequestMappingHandlerMapping : Mapped to com.robms.controller.TableController#getAllTables()
2026-05-07T11:12:24.686+05:30 DEBUG 26528 --- [nio-8080-exec-8] org.hibernate.SQL                        : select te1_0.id,te1_0.capacity,te1_0.current_bill_amount,te1_0.name,te1_0.status from restaurant_tables te1_0
Hibernate: select te1_0.id,te1_0.capacity,te1_0.current_bill_amount,te1_0.name,te1_0.status from restaurant_tables te1_0
2026-05-07T11:12:24.686+05:30 DEBUG 26528 --- [nio-8080-exec-8] m.m.a.RequestResponseBodyMethodProcessor : Using 'application/json', given [application/json, text/plain, */*] and supported [application/json, application/*+json]
2026-05-07T11:12:24.686+05:30 DEBUG 26528 --- [nio-8080-exec-8] m.m.a.RequestResponseBodyMethodProcessor : Writing [[com.robms.model.TableEntity@55d5d152, com.robms.model.TableEntity@669559b2, com.robms.model.TableEn (truncated)...]
2026-05-07T11:12:24.686+05:30 DEBUG 26528 --- [nio-8080-exec-8] o.s.web.servlet.DispatcherServlet        : Completed 200 OK
2026-05-07T11:12:34.676+05:30 DEBUG 26528 --- [nio-8080-exec-5] o.s.web.servlet.DispatcherServlet        : GET "/api/tables", parameters={}
2026-05-07T11:12:34.703+05:30 DEBUG 26528 --- [nio-8080-exec-5] s.w.s.m.m.a.RequestMappingHandlerMapping : Mapped to com.robms.controller.TableController#getAllTables()
2026-05-07T11:12:34.706+05:30 DEBUG 26528 --- [nio-8080-exec-5] org.hibernate.SQL                        : select te1_0.id,te1_0.capacity,te1_0.current_bill_amount,te1_0.name,te1_0.status from restaurant_tables te1_0
Hibernate: select te1_0.id,te1_0.capacity,te1_0.current_bill_amount,te1_0.name,te1_0.status from restaurant_tables te1_0
2026-05-07T11:12:34.715+05:30 DEBUG 26528 --- [nio-8080-exec-5] m.m.a.RequestResponseBodyMethodProcessor : Using 'application/json', given [application/json, text/plain, */*] and supported [application/json, application/*+json]
2026-05-07T11:12:34.715+05:30 DEBUG 26528 --- [nio-8080-exec-5] m.m.a.RequestResponseBodyMethodProcessor : Writing [[com.robms.model.TableEntity@28452778, com.robms.model.TableEntity@2cda0ee1, com.robms.model.TableEn (truncated)...]
2026-05-07T11:12:34.718+05:30 DEBUG 26528 --- [nio-8080-exec-5] o.s.web.servlet.DispatcherServlet        : Completed 200 OK
2026-05-07T11:12:44.679+05:30 DEBUG 26528 --- [io-8080-exec-10] o.s.web.servlet.DispatcherServlet        : GET "/api/tables", parameters={}
2026-05-07T11:12:44.703+05:30 DEBUG 26528 --- [io-8080-exec-10] s.w.s.m.m.a.RequestMappingHandlerMapping : Mapped to com.robms.controller.TableController#getAllTables()
2026-05-07T11:12:44.703+05:30 DEBUG 26528 --- [io-8080-exec-10] org.hibernate.SQL                        : select te1_0.id,te1_0.capacity,te1_0.current_bill_amount,te1_0.name,te1_0.status from restaurant_tables te1_0
Hibernate: select te1_0.id,te1_0.capacity,te1_0.current_bill_amount,te1_0.name,te1_0.status from restaurant_tables te1_0
2026-05-07T11:12:44.703+05:30 DEBUG 26528 --- [io-8080-exec-10] m.m.a.RequestResponseBodyMethodProcessor : Using 'application/json', given [application/json, text/plain, */*] and supported [application/json, application/*+json]
2026-05-07T11:12:44.710+05:30 DEBUG 26528 --- [io-8080-exec-10] m.m.a.RequestResponseBodyMethodProcessor : Writing [[com.robms.model.TableEntity@2bca76f, com.robms.model.TableEntity@7daf5c49, com.robms.model.TableEnt (truncated)...]
2026-05-07T11:12:44.710+05:30 DEBUG 26528 --- [io-8080-exec-10] o.s.web.servlet.DispatcherServlet        : Completed 200 OK
2026-05-07T11:12:54.681+05:30 DEBUG 26528 --- [nio-8080-exec-9] o.s.web.servlet.DispatcherServlet        : GET "/api/tables", parameters={}
2026-05-07T11:12:54.683+05:30 DEBUG 26528 --- [nio-8080-exec-9] s.w.s.m.m.a.RequestMappingHandlerMapping : Mapped to com.robms.controller.TableController#getAllTables()
2026-05-07T11:12:54.684+05:30 DEBUG 26528 --- [nio-8080-exec-9] org.hibernate.SQL                        : select te1_0.id,te1_0.capacity,te1_0.current_bill_amount,te1_0.name,te1_0.status from restaurant_tables te1_0
Hibernate: select te1_0.id,te1_0.capacity,te1_0.current_bill_amount,te1_0.name,te1_0.status from restaurant_tables te1_0
2026-05-07T11:12:54.684+05:30 DEBUG 26528 --- [nio-8080-exec-9] m.m.a.RequestResponseBodyMethodProcessor : Using 'application/json', given [application/json, text/plain, */*] and supported [application/json, application/*+json]
2026-05-07T11:12:54.684+05:30 DEBUG 26528 --- [nio-8080-exec-9] m.m.a.RequestResponseBodyMethodProcessor : Writing [[com.robms.model.TableEntity@61e1ec42, com.robms.model.TableEntity@72acce30, com.robms.model.TableEn (truncated)...]
2026-05-07T11:12:54.684+05:30 DEBUG 26528 --- [nio-8080-exec-9] o.s.web.servlet.DispatcherServlet        : Completed 200 OK
2026-05-07T11:13:04.657+05:30 DEBUG 26528 --- [nio-8080-exec-4] o.s.web.servlet.DispatcherServlet        : GET "/api/tables", parameters={}
2026-05-07T11:13:04.681+05:30 DEBUG 26528 --- [nio-8080-exec-4] s.w.s.m.m.a.RequestMappingHandlerMapping : Mapped to com.robms.controller.TableController#getAllTables()
2026-05-07T11:13:04.684+05:30 DEBUG 26528 --- [nio-8080-exec-4] org.hibernate.SQL                        : select te1_0.id,te1_0.capacity,te1_0.current_bill_amount,te1_0.name,te1_0.status from restaurant_tables te1_0
Hibernate: select te1_0.id,te1_0.capacity,te1_0.current_bill_amount,te1_0.name,te1_0.status from restaurant_tables te1_0
2026-05-07T11:13:04.684+05:30 DEBUG 26528 --- [nio-8080-exec-4] m.m.a.RequestResponseBodyMethodProcessor : Using 'application/json', given [application/json, text/plain, */*] and supported [application/json, application/*+json]
2026-05-07T11:13:04.684+05:30 DEBUG 26528 --- [nio-8080-exec-4] m.m.a.RequestResponseBodyMethodProcessor : Writing [[com.robms.model.TableEntity@49d5eb15, com.robms.model.TableEntity@19eb0942, com.robms.model.TableEn (truncated)...]
2026-05-07T11:13:04.684+05:30 DEBUG 26528 --- [nio-8080-exec-4] o.s.web.servlet.DispatcherServlet        : Completed 200 OK
2026-05-07T11:13:14.673+05:30 DEBUG 26528 --- [nio-8080-exec-2] o.s.web.servlet.DispatcherServlet        : GET "/api/tables", parameters={}
2026-05-07T11:13:14.699+05:30 DEBUG 26528 --- [nio-8080-exec-2] s.w.s.m.m.a.RequestMappingHandlerMapping : Mapped to com.robms.controller.TableController#getAllTables()
2026-05-07T11:13:14.703+05:30 DEBUG 26528 --- [nio-8080-exec-2] org.hibernate.SQL                        : select te1_0.id,te1_0.capacity,te1_0.current_bill_amount,te1_0.name,te1_0.status from restaurant_tables te1_0
Hibernate: select te1_0.id,te1_0.capacity,te1_0.current_bill_amount,te1_0.name,te1_0.status from restaurant_tables te1_0
2026-05-07T11:13:14.704+05:30 DEBUG 26528 --- [nio-8080-exec-2] m.m.a.RequestResponseBodyMethodProcessor : Using 'application/json', given [application/json, text/plain, */*] and supported [application/json, application/*+json]
2026-05-07T11:13:14.705+05:30 DEBUG 26528 --- [nio-8080-exec-2] m.m.a.RequestResponseBodyMethodProcessor : Writing [[com.robms.model.TableEntity@3e7d92e4, com.robms.model.TableEntity@cb69f05, com.robms.model.TableEnt (truncated)...]
2026-05-07T11:13:14.705+05:30 DEBUG 26528 --- [nio-8080-exec-2] o.s.web.servlet.DispatcherServlet        : Completed 200 OK
2026-05-07T11:13:24.670+05:30 DEBUG 26528 --- [nio-8080-exec-6] o.s.web.servlet.DispatcherServlet        : GET "/api/tables", parameters={}
2026-05-07T11:13:24.690+05:30 DEBUG 26528 --- [nio-8080-exec-6] s.w.s.m.m.a.RequestMappingHandlerMapping : Mapped to com.robms.controller.TableController#getAllTables()
2026-05-07T11:13:24.699+05:30 DEBUG 26528 --- [nio-8080-exec-6] org.hibernate.SQL                        : select te1_0.id,te1_0.capacity,te1_0.current_bill_amount,te1_0.name,te1_0.status from restaurant_tables te1_0
Hibernate: select te1_0.id,te1_0.capacity,te1_0.current_bill_amount,te1_0.name,te1_0.status from restaurant_tables te1_0
2026-05-07T11:13:24.702+05:30 DEBUG 26528 --- [nio-8080-exec-6] m.m.a.RequestResponseBodyMethodProcessor : Using 'application/json', given [application/json, text/plain, */*] and supported [application/json, application/*+json]
2026-05-07T11:13:24.703+05:30 DEBUG 26528 --- [nio-8080-exec-6] m.m.a.RequestResponseBodyMethodProcessor : Writing [[com.robms.model.TableEntity@69ea1d37, com.robms.model.TableEntity@2ee6c477, com.robms.model.TableEn (truncated)...]
2026-05-07T11:13:24.704+05:30 DEBUG 26528 --- [nio-8080-exec-6] o.s.web.servlet.DispatcherServlet        : Completed 200 OK
2026-05-07T11:13:34.676+05:30 DEBUG 26528 --- [nio-8080-exec-7] o.s.web.servlet.DispatcherServlet        : GET "/api/tables", parameters={}
2026-05-07T11:13:34.700+05:30 DEBUG 26528 --- [nio-8080-exec-7] s.w.s.m.m.a.RequestMappingHandlerMapping : Mapped to com.robms.controller.TableController#getAllTables()
2026-05-07T11:13:34.702+05:30 DEBUG 26528 --- [nio-8080-exec-7] org.hibernate.SQL                        : select te1_0.id,te1_0.capacity,te1_0.current_bill_amount,te1_0.name,te1_0.status from restaurant_tables te1_0
Hibernate: select te1_0.id,te1_0.capacity,te1_0.current_bill_amount,te1_0.name,te1_0.status from restaurant_tables te1_0
2026-05-07T11:13:34.704+05:30 DEBUG 26528 --- [nio-8080-exec-7] m.m.a.RequestResponseBodyMethodProcessor : Using 'application/json', given [application/json, text/plain, */*] and supported [application/json, application/*+json]
2026-05-07T11:13:34.704+05:30 DEBUG 26528 --- [nio-8080-exec-7] m.m.a.RequestResponseBodyMethodProcessor : Writing [[com.robms.model.TableEntity@1f71ecf9, com.robms.model.TableEntity@7123ff9d, com.robms.model.TableEn (truncated)...]
2026-05-07T11:13:34.705+05:30 DEBUG 26528 --- [nio-8080-exec-7] o.s.web.servlet.DispatcherServlet        : Completed 200 OK
2026-05-07T11:13:44.655+05:30 DEBUG 26528 --- [nio-8080-exec-1] o.s.web.servlet.DispatcherServlet        : GET "/api/tables", parameters={}
2026-05-07T11:13:44.676+05:30 DEBUG 26528 --- [nio-8080-exec-1] s.w.s.m.m.a.RequestMappingHandlerMapping : Mapped to com.robms.controller.TableController#getAllTables()
2026-05-07T11:13:44.676+05:30 DEBUG 26528 --- [nio-8080-exec-1] org.hibernate.SQL                        : select te1_0.id,te1_0.capacity,te1_0.current_bill_amount,te1_0.name,te1_0.status from restaurant_tables te1_0
Hibernate: select te1_0.id,te1_0.capacity,te1_0.current_bill_amount,te1_0.name,te1_0.status from restaurant_tables te1_0
2026-05-07T11:13:44.676+05:30 DEBUG 26528 --- [nio-8080-exec-1] m.m.a.RequestResponseBodyMethodProcessor : Using 'application/json', given [application/json, text/plain, */*] and supported [application/json, application/*+json]
2026-05-07T11:13:44.689+05:30 DEBUG 26528 --- [nio-8080-exec-1] m.m.a.RequestResponseBodyMethodProcessor : Writing [[com.robms.model.TableEntity@508446c9, com.robms.model.TableEntity@5b7f0cdd, com.robms.model.TableEn (truncated)...]
2026-05-07T11:13:44.690+05:30 DEBUG 26528 --- [nio-8080-exec-1] o.s.web.servlet.DispatcherServlet        : Completed 200 OK
2026-05-07T11:13:54.672+05:30 DEBUG 26528 --- [nio-8080-exec-8] o.s.web.servlet.DispatcherServlet        : GET "/api/tables", parameters={}
2026-05-07T11:13:54.699+05:30 DEBUG 26528 --- [nio-8080-exec-8] s.w.s.m.m.a.RequestMappingHandlerMapping : Mapped to com.robms.controller.TableController#getAllTables()
2026-05-07T11:13:54.702+05:30 DEBUG 26528 --- [nio-8080-exec-8] org.hibernate.SQL                        : select te1_0.id,te1_0.capacity,te1_0.current_bill_amount,te1_0.name,te1_0.status from restaurant_tables te1_0
Hibernate: select te1_0.id,te1_0.capacity,te1_0.current_bill_amount,te1_0.name,te1_0.status from restaurant_tables te1_0
2026-05-07T11:13:54.704+05:30 DEBUG 26528 --- [nio-8080-exec-8] m.m.a.RequestResponseBodyMethodProcessor : Using 'application/json', given [application/json, text/plain, */*] and supported [application/json, application/*+json]
2026-05-07T11:13:54.704+05:30 DEBUG 26528 --- [nio-8080-exec-8] m.m.a.RequestResponseBodyMethodProcessor : Writing [[com.robms.model.TableEntity@37e4fb9f, com.robms.model.TableEntity@3eb774ac, com.robms.model.TableEn (truncated)...]
2026-05-07T11:13:54.705+05:30 DEBUG 26528 --- [nio-8080-exec-8] o.s.web.servlet.DispatcherServlet        : Completed 200 OK
2026-05-07T11:14:04.658+05:30 DEBUG 26528 --- [nio-8080-exec-5] o.s.web.servlet.DispatcherServlet        : GET "/api/tables", parameters={}
2026-05-07T11:14:04.680+05:30 DEBUG 26528 --- [nio-8080-exec-5] s.w.s.m.m.a.RequestMappingHandlerMapping : Mapped to com.robms.controller.TableController#getAllTables()
2026-05-07T11:14:04.682+05:30 DEBUG 26528 --- [nio-8080-exec-5] org.hibernate.SQL                        : select te1_0.id,te1_0.capacity,te1_0.current_bill_amount,te1_0.name,te1_0.status from restaurant_tables te1_0
Hibernate: select te1_0.id,te1_0.capacity,te1_0.current_bill_amount,te1_0.name,te1_0.status from restaurant_tables te1_0
2026-05-07T11:14:04.682+05:30 DEBUG 26528 --- [nio-8080-exec-5] m.m.a.RequestResponseBodyMethodProcessor : Using 'application/json', given [application/json, text/plain, */*] and supported [application/json, application/*+json]
2026-05-07T11:14:04.682+05:30 DEBUG 26528 --- [nio-8080-exec-5] m.m.a.RequestResponseBodyMethodProcessor : Writing [[com.robms.model.TableEntity@765cab75, com.robms.model.TableEntity@79f5a487, com.robms.model.TableEn (truncated)...]
2026-05-07T11:14:04.682+05:30 DEBUG 26528 --- [nio-8080-exec-5] o.s.web.servlet.DispatcherServlet        : Completed 200 OK
2026-05-07T11:14:14.668+05:30 DEBUG 26528 --- [io-8080-exec-10] o.s.web.servlet.DispatcherServlet        : GET "/api/tables", parameters={}
2026-05-07T11:14:14.687+05:30 DEBUG 26528 --- [io-8080-exec-10] s.w.s.m.m.a.RequestMappingHandlerMapping : Mapped to com.robms.controller.TableController#getAllTables()
2026-05-07T11:14:14.689+05:30 DEBUG 26528 --- [io-8080-exec-10] org.hibernate.SQL                        : select te1_0.id,te1_0.capacity,te1_0.current_bill_amount,te1_0.name,te1_0.status from restaurant_tables te1_0
Hibernate: select te1_0.id,te1_0.capacity,te1_0.current_bill_amount,te1_0.name,te1_0.status from restaurant_tables te1_0
2026-05-07T11:14:14.694+05:30 DEBUG 26528 --- [io-8080-exec-10] m.m.a.RequestResponseBodyMethodProcessor : Using 'application/json', given [application/json, text/plain, */*] and supported [application/json, application/*+json]
2026-05-07T11:14:14.694+05:30 DEBUG 26528 --- [io-8080-exec-10] m.m.a.RequestResponseBodyMethodProcessor : Writing [[com.robms.model.TableEntity@7c8cf55a, com.robms.model.TableEntity@bc5a6d3, com.robms.model.TableEnt (truncated)...]
2026-05-07T11:14:14.694+05:30 DEBUG 26528 --- [io-8080-exec-10] o.s.web.servlet.DispatcherServlet        : Completed 200 OK
2026-05-07T11:14:24.657+05:30 DEBUG 26528 --- [nio-8080-exec-9] o.s.web.servlet.DispatcherServlet        : GET "/api/tables", parameters={}
2026-05-07T11:14:24.683+05:30 DEBUG 26528 --- [nio-8080-exec-9] s.w.s.m.m.a.RequestMappingHandlerMapping : Mapped to com.robms.controller.TableController#getAllTables()
2026-05-07T11:14:24.698+05:30 DEBUG 26528 --- [nio-8080-exec-9] org.hibernate.SQL                        : select te1_0.id,te1_0.capacity,te1_0.current_bill_amount,te1_0.name,te1_0.status from restaurant_tables te1_0
Hibernate: select te1_0.id,te1_0.capacity,te1_0.current_bill_amount,te1_0.name,te1_0.status from restaurant_tables te1_0
2026-05-07T11:14:24.700+05:30 DEBUG 26528 --- [nio-8080-exec-9] m.m.a.RequestResponseBodyMethodProcessor : Using 'application/json', given [application/json, text/plain, */*] and supported [application/json, application/*+json]
2026-05-07T11:14:24.701+05:30 DEBUG 26528 --- [nio-8080-exec-9] m.m.a.RequestResponseBodyMethodProcessor : Writing [[com.robms.model.TableEntity@61c5608f, com.robms.model.TableEntity@559dc452, com.robms.model.TableEn (truncated)...]
2026-05-07T11:14:24.703+05:30 DEBUG 26528 --- [nio-8080-exec-9] o.s.web.servlet.DispatcherServlet        : Completed 200 OK
2026-05-07T11:14:34.687+05:30 DEBUG 26528 --- [nio-8080-exec-3] o.s.web.servlet.DispatcherServlet        : GET "/api/tables", parameters={}
2026-05-07T11:14:34.687+05:30 DEBUG 26528 --- [nio-8080-exec-3] s.w.s.m.m.a.RequestMappingHandlerMapping : Mapped to com.robms.controller.TableController#getAllTables()
2026-05-07T11:14:34.690+05:30 DEBUG 26528 --- [nio-8080-exec-3] org.hibernate.SQL                        : select te1_0.id,te1_0.capacity,te1_0.current_bill_amount,te1_0.name,te1_0.status from restaurant_tables te1_0
Hibernate: select te1_0.id,te1_0.capacity,te1_0.current_bill_amount,te1_0.name,te1_0.status from restaurant_tables te1_0
2026-05-07T11:14:34.692+05:30 DEBUG 26528 --- [nio-8080-exec-3] m.m.a.RequestResponseBodyMethodProcessor : Using 'application/json', given [application/json, text/plain, */*] and supported [application/json, application/*+json]
2026-05-07T11:14:34.692+05:30 DEBUG 26528 --- [nio-8080-exec-3] m.m.a.RequestResponseBodyMethodProcessor : Writing [[com.robms.model.TableEntity@44ea0993, com.robms.model.TableEntity@6e3bccc0, com.robms.model.TableEn (truncated)...]
2026-05-07T11:14:34.695+05:30 DEBUG 26528 --- [nio-8080-exec-3] o.s.web.servlet.DispatcherServlet        : Completed 200 OK
2026-05-07T11:14:44.658+05:30 DEBUG 26528 --- [nio-8080-exec-4] o.s.web.servlet.DispatcherServlet        : GET "/api/tables", parameters={}
2026-05-07T11:14:44.678+05:30 DEBUG 26528 --- [nio-8080-exec-4] s.w.s.m.m.a.RequestMappingHandlerMapping : Mapped to com.robms.controller.TableController#getAllTables()
2026-05-07T11:14:44.678+05:30 DEBUG 26528 --- [nio-8080-exec-4] org.hibernate.SQL                        : select te1_0.id,te1_0.capacity,te1_0.current_bill_amount,te1_0.name,te1_0.status from restaurant_tables te1_0
Hibernate: select te1_0.id,te1_0.capacity,te1_0.current_bill_amount,te1_0.name,te1_0.status from restaurant_tables te1_0
2026-05-07T11:14:44.682+05:30 DEBUG 26528 --- [nio-8080-exec-4] m.m.a.RequestResponseBodyMethodProcessor : Using 'application/json', given [application/json, text/plain, */*] and supported [application/json, application/*+json]
2026-05-07T11:14:44.682+05:30 DEBUG 26528 --- [nio-8080-exec-4] m.m.a.RequestResponseBodyMethodProcessor : Writing [[com.robms.model.TableEntity@628b7978, com.robms.model.TableEntity@3cc608aa, com.robms.model.TableEn (truncated)...]
2026-05-07T11:14:44.683+05:30 DEBUG 26528 --- [nio-8080-exec-4] o.s.web.servlet.DispatcherServlet        : Completed 200 OK
2026-05-07T11:14:54.668+05:30 DEBUG 26528 --- [nio-8080-exec-2] o.s.web.servlet.DispatcherServlet        : GET "/api/tables", parameters={}
2026-05-07T11:14:54.691+05:30 DEBUG 26528 --- [nio-8080-exec-2] s.w.s.m.m.a.RequestMappingHandlerMapping : Mapped to com.robms.controller.TableController#getAllTables()
2026-05-07T11:14:54.693+05:30 DEBUG 26528 --- [nio-8080-exec-2] org.hibernate.SQL                        : select te1_0.id,te1_0.capacity,te1_0.current_bill_amount,te1_0.name,te1_0.status from restaurant_tables te1_0
Hibernate: select te1_0.id,te1_0.capacity,te1_0.current_bill_amount,te1_0.name,te1_0.status from restaurant_tables te1_0
2026-05-07T11:14:54.693+05:30 DEBUG 26528 --- [nio-8080-exec-2] m.m.a.RequestResponseBodyMethodProcessor : Using 'application/json', given [application/json, text/plain, */*] and supported [application/json, application/*+json]
2026-05-07T11:14:54.693+05:30 DEBUG 26528 --- [nio-8080-exec-2] m.m.a.RequestResponseBodyMethodProcessor : Writing [[com.robms.model.TableEntity@54831a8, com.robms.model.TableEntity@2b4c10c6, com.robms.model.TableEnt (truncated)...]
2026-05-07T11:14:54.693+05:30 DEBUG 26528 --- [nio-8080-exec-2] o.s.web.servlet.DispatcherServlet        : Completed 200 OK
2026-05-07T11:15:04.663+05:30 DEBUG 26528 --- [nio-8080-exec-6] o.s.web.servlet.DispatcherServlet        : GET "/api/tables", parameters={}
2026-05-07T11:15:04.684+05:30 DEBUG 26528 --- [nio-8080-exec-6] s.w.s.m.m.a.RequestMappingHandlerMapping : Mapped to com.robms.controller.TableController#getAllTables()
2026-05-07T11:15:04.684+05:30 DEBUG 26528 --- [nio-8080-exec-6] org.hibernate.SQL                        : select te1_0.id,te1_0.capacity,te1_0.current_bill_amount,te1_0.name,te1_0.status from restaurant_tables te1_0
Hibernate: select te1_0.id,te1_0.capacity,te1_0.current_bill_amount,te1_0.name,te1_0.status from restaurant_tables te1_0
2026-05-07T11:15:04.687+05:30 DEBUG 26528 --- [nio-8080-exec-6] m.m.a.RequestResponseBodyMethodProcessor : Using 'application/json', given [application/json, text/plain, */*] and supported [application/json, application/*+json]
2026-05-07T11:15:04.687+05:30 DEBUG 26528 --- [nio-8080-exec-6] m.m.a.RequestResponseBodyMethodProcessor : Writing [[com.robms.model.TableEntity@6b3a8d00, com.robms.model.TableEntity@3a49d045, com.robms.model.TableEn (truncated)...]
2026-05-07T11:15:04.688+05:30 DEBUG 26528 --- [nio-8080-exec-6] o.s.web.servlet.DispatcherServlet        : Completed 200 OK
2026-05-07T11:15:14.663+05:30 DEBUG 26528 --- [nio-8080-exec-7] o.s.web.servlet.DispatcherServlet        : GET "/api/tables", parameters={}
2026-05-07T11:15:14.683+05:30 DEBUG 26528 --- [nio-8080-exec-7] s.w.s.m.m.a.RequestMappingHandlerMapping : Mapped to com.robms.controller.TableController#getAllTables()
2026-05-07T11:15:14.685+05:30 DEBUG 26528 --- [nio-8080-exec-7] org.hibernate.SQL                        : select te1_0.id,te1_0.capacity,te1_0.current_bill_amount,te1_0.name,te1_0.status from restaurant_tables te1_0
Hibernate: select te1_0.id,te1_0.capacity,te1_0.current_bill_amount,te1_0.name,te1_0.status from restaurant_tables te1_0
2026-05-07T11:15:14.685+05:30 DEBUG 26528 --- [nio-8080-exec-7] m.m.a.RequestResponseBodyMethodProcessor : Using 'application/json', given [application/json, text/plain, */*] and supported [application/json, application/*+json]
2026-05-07T11:15:14.685+05:30 DEBUG 26528 --- [nio-8080-exec-7] m.m.a.RequestResponseBodyMethodProcessor : Writing [[com.robms.model.TableEntity@76078dbe, com.robms.model.TableEntity@75b27bd8, com.robms.model.TableEn (truncated)...]
2026-05-07T11:15:14.685+05:30 DEBUG 26528 --- [nio-8080-exec-7] o.s.web.servlet.DispatcherServlet        : Completed 200 OK
2026-05-07T11:15:24.656+05:30 DEBUG 26528 --- [nio-8080-exec-1] o.s.web.servlet.DispatcherServlet        : GET "/api/tables", parameters={}
2026-05-07T11:15:24.678+05:30 DEBUG 26528 --- [nio-8080-exec-1] s.w.s.m.m.a.RequestMappingHandlerMapping : Mapped to com.robms.controller.TableController#getAllTables()
2026-05-07T11:15:24.678+05:30 DEBUG 26528 --- [nio-8080-exec-1] org.hibernate.SQL                        : select te1_0.id,te1_0.capacity,te1_0.current_bill_amount,te1_0.name,te1_0.status from restaurant_tables te1_0
Hibernate: select te1_0.id,te1_0.capacity,te1_0.current_bill_amount,te1_0.name,te1_0.status from restaurant_tables te1_0
2026-05-07T11:15:24.681+05:30 DEBUG 26528 --- [nio-8080-exec-1] m.m.a.RequestResponseBodyMethodProcessor : Using 'application/json', given [application/json, text/plain, */*] and supported [application/json, application/*+json]
2026-05-07T11:15:24.681+05:30 DEBUG 26528 --- [nio-8080-exec-1] m.m.a.RequestResponseBodyMethodProcessor : Writing [[com.robms.model.TableEntity@4bf42b8, com.robms.model.TableEntity@5fea4073, com.robms.model.TableEnt (truncated)...]
2026-05-07T11:15:24.683+05:30 DEBUG 26528 --- [nio-8080-exec-1] o.s.web.servlet.DispatcherServlet        : Completed 200 OK
2026-05-07T11:15:34.671+05:30 DEBUG 26528 --- [nio-8080-exec-8] o.s.web.servlet.DispatcherServlet        : GET "/api/tables", parameters={}
2026-05-07T11:15:34.674+05:30 DEBUG 26528 --- [nio-8080-exec-8] s.w.s.m.m.a.RequestMappingHandlerMapping : Mapped to com.robms.controller.TableController#getAllTables()
2026-05-07T11:15:34.676+05:30 DEBUG 26528 --- [nio-8080-exec-8] org.hibernate.SQL                        : select te1_0.id,te1_0.capacity,te1_0.current_bill_amount,te1_0.name,te1_0.status from restaurant_tables te1_0
Hibernate: select te1_0.id,te1_0.capacity,te1_0.current_bill_amount,te1_0.name,te1_0.status from restaurant_tables te1_0
2026-05-07T11:15:34.677+05:30 DEBUG 26528 --- [nio-8080-exec-8] m.m.a.RequestResponseBodyMethodProcessor : Using 'application/json', given [application/json, text/plain, */*] and supported [application/json, application/*+json]
2026-05-07T11:15:34.678+05:30 DEBUG 26528 --- [nio-8080-exec-8] m.m.a.RequestResponseBodyMethodProcessor : Writing [[com.robms.model.TableEntity@5ab10bbf, com.robms.model.TableEntity@6c69fdf4, com.robms.model.TableEn (truncated)...]
2026-05-07T11:15:34.679+05:30 DEBUG 26528 --- [nio-8080-exec-8] o.s.web.servlet.DispatcherServlet        : Completed 200 OK
2026-05-07T11:15:44.655+05:30 DEBUG 26528 --- [nio-8080-exec-5] o.s.web.servlet.DispatcherServlet        : GET "/api/tables", parameters={}
2026-05-07T11:15:44.681+05:30 DEBUG 26528 --- [nio-8080-exec-5] s.w.s.m.m.a.RequestMappingHandlerMapping : Mapped to com.robms.controller.TableController#getAllTables()
2026-05-07T11:15:44.681+05:30 DEBUG 26528 --- [nio-8080-exec-5] org.hibernate.SQL                        : select te1_0.id,te1_0.capacity,te1_0.current_bill_amount,te1_0.name,te1_0.status from restaurant_tables te1_0
Hibernate: select te1_0.id,te1_0.capacity,te1_0.current_bill_amount,te1_0.name,te1_0.status from restaurant_tables te1_0
2026-05-07T11:15:44.681+05:30 DEBUG 26528 --- [nio-8080-exec-5] m.m.a.RequestResponseBodyMethodProcessor : Using 'application/json', given [application/json, text/plain, */*] and supported [application/json, application/*+json]
2026-05-07T11:15:44.681+05:30 DEBUG 26528 --- [nio-8080-exec-5] m.m.a.RequestResponseBodyMethodProcessor : Writing [[com.robms.model.TableEntity@757fa320, com.robms.model.TableEntity@324982ca, com.robms.model.TableEn (truncated)...]
2026-05-07T11:15:44.687+05:30 DEBUG 26528 --- [nio-8080-exec-5] o.s.web.servlet.DispatcherServlet        : Completed 200 OK
2026-05-07T11:15:55.492+05:30 DEBUG 26528 --- [io-8080-exec-10] o.s.web.servlet.DispatcherServlet        : GET "/api/tables", parameters={}
2026-05-07T11:15:55.511+05:30 DEBUG 26528 --- [io-8080-exec-10] s.w.s.m.m.a.RequestMappingHandlerMapping : Mapped to com.robms.controller.TableController#getAllTables()
2026-05-07T11:15:55.515+05:30 DEBUG 26528 --- [io-8080-exec-10] org.hibernate.SQL                        : select te1_0.id,te1_0.capacity,te1_0.current_bill_amount,te1_0.name,te1_0.status from restaurant_tables te1_0
Hibernate: select te1_0.id,te1_0.capacity,te1_0.current_bill_amount,te1_0.name,te1_0.status from restaurant_tables te1_0
2026-05-07T11:15:55.516+05:30 DEBUG 26528 --- [io-8080-exec-10] m.m.a.RequestResponseBodyMethodProcessor : Using 'application/json', given [application/json, text/plain, */*] and supported [application/json, application/*+json]
2026-05-07T11:15:55.516+05:30 DEBUG 26528 --- [io-8080-exec-10] m.m.a.RequestResponseBodyMethodProcessor : Writing [[com.robms.model.TableEntity@5b558c27, com.robms.model.TableEntity@5a24ada9, com.robms.model.TableEn (truncated)...]
2026-05-07T11:15:55.518+05:30 DEBUG 26528 --- [io-8080-exec-10] o.s.web.servlet.DispatcherServlet        : Completed 200 OK
2026-05-07T11:16:05.474+05:30 DEBUG 26528 --- [nio-8080-exec-9] o.s.web.servlet.DispatcherServlet        : GET "/api/tables", parameters={}
2026-05-07T11:16:05.493+05:30 DEBUG 26528 --- [nio-8080-exec-9] s.w.s.m.m.a.RequestMappingHandlerMapping : Mapped to com.robms.controller.TableController#getAllTables()
2026-05-07T11:16:05.493+05:30 DEBUG 26528 --- [nio-8080-exec-9] org.hibernate.SQL                        : select te1_0.id,te1_0.capacity,te1_0.current_bill_amount,te1_0.name,te1_0.status from restaurant_tables te1_0
Hibernate: select te1_0.id,te1_0.capacity,te1_0.current_bill_amount,te1_0.name,te1_0.status from restaurant_tables te1_0
2026-05-07T11:16:05.493+05:30 DEBUG 26528 --- [nio-8080-exec-9] m.m.a.RequestResponseBodyMethodProcessor : Using 'application/json', given [application/json, text/plain, */*] and supported [application/json, application/*+json]
2026-05-07T11:16:05.493+05:30 DEBUG 26528 --- [nio-8080-exec-9] m.m.a.RequestResponseBodyMethodProcessor : Writing [[com.robms.model.TableEntity@58bc3892, com.robms.model.TableEntity@22d8fe9e, com.robms.model.TableEn (truncated)...]
2026-05-07T11:16:05.500+05:30 DEBUG 26528 --- [nio-8080-exec-9] o.s.web.servlet.DispatcherServlet        : Completed 200 OK
2026-05-07T11:24:45.836+05:30 DEBUG 26528 --- [nio-8080-exec-4] o.s.web.servlet.DispatcherServlet        : GET "/api/tables", parameters={}
2026-05-07T11:24:45.836+05:30 DEBUG 26528 --- [nio-8080-exec-4] s.w.s.m.m.a.RequestMappingHandlerMapping : Mapped to com.robms.controller.TableController#getAllTables()
2026-05-07T11:24:45.844+05:30 DEBUG 26528 --- [nio-8080-exec-4] org.hibernate.SQL                        : select te1_0.id,te1_0.capacity,te1_0.current_bill_amount,te1_0.name,te1_0.status from restaurant_tables te1_0
Hibernate: select te1_0.id,te1_0.capacity,te1_0.current_bill_amount,te1_0.name,te1_0.status from restaurant_tables te1_0
2026-05-07T11:24:45.844+05:30 DEBUG 26528 --- [nio-8080-exec-4] m.m.a.RequestResponseBodyMethodProcessor : Using 'application/json', given [application/json, text/plain, */*] and supported [application/json, application/*+json]
2026-05-07T11:24:45.844+05:30 DEBUG 26528 --- [nio-8080-exec-4] m.m.a.RequestResponseBodyMethodProcessor : Writing [[com.robms.model.TableEntity@6871c7d, com.robms.model.TableEntity@dcc5b86, com.robms.model.TableEnti (truncated)...]
2026-05-07T11:24:45.851+05:30 DEBUG 26528 --- [nio-8080-exec-4] o.s.web.servlet.DispatcherServlet        : Completed 200 OK
2026-05-07T11:24:55.551+05:30 DEBUG 26528 --- [nio-8080-exec-2] o.s.web.servlet.DispatcherServlet        : GET "/api/tables", parameters={}
2026-05-07T11:24:55.551+05:30 DEBUG 26528 --- [nio-8080-exec-2] s.w.s.m.m.a.RequestMappingHandlerMapping : Mapped to com.robms.controller.TableController#getAllTables()
2026-05-07T11:24:55.551+05:30 DEBUG 26528 --- [nio-8080-exec-2] org.hibernate.SQL                        : select te1_0.id,te1_0.capacity,te1_0.current_bill_amount,te1_0.name,te1_0.status from restaurant_tables te1_0
Hibernate: select te1_0.id,te1_0.capacity,te1_0.current_bill_amount,te1_0.name,te1_0.status from restaurant_tables te1_0
2026-05-07T11:24:55.555+05:30 DEBUG 26528 --- [nio-8080-exec-2] m.m.a.RequestResponseBodyMethodProcessor : Using 'application/json', given [application/json, text/plain, */*] and supported [application/json, application/*+json]
2026-05-07T11:24:55.555+05:30 DEBUG 26528 --- [nio-8080-exec-2] m.m.a.RequestResponseBodyMethodProcessor : Writing [[com.robms.model.TableEntity@5dd7933f, com.robms.model.TableEntity@5f2352f7, com.robms.model.TableEn (truncated)...]
2026-05-07T11:24:55.556+05:30 DEBUG 26528 --- [nio-8080-exec-2] o.s.web.servlet.DispatcherServlet        : Completed 200 OK
2026-05-07T11:24:56.075+05:30  WARN 26528 --- [l-1 housekeeper] com.zaxxer.hikari.pool.HikariPool        : HikariPool-1 - Thread starvation or clock leap detected (housekeeper delta=9m8s576ms457µs700ns).
2026-05-07T11:25:05.509+05:30 DEBUG 26528 --- [nio-8080-exec-6] o.s.web.servlet.DispatcherServlet        : GET "/api/tables", parameters={}
2026-05-07T11:25:05.531+05:30 DEBUG 26528 --- [nio-8080-exec-6] s.w.s.m.m.a.RequestMappingHandlerMapping : Mapped to com.robms.controller.TableController#getAllTables()
2026-05-07T11:25:05.531+05:30 DEBUG 26528 --- [nio-8080-exec-6] org.hibernate.SQL                        : select te1_0.id,te1_0.capacity,te1_0.current_bill_amount,te1_0.name,te1_0.status from restaurant_tables te1_0
Hibernate: select te1_0.id,te1_0.capacity,te1_0.current_bill_amount,te1_0.name,te1_0.status from restaurant_tables te1_0
2026-05-07T11:25:05.531+05:30 DEBUG 26528 --- [nio-8080-exec-6] m.m.a.RequestResponseBodyMethodProcessor : Using 'application/json', given [application/json, text/plain, */*] and supported [application/json, application/*+json]
2026-05-07T11:25:05.531+05:30 DEBUG 26528 --- [nio-8080-exec-6] m.m.a.RequestResponseBodyMethodProcessor : Writing [[com.robms.model.TableEntity@4520e7aa, com.robms.model.TableEntity@10728adf, com.robms.model.TableEn (truncated)...]
2026-05-07T11:25:05.531+05:30 DEBUG 26528 --- [nio-8080-exec-6] o.s.web.servlet.DispatcherServlet        : Completed 200 OK
2026-05-07T11:25:15.460+05:30 DEBUG 26528 --- [nio-8080-exec-7] o.s.web.servlet.DispatcherServlet        : GET "/api/tables", parameters={}
2026-05-07T11:25:15.480+05:30 DEBUG 26528 --- [nio-8080-exec-7] s.w.s.m.m.a.RequestMappingHandlerMapping : Mapped to com.robms.controller.TableController#getAllTables()
2026-05-07T11:25:15.483+05:30 DEBUG 26528 --- [nio-8080-exec-7] org.hibernate.SQL                        : select te1_0.id,te1_0.capacity,te1_0.current_bill_amount,te1_0.name,te1_0.status from restaurant_tables te1_0
Hibernate: select te1_0.id,te1_0.capacity,te1_0.current_bill_amount,te1_0.name,te1_0.status from restaurant_tables te1_0
2026-05-07T11:25:15.485+05:30 DEBUG 26528 --- [nio-8080-exec-7] m.m.a.RequestResponseBodyMethodProcessor : Using 'application/json', given [application/json, text/plain, */*] and supported [application/json, application/*+json]
2026-05-07T11:25:15.485+05:30 DEBUG 26528 --- [nio-8080-exec-7] m.m.a.RequestResponseBodyMethodProcessor : Writing [[com.robms.model.TableEntity@45c06002, com.robms.model.TableEntity@273076d5, com.robms.model.TableEn (truncated)...]
2026-05-07T11:25:15.486+05:30 DEBUG 26528 --- [nio-8080-exec-7] o.s.web.servlet.DispatcherServlet        : Completed 200 OK
2026-05-07T11:25:25.467+05:30 DEBUG 26528 --- [nio-8080-exec-1] o.s.web.servlet.DispatcherServlet        : GET "/api/tables", parameters={}
2026-05-07T11:25:25.486+05:30 DEBUG 26528 --- [nio-8080-exec-1] s.w.s.m.m.a.RequestMappingHandlerMapping : Mapped to com.robms.controller.TableController#getAllTables()
2026-05-07T11:25:25.488+05:30 DEBUG 26528 --- [nio-8080-exec-1] org.hibernate.SQL                        : select te1_0.id,te1_0.capacity,te1_0.current_bill_amount,te1_0.name,te1_0.status from restaurant_tables te1_0
Hibernate: select te1_0.id,te1_0.capacity,te1_0.current_bill_amount,te1_0.name,te1_0.status from restaurant_tables te1_0
2026-05-07T11:25:25.491+05:30 DEBUG 26528 --- [nio-8080-exec-1] m.m.a.RequestResponseBodyMethodProcessor : Using 'application/json', given [application/json, text/plain, */*] and supported [application/json, application/*+json]
2026-05-07T11:25:25.491+05:30 DEBUG 26528 --- [nio-8080-exec-1] m.m.a.RequestResponseBodyMethodProcessor : Writing [[com.robms.model.TableEntity@625bf4dd, com.robms.model.TableEntity@42e7e931, com.robms.model.TableEn (truncated)...]
2026-05-07T11:25:25.493+05:30 DEBUG 26528 --- [nio-8080-exec-1] o.s.web.servlet.DispatcherServlet        : Completed 200 OK
2026-05-07T11:25:35.465+05:30 DEBUG 26528 --- [nio-8080-exec-8] o.s.web.servlet.DispatcherServlet        : GET "/api/tables", parameters={}
2026-05-07T11:25:35.484+05:30 DEBUG 26528 --- [nio-8080-exec-8] s.w.s.m.m.a.RequestMappingHandlerMapping : Mapped to com.robms.controller.TableController#getAllTables()
2026-05-07T11:25:35.485+05:30 DEBUG 26528 --- [nio-8080-exec-8] org.hibernate.SQL                        : select te1_0.id,te1_0.capacity,te1_0.current_bill_amount,te1_0.name,te1_0.status from restaurant_tables te1_0
Hibernate: select te1_0.id,te1_0.capacity,te1_0.current_bill_amount,te1_0.name,te1_0.status from restaurant_tables te1_0
2026-05-07T11:25:35.485+05:30 DEBUG 26528 --- [nio-8080-exec-8] m.m.a.RequestResponseBodyMethodProcessor : Using 'application/json', given [application/json, text/plain, */*] and supported [application/json, application/*+json]
2026-05-07T11:25:35.485+05:30 DEBUG 26528 --- [nio-8080-exec-8] m.m.a.RequestResponseBodyMethodProcessor : Writing [[com.robms.model.TableEntity@1ee270a2, com.robms.model.TableEntity@4e8f4a54, com.robms.model.TableEn (truncated)...]
2026-05-07T11:25:35.485+05:30 DEBUG 26528 --- [nio-8080-exec-8] o.s.web.servlet.DispatcherServlet        : Completed 200 OK
2026-05-07T11:25:45.469+05:30 DEBUG 26528 --- [nio-8080-exec-5] o.s.web.servlet.DispatcherServlet        : GET "/api/tables", parameters={}
2026-05-07T11:25:45.489+05:30 DEBUG 26528 --- [nio-8080-exec-5] s.w.s.m.m.a.RequestMappingHandlerMapping : Mapped to com.robms.controller.TableController#getAllTables()
2026-05-07T11:25:45.489+05:30 DEBUG 26528 --- [nio-8080-exec-5] org.hibernate.SQL                        : select te1_0.id,te1_0.capacity,te1_0.current_bill_amount,te1_0.name,te1_0.status from restaurant_tables te1_0
Hibernate: select te1_0.id,te1_0.capacity,te1_0.current_bill_amount,te1_0.name,te1_0.status from restaurant_tables te1_0
2026-05-07T11:25:45.491+05:30 DEBUG 26528 --- [nio-8080-exec-5] m.m.a.RequestResponseBodyMethodProcessor : Using 'application/json', given [application/json, text/plain, */*] and supported [application/json, application/*+json]
2026-05-07T11:25:45.491+05:30 DEBUG 26528 --- [nio-8080-exec-5] m.m.a.RequestResponseBodyMethodProcessor : Writing [[com.robms.model.TableEntity@71c837cc, com.robms.model.TableEntity@29805cf7, com.robms.model.TableEn (truncated)...]
2026-05-07T11:25:45.491+05:30 DEBUG 26528 --- [nio-8080-exec-5] o.s.web.servlet.DispatcherServlet        : Completed 200 OK
2026-05-07T11:26:02.468+05:30 DEBUG 26528 --- [io-8080-exec-10] o.s.web.servlet.DispatcherServlet        : GET "/api/tables", parameters={}
2026-05-07T11:26:02.490+05:30 DEBUG 26528 --- [io-8080-exec-10] s.w.s.m.m.a.RequestMappingHandlerMapping : Mapped to com.robms.controller.TableController#getAllTables()
2026-05-07T11:26:02.490+05:30 DEBUG 26528 --- [io-8080-exec-10] org.hibernate.SQL                        : select te1_0.id,te1_0.capacity,te1_0.current_bill_amount,te1_0.name,te1_0.status from restaurant_tables te1_0
Hibernate: select te1_0.id,te1_0.capacity,te1_0.current_bill_amount,te1_0.name,te1_0.status from restaurant_tables te1_0
2026-05-07T11:26:02.490+05:30 DEBUG 26528 --- [io-8080-exec-10] m.m.a.RequestResponseBodyMethodProcessor : Using 'application/json', given [application/json, text/plain, */*] and supported [application/json, application/*+json]
2026-05-07T11:26:02.490+05:30 DEBUG 26528 --- [io-8080-exec-10] m.m.a.RequestResponseBodyMethodProcessor : Writing [[com.robms.model.TableEntity@72a4c69d, com.robms.model.TableEntity@2e2a6f02, com.robms.model.TableEn (truncated)...]
2026-05-07T11:26:02.490+05:30 DEBUG 26528 --- [io-8080-exec-10] o.s.web.servlet.DispatcherServlet        : Completed 200 OK
2026-05-07T11:27:02.454+05:30 DEBUG 26528 --- [nio-8080-exec-9] o.s.web.servlet.DispatcherServlet        : GET "/api/tables", parameters={}
2026-05-07T11:27:02.475+05:30 DEBUG 26528 --- [nio-8080-exec-9] s.w.s.m.m.a.RequestMappingHandlerMapping : Mapped to com.robms.controller.TableController#getAllTables()
2026-05-07T11:27:02.476+05:30 DEBUG 26528 --- [nio-8080-exec-9] org.hibernate.SQL                        : select te1_0.id,te1_0.capacity,te1_0.current_bill_amount,te1_0.name,te1_0.status from restaurant_tables te1_0
Hibernate: select te1_0.id,te1_0.capacity,te1_0.current_bill_amount,te1_0.name,te1_0.status from restaurant_tables te1_0
2026-05-07T11:27:02.476+05:30 DEBUG 26528 --- [nio-8080-exec-9] m.m.a.RequestResponseBodyMethodProcessor : Using 'application/json', given [application/json, text/plain, */*] and supported [application/json, application/*+json]
2026-05-07T11:27:02.476+05:30 DEBUG 26528 --- [nio-8080-exec-9] m.m.a.RequestResponseBodyMethodProcessor : Writing [[com.robms.model.TableEntity@38f354ba, com.robms.model.TableEntity@798472ac, com.robms.model.TableEn (truncated)...]
2026-05-07T11:27:02.476+05:30 DEBUG 26528 --- [nio-8080-exec-9] o.s.web.servlet.DispatcherServlet        : Completed 200 OK
2026-05-07T11:28:02.467+05:30 DEBUG 26528 --- [nio-8080-exec-3] o.s.web.servlet.DispatcherServlet        : GET "/api/tables", parameters={}
2026-05-07T11:28:02.490+05:30 DEBUG 26528 --- [nio-8080-exec-3] s.w.s.m.m.a.RequestMappingHandlerMapping : Mapped to com.robms.controller.TableController#getAllTables()
2026-05-07T11:28:02.490+05:30 DEBUG 26528 --- [nio-8080-exec-3] org.hibernate.SQL                        : select te1_0.id,te1_0.capacity,te1_0.current_bill_amount,te1_0.name,te1_0.status from restaurant_tables te1_0
Hibernate: select te1_0.id,te1_0.capacity,te1_0.current_bill_amount,te1_0.name,te1_0.status from restaurant_tables te1_0
2026-05-07T11:28:02.495+05:30 DEBUG 26528 --- [nio-8080-exec-3] m.m.a.RequestResponseBodyMethodProcessor : Using 'application/json', given [application/json, text/plain, */*] and supported [application/json, application/*+json]
2026-05-07T11:28:02.495+05:30 DEBUG 26528 --- [nio-8080-exec-3] m.m.a.RequestResponseBodyMethodProcessor : Writing [[com.robms.model.TableEntity@5258855b, com.robms.model.TableEntity@38fd9535, com.robms.model.TableEn (truncated)...]
2026-05-07T11:28:02.495+05:30 DEBUG 26528 --- [nio-8080-exec-3] o.s.web.servlet.DispatcherServlet        : Completed 200 OK
2026-05-07T11:29:02.454+05:30 DEBUG 26528 --- [nio-8080-exec-4] o.s.web.servlet.DispatcherServlet        : GET "/api/tables", parameters={}
2026-05-07T11:29:02.475+05:30 DEBUG 26528 --- [nio-8080-exec-4] s.w.s.m.m.a.RequestMappingHandlerMapping : Mapped to com.robms.controller.TableController#getAllTables()
2026-05-07T11:29:02.475+05:30 DEBUG 26528 --- [nio-8080-exec-4] org.hibernate.SQL                        : select te1_0.id,te1_0.capacity,te1_0.current_bill_amount,te1_0.name,te1_0.status from restaurant_tables te1_0
Hibernate: select te1_0.id,te1_0.capacity,te1_0.current_bill_amount,te1_0.name,te1_0.status from restaurant_tables te1_0
2026-05-07T11:29:02.475+05:30 DEBUG 26528 --- [nio-8080-exec-4] m.m.a.RequestResponseBodyMethodProcessor : Using 'application/json', given [application/json, text/plain, */*] and supported [application/json, application/*+json]
2026-05-07T11:29:02.483+05:30 DEBUG 26528 --- [nio-8080-exec-4] m.m.a.RequestResponseBodyMethodProcessor : Writing [[com.robms.model.TableEntity@30608929, com.robms.model.TableEntity@1a3a199d, com.robms.model.TableEn (truncated)...]
2026-05-07T11:29:02.483+05:30 DEBUG 26528 --- [nio-8080-exec-4] o.s.web.servlet.DispatcherServlet        : Completed 200 OK
2026-05-07T11:30:02.458+05:30 DEBUG 26528 --- [nio-8080-exec-2] o.s.web.servlet.DispatcherServlet        : GET "/api/tables", parameters={}
2026-05-07T11:30:02.479+05:30 DEBUG 26528 --- [nio-8080-exec-2] s.w.s.m.m.a.RequestMappingHandlerMapping : Mapped to com.robms.controller.TableController#getAllTables()
2026-05-07T11:30:02.480+05:30 DEBUG 26528 --- [nio-8080-exec-2] org.hibernate.SQL                        : select te1_0.id,te1_0.capacity,te1_0.current_bill_amount,te1_0.name,te1_0.status from restaurant_tables te1_0
Hibernate: select te1_0.id,te1_0.capacity,te1_0.current_bill_amount,te1_0.name,te1_0.status from restaurant_tables te1_0
2026-05-07T11:30:02.485+05:30 DEBUG 26528 --- [nio-8080-exec-2] m.m.a.RequestResponseBodyMethodProcessor : Using 'application/json', given [application/json, text/plain, */*] and supported [application/json, application/*+json]
2026-05-07T11:30:02.485+05:30 DEBUG 26528 --- [nio-8080-exec-2] m.m.a.RequestResponseBodyMethodProcessor : Writing [[com.robms.model.TableEntity@33c4da4a, com.robms.model.TableEntity@63901f4c, com.robms.model.TableEn (truncated)...]
2026-05-07T11:30:02.485+05:30 DEBUG 26528 --- [nio-8080-exec-2] o.s.web.servlet.DispatcherServlet        : Completed 200 OK
2026-05-07T11:31:02.470+05:30 DEBUG 26528 --- [nio-8080-exec-6] o.s.web.servlet.DispatcherServlet        : GET "/api/tables", parameters={}
2026-05-07T11:31:02.489+05:30 DEBUG 26528 --- [nio-8080-exec-6] s.w.s.m.m.a.RequestMappingHandlerMapping : Mapped to com.robms.controller.TableController#getAllTables()
2026-05-07T11:31:02.490+05:30 DEBUG 26528 --- [nio-8080-exec-6] org.hibernate.SQL                        : select te1_0.id,te1_0.capacity,te1_0.current_bill_amount,te1_0.name,te1_0.status from restaurant_tables te1_0
Hibernate: select te1_0.id,te1_0.capacity,te1_0.current_bill_amount,te1_0.name,te1_0.status from restaurant_tables te1_0
2026-05-07T11:31:02.490+05:30 DEBUG 26528 --- [nio-8080-exec-6] m.m.a.RequestResponseBodyMethodProcessor : Using 'application/json', given [application/json, text/plain, */*] and supported [application/json, application/*+json]
2026-05-07T11:31:02.490+05:30 DEBUG 26528 --- [nio-8080-exec-6] m.m.a.RequestResponseBodyMethodProcessor : Writing [[com.robms.model.TableEntity@48214c18, com.robms.model.TableEntity@526efb21, com.robms.model.TableEn (truncated)...]
2026-05-07T11:31:02.490+05:30 DEBUG 26528 --- [nio-8080-exec-6] o.s.web.servlet.DispatcherServlet        : Completed 200 OK
2026-05-07T11:32:02.455+05:30 DEBUG 26528 --- [nio-8080-exec-7] o.s.web.servlet.DispatcherServlet        : GET "/api/tables", parameters={}
2026-05-07T11:32:02.476+05:30 DEBUG 26528 --- [nio-8080-exec-7] s.w.s.m.m.a.RequestMappingHandlerMapping : Mapped to com.robms.controller.TableController#getAllTables()
2026-05-07T11:32:02.476+05:30 DEBUG 26528 --- [nio-8080-exec-7] org.hibernate.SQL                        : select te1_0.id,te1_0.capacity,te1_0.current_bill_amount,te1_0.name,te1_0.status from restaurant_tables te1_0
Hibernate: select te1_0.id,te1_0.capacity,te1_0.current_bill_amount,te1_0.name,te1_0.status from restaurant_tables te1_0
2026-05-07T11:32:02.479+05:30 DEBUG 26528 --- [nio-8080-exec-7] m.m.a.RequestResponseBodyMethodProcessor : Using 'application/json', given [application/json, text/plain, */*] and supported [application/json, application/*+json]
2026-05-07T11:32:02.479+05:30 DEBUG 26528 --- [nio-8080-exec-7] m.m.a.RequestResponseBodyMethodProcessor : Writing [[com.robms.model.TableEntity@1fed5024, com.robms.model.TableEntity@626363f1, com.robms.model.TableEn (truncated)...]
2026-05-07T11:32:02.480+05:30 DEBUG 26528 --- [nio-8080-exec-7] o.s.web.servlet.DispatcherServlet        : Completed 200 OK
2026-05-07T11:33:02.449+05:30 DEBUG 26528 --- [nio-8080-exec-1] o.s.web.servlet.DispatcherServlet        : GET "/api/tables", parameters={}
2026-05-07T11:33:02.480+05:30 DEBUG 26528 --- [nio-8080-exec-1] s.w.s.m.m.a.RequestMappingHandlerMapping : Mapped to com.robms.controller.TableController#getAllTables()
2026-05-07T11:33:02.480+05:30 DEBUG 26528 --- [nio-8080-exec-1] org.hibernate.SQL                        : select te1_0.id,te1_0.capacity,te1_0.current_bill_amount,te1_0.name,te1_0.status from restaurant_tables te1_0
Hibernate: select te1_0.id,te1_0.capacity,te1_0.current_bill_amount,te1_0.name,te1_0.status from restaurant_tables te1_0
2026-05-07T11:33:02.480+05:30 DEBUG 26528 --- [nio-8080-exec-1] m.m.a.RequestResponseBodyMethodProcessor : Using 'application/json', given [application/json, text/plain, */*] and supported [application/json, application/*+json]
2026-05-07T11:33:02.480+05:30 DEBUG 26528 --- [nio-8080-exec-1] m.m.a.RequestResponseBodyMethodProcessor : Writing [[com.robms.model.TableEntity@612b1c11, com.robms.model.TableEntity@1c21ec24, com.robms.model.TableEn (truncated)...]
2026-05-07T11:33:02.480+05:30 DEBUG 26528 --- [nio-8080-exec-1] o.s.web.servlet.DispatcherServlet        : Completed 200 OK
2026-05-07T11:34:02.460+05:30 DEBUG 26528 --- [nio-8080-exec-8] o.s.web.servlet.DispatcherServlet        : GET "/api/tables", parameters={}
2026-05-07T11:34:02.465+05:30 DEBUG 26528 --- [nio-8080-exec-8] s.w.s.m.m.a.RequestMappingHandlerMapping : Mapped to com.robms.controller.TableController#getAllTables()
2026-05-07T11:34:02.467+05:30 DEBUG 26528 --- [nio-8080-exec-8] org.hibernate.SQL                        : select te1_0.id,te1_0.capacity,te1_0.current_bill_amount,te1_0.name,te1_0.status from restaurant_tables te1_0
Hibernate: select te1_0.id,te1_0.capacity,te1_0.current_bill_amount,te1_0.name,te1_0.status from restaurant_tables te1_0
2026-05-07T11:34:02.468+05:30 DEBUG 26528 --- [nio-8080-exec-8] m.m.a.RequestResponseBodyMethodProcessor : Using 'application/json', given [application/json, text/plain, */*] and supported [application/json, application/*+json]
2026-05-07T11:34:02.468+05:30 DEBUG 26528 --- [nio-8080-exec-8] m.m.a.RequestResponseBodyMethodProcessor : Writing [[com.robms.model.TableEntity@67c4459c, com.robms.model.TableEntity@2ad9b066, com.robms.model.TableEn (truncated)...]
2026-05-07T11:34:02.469+05:30 DEBUG 26528 --- [nio-8080-exec-8] o.s.web.servlet.DispatcherServlet        : Completed 200 OK
2026-05-07T11:35:02.469+05:30 DEBUG 26528 --- [nio-8080-exec-5] o.s.web.servlet.DispatcherServlet        : GET "/api/tables", parameters={}
2026-05-07T11:35:02.474+05:30 DEBUG 26528 --- [nio-8080-exec-5] s.w.s.m.m.a.RequestMappingHandlerMapping : Mapped to com.robms.controller.TableController#getAllTables()
2026-05-07T11:35:02.474+05:30 DEBUG 26528 --- [nio-8080-exec-5] org.hibernate.SQL                        : select te1_0.id,te1_0.capacity,te1_0.current_bill_amount,te1_0.name,te1_0.status from restaurant_tables te1_0
Hibernate: select te1_0.id,te1_0.capacity,te1_0.current_bill_amount,te1_0.name,te1_0.status from restaurant_tables te1_0
2026-05-07T11:35:02.474+05:30 DEBUG 26528 --- [nio-8080-exec-5] m.m.a.RequestResponseBodyMethodProcessor : Using 'application/json', given [application/json, text/plain, */*] and supported [application/json, application/*+json]
2026-05-07T11:35:02.474+05:30 DEBUG 26528 --- [nio-8080-exec-5] m.m.a.RequestResponseBodyMethodProcessor : Writing [[com.robms.model.TableEntity@7d3d79f0, com.robms.model.TableEntity@8dd505c, com.robms.model.TableEnt (truncated)...]
2026-05-07T11:35:02.474+05:30 DEBUG 26528 --- [nio-8080-exec-5] o.s.web.servlet.DispatcherServlet        : Completed 200 OK
2026-05-07T11:36:02.469+05:30 DEBUG 26528 --- [io-8080-exec-10] o.s.web.servlet.DispatcherServlet        : GET "/api/tables", parameters={}
2026-05-07T11:36:02.475+05:30 DEBUG 26528 --- [io-8080-exec-10] s.w.s.m.m.a.RequestMappingHandlerMapping : Mapped to com.robms.controller.TableController#getAllTables()
2026-05-07T11:36:02.475+05:30 DEBUG 26528 --- [io-8080-exec-10] org.hibernate.SQL                        : select te1_0.id,te1_0.capacity,te1_0.current_bill_amount,te1_0.name,te1_0.status from restaurant_tables te1_0
Hibernate: select te1_0.id,te1_0.capacity,te1_0.current_bill_amount,te1_0.name,te1_0.status from restaurant_tables te1_0
2026-05-07T11:36:02.475+05:30 DEBUG 26528 --- [io-8080-exec-10] m.m.a.RequestResponseBodyMethodProcessor : Using 'application/json', given [application/json, text/plain, */*] and supported [application/json, application/*+json]
2026-05-07T11:36:02.475+05:30 DEBUG 26528 --- [io-8080-exec-10] m.m.a.RequestResponseBodyMethodProcessor : Writing [[com.robms.model.TableEntity@1e91d85d, com.robms.model.TableEntity@18dc3550, com.robms.model.TableEn (truncated)...]
2026-05-07T11:36:02.475+05:30 DEBUG 26528 --- [io-8080-exec-10] o.s.web.servlet.DispatcherServlet        : Completed 200 OK
2026-05-07T11:37:02.456+05:30 DEBUG 26528 --- [nio-8080-exec-9] o.s.web.servlet.DispatcherServlet        : GET "/api/tables", parameters={}
2026-05-07T11:37:02.456+05:30 DEBUG 26528 --- [nio-8080-exec-9] s.w.s.m.m.a.RequestMappingHandlerMapping : Mapped to com.robms.controller.TableController#getAllTables()
2026-05-07T11:37:02.456+05:30 DEBUG 26528 --- [nio-8080-exec-9] org.hibernate.SQL                        : select te1_0.id,te1_0.capacity,te1_0.current_bill_amount,te1_0.name,te1_0.status from restaurant_tables te1_0
Hibernate: select te1_0.id,te1_0.capacity,te1_0.current_bill_amount,te1_0.name,te1_0.status from restaurant_tables te1_0
2026-05-07T11:37:02.456+05:30 DEBUG 26528 --- [nio-8080-exec-9] m.m.a.RequestResponseBodyMethodProcessor : Using 'application/json', given [application/json, text/plain, */*] and supported [application/json, application/*+json]
2026-05-07T11:37:02.456+05:30 DEBUG 26528 --- [nio-8080-exec-9] m.m.a.RequestResponseBodyMethodProcessor : Writing [[com.robms.model.TableEntity@1215b7c5, com.robms.model.TableEntity@5a351063, com.robms.model.TableEn (truncated)...]
2026-05-07T11:37:02.456+05:30 DEBUG 26528 --- [nio-8080-exec-9] o.s.web.servlet.DispatcherServlet        : Completed 200 OK
2026-05-07T11:38:02.467+05:30 DEBUG 26528 --- [nio-8080-exec-3] o.s.web.servlet.DispatcherServlet        : GET "/api/tables", parameters={}
2026-05-07T11:38:02.471+05:30 DEBUG 26528 --- [nio-8080-exec-3] s.w.s.m.m.a.RequestMappingHandlerMapping : Mapped to com.robms.controller.TableController#getAllTables()
2026-05-07T11:38:02.471+05:30 DEBUG 26528 --- [nio-8080-exec-3] org.hibernate.SQL                        : select te1_0.id,te1_0.capacity,te1_0.current_bill_amount,te1_0.name,te1_0.status from restaurant_tables te1_0
Hibernate: select te1_0.id,te1_0.capacity,te1_0.current_bill_amount,te1_0.name,te1_0.status from restaurant_tables te1_0
2026-05-07T11:38:02.471+05:30 DEBUG 26528 --- [nio-8080-exec-3] m.m.a.RequestResponseBodyMethodProcessor : Using 'application/json', given [application/json, text/plain, */*] and supported [application/json, application/*+json]
2026-05-07T11:38:02.471+05:30 DEBUG 26528 --- [nio-8080-exec-3] m.m.a.RequestResponseBodyMethodProcessor : Writing [[com.robms.model.TableEntity@3881e8e6, com.robms.model.TableEntity@712bcee1, com.robms.model.TableEn (truncated)...]
2026-05-07T11:38:02.476+05:30 DEBUG 26528 --- [nio-8080-exec-3] o.s.web.servlet.DispatcherServlet        : Completed 200 OK
2026-05-07T11:38:40.170+05:30  INFO 26528 --- [MessageBroker-7] o.s.w.s.c.WebSocketMessageBrokerStats    : WebSocketSession[0 current WS(0)-HttpStream(0)-HttpPoll(0), 20 total, 0 closed abnormally (0 connect failure, 0 send limit, 3 transport error)], stompSubProtocol[processed CONNECT(10)-CONNECTED(10)-DISCONNECT(1)], stompBrokerRelay[null], inboundChannel[pool size = 0, active threads = 0, queued tasks = 0, completed tasks = 123], outboundChannel[pool size = 0, active threads = 0, queued tasks = 0, completed tasks = 39], sockJsScheduler[pool size = 12, active threads = 1, queued tasks = 1, completed tasks = 10054]
2026-05-07T11:39:02.461+05:30 DEBUG 26528 --- [nio-8080-exec-2] o.s.web.servlet.DispatcherServlet        : GET "/api/tables", parameters={}
2026-05-07T11:39:02.461+05:30 DEBUG 26528 --- [nio-8080-exec-2] s.w.s.m.m.a.RequestMappingHandlerMapping : Mapped to com.robms.controller.TableController#getAllTables()
2026-05-07T11:39:02.467+05:30 DEBUG 26528 --- [nio-8080-exec-2] org.hibernate.SQL                        : select te1_0.id,te1_0.capacity,te1_0.current_bill_amount,te1_0.name,te1_0.status from restaurant_tables te1_0
Hibernate: select te1_0.id,te1_0.capacity,te1_0.current_bill_amount,te1_0.name,te1_0.status from restaurant_tables te1_0
2026-05-07T11:39:02.469+05:30 DEBUG 26528 --- [nio-8080-exec-2] m.m.a.RequestResponseBodyMethodProcessor : Using 'application/json', given [application/json, text/plain, */*] and supported [application/json, application/*+json]
2026-05-07T11:39:02.469+05:30 DEBUG 26528 --- [nio-8080-exec-2] m.m.a.RequestResponseBodyMethodProcessor : Writing [[com.robms.model.TableEntity@309220d2, com.robms.model.TableEntity@7c0b2f12, com.robms.model.TableEn (truncated)...]
2026-05-07T11:39:02.471+05:30 DEBUG 26528 --- [nio-8080-exec-2] o.s.web.servlet.DispatcherServlet        : Completed 200 OK
2026-05-07T11:40:02.457+05:30 DEBUG 26528 --- [nio-8080-exec-6] o.s.web.servlet.DispatcherServlet        : GET "/api/tables", parameters={}
2026-05-07T11:40:02.468+05:30 DEBUG 26528 --- [nio-8080-exec-6] s.w.s.m.m.a.RequestMappingHandlerMapping : Mapped to com.robms.controller.TableController#getAllTables()
2026-05-07T11:40:02.468+05:30 DEBUG 26528 --- [nio-8080-exec-6] org.hibernate.SQL                        : select te1_0.id,te1_0.capacity,te1_0.current_bill_amount,te1_0.name,te1_0.status from restaurant_tables te1_0
Hibernate: select te1_0.id,te1_0.capacity,te1_0.current_bill_amount,te1_0.name,te1_0.status from restaurant_tables te1_0
2026-05-07T11:40:02.468+05:30 DEBUG 26528 --- [nio-8080-exec-6] m.m.a.RequestResponseBodyMethodProcessor : Using 'application/json', given [application/json, text/plain, */*] and supported [application/json, application/*+json]
2026-05-07T11:40:02.468+05:30 DEBUG 26528 --- [nio-8080-exec-6] m.m.a.RequestResponseBodyMethodProcessor : Writing [[com.robms.model.TableEntity@545c83c6, com.robms.model.TableEntity@4e818396, com.robms.model.TableEn (truncated)...]
2026-05-07T11:40:02.473+05:30 DEBUG 26528 --- [nio-8080-exec-6] o.s.web.servlet.DispatcherServlet        : Completed 200 OK
2026-05-07T11:41:02.449+05:30 DEBUG 26528 --- [nio-8080-exec-7] o.s.web.servlet.DispatcherServlet        : GET "/api/tables", parameters={}
2026-05-07T11:41:02.449+05:30 DEBUG 26528 --- [nio-8080-exec-7] s.w.s.m.m.a.RequestMappingHandlerMapping : Mapped to com.robms.controller.TableController#getAllTables()
2026-05-07T11:41:02.449+05:30 DEBUG 26528 --- [nio-8080-exec-7] org.hibernate.SQL                        : select te1_0.id,te1_0.capacity,te1_0.current_bill_amount,te1_0.name,te1_0.status from restaurant_tables te1_0
Hibernate: select te1_0.id,te1_0.capacity,te1_0.current_bill_amount,te1_0.name,te1_0.status from restaurant_tables te1_0
2026-05-07T11:41:02.449+05:30 DEBUG 26528 --- [nio-8080-exec-7] m.m.a.RequestResponseBodyMethodProcessor : Using 'application/json', given [application/json, text/plain, */*] and supported [application/json, application/*+json]
2026-05-07T11:41:02.449+05:30 DEBUG 26528 --- [nio-8080-exec-7] m.m.a.RequestResponseBodyMethodProcessor : Writing [[com.robms.model.TableEntity@78c975ea, com.robms.model.TableEntity@4b5ee806, com.robms.model.TableEn (truncated)...]
2026-05-07T11:41:02.449+05:30 DEBUG 26528 --- [nio-8080-exec-7] o.s.web.servlet.DispatcherServlet        : Completed 200 OK
2026-05-07T11:42:02.449+05:30 DEBUG 26528 --- [nio-8080-exec-1] o.s.web.servlet.DispatcherServlet        : GET "/api/tables", parameters={}
2026-05-07T11:42:02.449+05:30 DEBUG 26528 --- [nio-8080-exec-1] s.w.s.m.m.a.RequestMappingHandlerMapping : Mapped to com.robms.controller.TableController#getAllTables()
2026-05-07T11:42:02.449+05:30 DEBUG 26528 --- [nio-8080-exec-1] org.hibernate.SQL                        : select te1_0.id,te1_0.capacity,te1_0.current_bill_amount,te1_0.name,te1_0.status from restaurant_tables te1_0
Hibernate: select te1_0.id,te1_0.capacity,te1_0.current_bill_amount,te1_0.name,te1_0.status from restaurant_tables te1_0
2026-05-07T11:42:02.449+05:30 DEBUG 26528 --- [nio-8080-exec-1] m.m.a.RequestResponseBodyMethodProcessor : Using 'application/json', given [application/json, text/plain, */*] and supported [application/json, application/*+json]
2026-05-07T11:42:02.449+05:30 DEBUG 26528 --- [nio-8080-exec-1] m.m.a.RequestResponseBodyMethodProcessor : Writing [[com.robms.model.TableEntity@3e6474fa, com.robms.model.TableEntity@70534515, com.robms.model.TableEn (truncated)...]
2026-05-07T11:42:02.449+05:30 DEBUG 26528 --- [nio-8080-exec-1] o.s.web.servlet.DispatcherServlet        : Completed 200 OK
2026-05-07T11:43:02.456+05:30 DEBUG 26528 --- [nio-8080-exec-8] o.s.web.servlet.DispatcherServlet        : GET "/api/tables", parameters={}
2026-05-07T11:43:02.456+05:30 DEBUG 26528 --- [nio-8080-exec-8] s.w.s.m.m.a.RequestMappingHandlerMapping : Mapped to com.robms.controller.TableController#getAllTables()
2026-05-07T11:43:02.456+05:30 DEBUG 26528 --- [nio-8080-exec-8] org.hibernate.SQL                        : select te1_0.id,te1_0.capacity,te1_0.current_bill_amount,te1_0.name,te1_0.status from restaurant_tables te1_0
Hibernate: select te1_0.id,te1_0.capacity,te1_0.current_bill_amount,te1_0.name,te1_0.status from restaurant_tables te1_0
2026-05-07T11:43:02.456+05:30 DEBUG 26528 --- [nio-8080-exec-8] m.m.a.RequestResponseBodyMethodProcessor : Using 'application/json', given [application/json, text/plain, */*] and supported [application/json, application/*+json]
2026-05-07T11:43:02.456+05:30 DEBUG 26528 --- [nio-8080-exec-8] m.m.a.RequestResponseBodyMethodProcessor : Writing [[com.robms.model.TableEntity@5d4f4e8d, com.robms.model.TableEntity@7f274dcd, com.robms.model.TableEn (truncated)...]
2026-05-07T11:43:02.466+05:30 DEBUG 26528 --- [nio-8080-exec-8] o.s.web.servlet.DispatcherServlet        : Completed 200 OK
2026-05-07T11:44:02.468+05:30 DEBUG 26528 --- [nio-8080-exec-5] o.s.web.servlet.DispatcherServlet        : GET "/api/tables", parameters={}
2026-05-07T11:44:02.468+05:30 DEBUG 26528 --- [nio-8080-exec-5] s.w.s.m.m.a.RequestMappingHandlerMapping : Mapped to com.robms.controller.TableController#getAllTables()
2026-05-07T11:44:02.468+05:30 DEBUG 26528 --- [nio-8080-exec-5] org.hibernate.SQL                        : select te1_0.id,te1_0.capacity,te1_0.current_bill_amount,te1_0.name,te1_0.status from restaurant_tables te1_0
Hibernate: select te1_0.id,te1_0.capacity,te1_0.current_bill_amount,te1_0.name,te1_0.status from restaurant_tables te1_0
2026-05-07T11:44:02.468+05:30 DEBUG 26528 --- [nio-8080-exec-5] m.m.a.RequestResponseBodyMethodProcessor : Using 'application/json', given [application/json, text/plain, */*] and supported [application/json, application/*+json]
2026-05-07T11:44:02.468+05:30 DEBUG 26528 --- [nio-8080-exec-5] m.m.a.RequestResponseBodyMethodProcessor : Writing [[com.robms.model.TableEntity@4c659c17, com.robms.model.TableEntity@f9b9b94, com.robms.model.TableEnt (truncated)...]
2026-05-07T11:44:02.468+05:30 DEBUG 26528 --- [nio-8080-exec-5] o.s.web.servlet.DispatcherServlet        : Completed 200 OK
2026-05-07T11:45:02.454+05:30 DEBUG 26528 --- [io-8080-exec-10] o.s.web.servlet.DispatcherServlet        : GET "/api/tables", parameters={}
2026-05-07T11:45:02.454+05:30 DEBUG 26528 --- [io-8080-exec-10] s.w.s.m.m.a.RequestMappingHandlerMapping : Mapped to com.robms.controller.TableController#getAllTables()
2026-05-07T11:45:02.464+05:30 DEBUG 26528 --- [io-8080-exec-10] org.hibernate.SQL                        : select te1_0.id,te1_0.capacity,te1_0.current_bill_amount,te1_0.name,te1_0.status from restaurant_tables te1_0
Hibernate: select te1_0.id,te1_0.capacity,te1_0.current_bill_amount,te1_0.name,te1_0.status from restaurant_tables te1_0
2026-05-07T11:45:02.467+05:30 DEBUG 26528 --- [io-8080-exec-10] m.m.a.RequestResponseBodyMethodProcessor : Using 'application/json', given [application/json, text/plain, */*] and supported [application/json, application/*+json]
2026-05-07T11:45:02.480+05:30 DEBUG 26528 --- [io-8080-exec-10] m.m.a.RequestResponseBodyMethodProcessor : Writing [[com.robms.model.TableEntity@4fadc26, com.robms.model.TableEntity@472314c7, com.robms.model.TableEnt (truncated)...]
2026-05-07T11:45:02.480+05:30 DEBUG 26528 --- [io-8080-exec-10] o.s.web.servlet.DispatcherServlet        : Completed 200 OK
2026-05-07T11:46:02.453+05:30 DEBUG 26528 --- [nio-8080-exec-9] o.s.web.servlet.DispatcherServlet        : GET "/api/tables", parameters={}
2026-05-07T11:46:02.453+05:30 DEBUG 26528 --- [nio-8080-exec-9] s.w.s.m.m.a.RequestMappingHandlerMapping : Mapped to com.robms.controller.TableController#getAllTables()
2026-05-07T11:46:02.453+05:30 DEBUG 26528 --- [nio-8080-exec-9] org.hibernate.SQL                        : select te1_0.id,te1_0.capacity,te1_0.current_bill_amount,te1_0.name,te1_0.status from restaurant_tables te1_0
Hibernate: select te1_0.id,te1_0.capacity,te1_0.current_bill_amount,te1_0.name,te1_0.status from restaurant_tables te1_0
2026-05-07T11:46:02.453+05:30 DEBUG 26528 --- [nio-8080-exec-9] m.m.a.RequestResponseBodyMethodProcessor : Using 'application/json', given [application/json, text/plain, */*] and supported [application/json, application/*+json]
2026-05-07T11:46:02.453+05:30 DEBUG 26528 --- [nio-8080-exec-9] m.m.a.RequestResponseBodyMethodProcessor : Writing [[com.robms.model.TableEntity@4c6c3e7a, com.robms.model.TableEntity@58d20141, com.robms.model.TableEn (truncated)...]
2026-05-07T11:46:02.467+05:30 DEBUG 26528 --- [nio-8080-exec-9] o.s.web.servlet.DispatcherServlet        : Completed 200 OK
2026-05-07T11:47:02.457+05:30 DEBUG 26528 --- [nio-8080-exec-3] o.s.web.servlet.DispatcherServlet        : GET "/api/tables", parameters={}
2026-05-07T11:47:02.458+05:30 DEBUG 26528 --- [nio-8080-exec-3] s.w.s.m.m.a.RequestMappingHandlerMapping : Mapped to com.robms.controller.TableController#getAllTables()
2026-05-07T11:47:02.459+05:30 DEBUG 26528 --- [nio-8080-exec-3] org.hibernate.SQL                        : select te1_0.id,te1_0.capacity,te1_0.current_bill_amount,te1_0.name,te1_0.status from restaurant_tables te1_0
Hibernate: select te1_0.id,te1_0.capacity,te1_0.current_bill_amount,te1_0.name,te1_0.status from restaurant_tables te1_0
2026-05-07T11:47:02.460+05:30 DEBUG 26528 --- [nio-8080-exec-3] m.m.a.RequestResponseBodyMethodProcessor : Using 'application/json', given [application/json, text/plain, */*] and supported [application/json, application/*+json]
2026-05-07T11:47:02.460+05:30 DEBUG 26528 --- [nio-8080-exec-3] m.m.a.RequestResponseBodyMethodProcessor : Writing [[com.robms.model.TableEntity@5fe5851e, com.robms.model.TableEntity@5a68ecb2, com.robms.model.TableEn (truncated)...]
2026-05-07T11:47:02.460+05:30 DEBUG 26528 --- [nio-8080-exec-3] o.s.web.servlet.DispatcherServlet        : Completed 200 OK
2026-05-07T11:48:02.468+05:30 DEBUG 26528 --- [nio-8080-exec-4] o.s.web.servlet.DispatcherServlet        : GET "/api/tables", parameters={}
2026-05-07T11:48:02.469+05:30 DEBUG 26528 --- [nio-8080-exec-4] s.w.s.m.m.a.RequestMappingHandlerMapping : Mapped to com.robms.controller.TableController#getAllTables()
2026-05-07T11:48:02.470+05:30 DEBUG 26528 --- [nio-8080-exec-4] org.hibernate.SQL                        : select te1_0.id,te1_0.capacity,te1_0.current_bill_amount,te1_0.name,te1_0.status from restaurant_tables te1_0
Hibernate: select te1_0.id,te1_0.capacity,te1_0.current_bill_amount,te1_0.name,te1_0.status from restaurant_tables te1_0
2026-05-07T11:48:02.475+05:30 DEBUG 26528 --- [nio-8080-exec-4] m.m.a.RequestResponseBodyMethodProcessor : Using 'application/json', given [application/json, text/plain, */*] and supported [application/json, application/*+json]
2026-05-07T11:48:02.475+05:30 DEBUG 26528 --- [nio-8080-exec-4] m.m.a.RequestResponseBodyMethodProcessor : Writing [[com.robms.model.TableEntity@60549158, com.robms.model.TableEntity@c539d5, com.robms.model.TableEnti (truncated)...]
2026-05-07T11:48:02.475+05:30 DEBUG 26528 --- [nio-8080-exec-4] o.s.web.servlet.DispatcherServlet        : Completed 200 OK
2026-05-07T11:49:02.464+05:30 DEBUG 26528 --- [nio-8080-exec-2] o.s.web.servlet.DispatcherServlet        : GET "/api/tables", parameters={}
2026-05-07T11:49:02.465+05:30 DEBUG 26528 --- [nio-8080-exec-2] s.w.s.m.m.a.RequestMappingHandlerMapping : Mapped to com.robms.controller.TableController#getAllTables()
2026-05-07T11:49:02.469+05:30 DEBUG 26528 --- [nio-8080-exec-2] org.hibernate.SQL                        : select te1_0.id,te1_0.capacity,te1_0.current_bill_amount,te1_0.name,te1_0.status from restaurant_tables te1_0
Hibernate: select te1_0.id,te1_0.capacity,te1_0.current_bill_amount,te1_0.name,te1_0.status from restaurant_tables te1_0
2026-05-07T11:49:02.470+05:30 DEBUG 26528 --- [nio-8080-exec-2] m.m.a.RequestResponseBodyMethodProcessor : Using 'application/json', given [application/json, text/plain, */*] and supported [application/json, application/*+json]
2026-05-07T11:49:02.471+05:30 DEBUG 26528 --- [nio-8080-exec-2] m.m.a.RequestResponseBodyMethodProcessor : Writing [[com.robms.model.TableEntity@73652a29, com.robms.model.TableEntity@2aeffd3c, com.robms.model.TableEn (truncated)...]
2026-05-07T11:49:02.471+05:30 DEBUG 26528 --- [nio-8080-exec-2] o.s.web.servlet.DispatcherServlet        : Completed 200 OK
2026-05-07T11:50:02.464+05:30 DEBUG 26528 --- [nio-8080-exec-6] o.s.web.servlet.DispatcherServlet        : GET "/api/tables", parameters={}
2026-05-07T11:50:02.470+05:30 DEBUG 26528 --- [nio-8080-exec-6] s.w.s.m.m.a.RequestMappingHandlerMapping : Mapped to com.robms.controller.TableController#getAllTables()
2026-05-07T11:50:02.470+05:30 DEBUG 26528 --- [nio-8080-exec-6] org.hibernate.SQL                        : select te1_0.id,te1_0.capacity,te1_0.current_bill_amount,te1_0.name,te1_0.status from restaurant_tables te1_0
Hibernate: select te1_0.id,te1_0.capacity,te1_0.current_bill_amount,te1_0.name,te1_0.status from restaurant_tables te1_0
2026-05-07T11:50:02.483+05:30 DEBUG 26528 --- [nio-8080-exec-6] m.m.a.RequestResponseBodyMethodProcessor : Using 'application/json', given [application/json, text/plain, */*] and supported [application/json, application/*+json]
2026-05-07T11:50:02.483+05:30 DEBUG 26528 --- [nio-8080-exec-6] m.m.a.RequestResponseBodyMethodProcessor : Writing [[com.robms.model.TableEntity@5e32c976, com.robms.model.TableEntity@10b2e4b0, com.robms.model.TableEn (truncated)...]
2026-05-07T11:50:02.485+05:30 DEBUG 26528 --- [nio-8080-exec-6] o.s.web.servlet.DispatcherServlet        : Completed 200 OK
2026-05-07T11:51:02.459+05:30 DEBUG 26528 --- [nio-8080-exec-7] o.s.web.servlet.DispatcherServlet        : GET "/api/tables", parameters={}
2026-05-07T11:51:02.479+05:30 DEBUG 26528 --- [nio-8080-exec-7] s.w.s.m.m.a.RequestMappingHandlerMapping : Mapped to com.robms.controller.TableController#getAllTables()
2026-05-07T11:51:02.479+05:30 DEBUG 26528 --- [nio-8080-exec-7] org.hibernate.SQL                        : select te1_0.id,te1_0.capacity,te1_0.current_bill_amount,te1_0.name,te1_0.status from restaurant_tables te1_0
Hibernate: select te1_0.id,te1_0.capacity,te1_0.current_bill_amount,te1_0.name,te1_0.status from restaurant_tables te1_0
2026-05-07T11:51:02.479+05:30 DEBUG 26528 --- [nio-8080-exec-7] m.m.a.RequestResponseBodyMethodProcessor : Using 'application/json', given [application/json, text/plain, */*] and supported [application/json, application/*+json]
2026-05-07T11:51:02.479+05:30 DEBUG 26528 --- [nio-8080-exec-7] m.m.a.RequestResponseBodyMethodProcessor : Writing [[com.robms.model.TableEntity@4e7490ba, com.robms.model.TableEntity@75a87737, com.robms.model.TableEn (truncated)...]
2026-05-07T11:51:02.479+05:30 DEBUG 26528 --- [nio-8080-exec-7] o.s.web.servlet.DispatcherServlet        : Completed 200 OK
2026-05-07T11:52:02.486+05:30 DEBUG 26528 --- [nio-8080-exec-1] o.s.web.servlet.DispatcherServlet        : GET "/api/tables", parameters={}
2026-05-07T11:52:02.492+05:30 DEBUG 26528 --- [nio-8080-exec-1] s.w.s.m.m.a.RequestMappingHandlerMapping : Mapped to com.robms.controller.TableController#getAllTables()
2026-05-07T11:52:02.493+05:30 DEBUG 26528 --- [nio-8080-exec-1] org.hibernate.SQL                        : select te1_0.id,te1_0.capacity,te1_0.current_bill_amount,te1_0.name,te1_0.status from restaurant_tables te1_0
Hibernate: select te1_0.id,te1_0.capacity,te1_0.current_bill_amount,te1_0.name,te1_0.status from restaurant_tables te1_0
2026-05-07T11:52:02.493+05:30 DEBUG 26528 --- [nio-8080-exec-1] m.m.a.RequestResponseBodyMethodProcessor : Using 'application/json', given [application/json, text/plain, */*] and supported [application/json, application/*+json]
2026-05-07T11:52:02.493+05:30 DEBUG 26528 --- [nio-8080-exec-1] m.m.a.RequestResponseBodyMethodProcessor : Writing [[com.robms.model.TableEntity@5eed621b, com.robms.model.TableEntity@4267e354, com.robms.model.TableEn (truncated)...]
2026-05-07T11:52:02.500+05:30 DEBUG 26528 --- [nio-8080-exec-1] o.s.web.servlet.DispatcherServlet        : Completed 200 OK
2026-05-07T11:53:02.457+05:30 DEBUG 26528 --- [nio-8080-exec-8] o.s.web.servlet.DispatcherServlet        : GET "/api/tables", parameters={}
2026-05-07T11:53:02.468+05:30 DEBUG 26528 --- [nio-8080-exec-8] s.w.s.m.m.a.RequestMappingHandlerMapping : Mapped to com.robms.controller.TableController#getAllTables()
2026-05-07T11:53:02.468+05:30 DEBUG 26528 --- [nio-8080-exec-8] org.hibernate.SQL                        : select te1_0.id,te1_0.capacity,te1_0.current_bill_amount,te1_0.name,te1_0.status from restaurant_tables te1_0
Hibernate: select te1_0.id,te1_0.capacity,te1_0.current_bill_amount,te1_0.name,te1_0.status from restaurant_tables te1_0
2026-05-07T11:53:02.468+05:30 DEBUG 26528 --- [nio-8080-exec-8] m.m.a.RequestResponseBodyMethodProcessor : Using 'application/json', given [application/json, text/plain, */*] and supported [application/json, application/*+json]
2026-05-07T11:53:02.468+05:30 DEBUG 26528 --- [nio-8080-exec-8] m.m.a.RequestResponseBodyMethodProcessor : Writing [[com.robms.model.TableEntity@447188d7, com.robms.model.TableEntity@6122bed, com.robms.model.TableEnt (truncated)...]
2026-05-07T11:53:02.468+05:30 DEBUG 26528 --- [nio-8080-exec-8] o.s.web.servlet.DispatcherServlet        : Completed 200 OK
2026-05-07T11:54:03.049+05:30 DEBUG 26528 --- [io-8080-exec-10] o.s.web.servlet.DispatcherServlet        : GET "/api/tables", parameters={}
2026-05-07T11:54:03.049+05:30 DEBUG 26528 --- [io-8080-exec-10] s.w.s.m.m.a.RequestMappingHandlerMapping : Mapped to com.robms.controller.TableController#getAllTables()
2026-05-07T11:54:03.049+05:30 DEBUG 26528 --- [io-8080-exec-10] org.hibernate.SQL                        : select te1_0.id,te1_0.capacity,te1_0.current_bill_amount,te1_0.name,te1_0.status from restaurant_tables te1_0
Hibernate: select te1_0.id,te1_0.capacity,te1_0.current_bill_amount,te1_0.name,te1_0.status from restaurant_tables te1_0
2026-05-07T11:54:03.049+05:30 DEBUG 26528 --- [io-8080-exec-10] m.m.a.RequestResponseBodyMethodProcessor : Using 'application/json', given [application/json, text/plain, */*] and supported [application/json, application/*+json]
2026-05-07T11:54:03.049+05:30 DEBUG 26528 --- [io-8080-exec-10] m.m.a.RequestResponseBodyMethodProcessor : Writing [[com.robms.model.TableEntity@3b38a0e1, com.robms.model.TableEntity@1ac1038a, com.robms.model.TableEn (truncated)...]
2026-05-07T11:54:03.049+05:30 DEBUG 26528 --- [io-8080-exec-10] o.s.web.servlet.DispatcherServlet        : Completed 200 OK
2026-05-07T11:54:22.912+05:30  WARN 26528 --- [l-1 housekeeper] com.zaxxer.hikari.pool.HikariPool        : HikariPool-1 - Thread starvation or clock leap detected (housekeeper delta=1m25s708ms362µs800ns).
2026-05-07T11:55:02.479+05:30 DEBUG 26528 --- [nio-8080-exec-9] o.s.web.servlet.DispatcherServlet        : GET "/api/tables", parameters={}
2026-05-07T11:55:02.484+05:30 DEBUG 26528 --- [nio-8080-exec-9] s.w.s.m.m.a.RequestMappingHandlerMapping : Mapped to com.robms.controller.TableController#getAllTables()
2026-05-07T11:55:02.484+05:30 DEBUG 26528 --- [nio-8080-exec-9] org.hibernate.SQL                        : select te1_0.id,te1_0.capacity,te1_0.current_bill_amount,te1_0.name,te1_0.status from restaurant_tables te1_0
Hibernate: select te1_0.id,te1_0.capacity,te1_0.current_bill_amount,te1_0.name,te1_0.status from restaurant_tables te1_0
2026-05-07T11:55:02.485+05:30 DEBUG 26528 --- [nio-8080-exec-9] m.m.a.RequestResponseBodyMethodProcessor : Using 'application/json', given [application/json, text/plain, */*] and supported [application/json, application/*+json]
2026-05-07T11:55:02.486+05:30 DEBUG 26528 --- [nio-8080-exec-9] m.m.a.RequestResponseBodyMethodProcessor : Writing [[com.robms.model.TableEntity@596f6561, com.robms.model.TableEntity@73339c6a, com.robms.model.TableEn (truncated)...]
2026-05-07T11:55:02.486+05:30 DEBUG 26528 --- [nio-8080-exec-9] o.s.web.servlet.DispatcherServlet        : Completed 200 OK
2026-05-07T11:56:02.524+05:30 DEBUG 26528 --- [nio-8080-exec-3] o.s.web.servlet.DispatcherServlet        : GET "/api/tables", parameters={}
2026-05-07T11:56:02.532+05:30 DEBUG 26528 --- [nio-8080-exec-3] s.w.s.m.m.a.RequestMappingHandlerMapping : Mapped to com.robms.controller.TableController#getAllTables()
2026-05-07T11:56:02.532+05:30 DEBUG 26528 --- [nio-8080-exec-3] org.hibernate.SQL                        : select te1_0.id,te1_0.capacity,te1_0.current_bill_amount,te1_0.name,te1_0.status from restaurant_tables te1_0
Hibernate: select te1_0.id,te1_0.capacity,te1_0.current_bill_amount,te1_0.name,te1_0.status from restaurant_tables te1_0
2026-05-07T11:56:02.532+05:30 DEBUG 26528 --- [nio-8080-exec-3] m.m.a.RequestResponseBodyMethodProcessor : Using 'application/json', given [application/json, text/plain, */*] and supported [application/json, application/*+json]
2026-05-07T11:56:02.532+05:30 DEBUG 26528 --- [nio-8080-exec-3] m.m.a.RequestResponseBodyMethodProcessor : Writing [[com.robms.model.TableEntity@1779a00a, com.robms.model.TableEntity@15827b67, com.robms.model.TableEn (truncated)...]
2026-05-07T11:56:02.532+05:30 DEBUG 26528 --- [nio-8080-exec-3] o.s.web.servlet.DispatcherServlet        : Completed 200 OK
2026-05-07T11:57:02.479+05:30 DEBUG 26528 --- [nio-8080-exec-4] o.s.web.servlet.DispatcherServlet        : GET "/api/tables", parameters={}
2026-05-07T11:57:02.479+05:30 DEBUG 26528 --- [nio-8080-exec-4] s.w.s.m.m.a.RequestMappingHandlerMapping : Mapped to com.robms.controller.TableController#getAllTables()
2026-05-07T11:57:02.479+05:30 DEBUG 26528 --- [nio-8080-exec-4] org.hibernate.SQL                        : select te1_0.id,te1_0.capacity,te1_0.current_bill_amount,te1_0.name,te1_0.status from restaurant_tables te1_0
Hibernate: select te1_0.id,te1_0.capacity,te1_0.current_bill_amount,te1_0.name,te1_0.status from restaurant_tables te1_0
2026-05-07T11:57:02.484+05:30 DEBUG 26528 --- [nio-8080-exec-4] m.m.a.RequestResponseBodyMethodProcessor : Using 'application/json', given [application/json, text/plain, */*] and supported [application/json, application/*+json]
2026-05-07T11:57:02.484+05:30 DEBUG 26528 --- [nio-8080-exec-4] m.m.a.RequestResponseBodyMethodProcessor : Writing [[com.robms.model.TableEntity@5ffc0701, com.robms.model.TableEntity@478dffc2, com.robms.model.TableEn (truncated)...]
2026-05-07T11:57:02.484+05:30 DEBUG 26528 --- [nio-8080-exec-4] o.s.web.servlet.DispatcherServlet        : Completed 200 OK
2026-05-07T11:58:02.468+05:30 DEBUG 26528 --- [nio-8080-exec-2] o.s.web.servlet.DispatcherServlet        : GET "/api/tables", parameters={}
2026-05-07T11:58:02.475+05:30 DEBUG 26528 --- [nio-8080-exec-2] s.w.s.m.m.a.RequestMappingHandlerMapping : Mapped to com.robms.controller.TableController#getAllTables()
2026-05-07T11:58:02.475+05:30 DEBUG 26528 --- [nio-8080-exec-2] org.hibernate.SQL                        : select te1_0.id,te1_0.capacity,te1_0.current_bill_amount,te1_0.name,te1_0.status from restaurant_tables te1_0
Hibernate: select te1_0.id,te1_0.capacity,te1_0.current_bill_amount,te1_0.name,te1_0.status from restaurant_tables te1_0
2026-05-07T11:58:02.475+05:30 DEBUG 26528 --- [nio-8080-exec-2] m.m.a.RequestResponseBodyMethodProcessor : Using 'application/json', given [application/json, text/plain, */*] and supported [application/json, application/*+json]
2026-05-07T11:58:02.475+05:30 DEBUG 26528 --- [nio-8080-exec-2] m.m.a.RequestResponseBodyMethodProcessor : Writing [[com.robms.model.TableEntity@6ffd0325, com.robms.model.TableEntity@22c145f, com.robms.model.TableEnt (truncated)...]
2026-05-07T11:58:02.475+05:30 DEBUG 26528 --- [nio-8080-exec-2] o.s.web.servlet.DispatcherServlet        : Completed 200 OK
2026-05-07T11:59:02.463+05:30 DEBUG 26528 --- [nio-8080-exec-6] o.s.web.servlet.DispatcherServlet        : GET "/api/tables", parameters={}
2026-05-07T11:59:02.463+05:30 DEBUG 26528 --- [nio-8080-exec-6] s.w.s.m.m.a.RequestMappingHandlerMapping : Mapped to com.robms.controller.TableController#getAllTables()
2026-05-07T11:59:02.463+05:30 DEBUG 26528 --- [nio-8080-exec-6] org.hibernate.SQL                        : select te1_0.id,te1_0.capacity,te1_0.current_bill_amount,te1_0.name,te1_0.status from restaurant_tables te1_0
Hibernate: select te1_0.id,te1_0.capacity,te1_0.current_bill_amount,te1_0.name,te1_0.status from restaurant_tables te1_0
2026-05-07T11:59:02.463+05:30 DEBUG 26528 --- [nio-8080-exec-6] m.m.a.RequestResponseBodyMethodProcessor : Using 'application/json', given [application/json, text/plain, */*] and supported [application/json, application/*+json]
2026-05-07T11:59:02.463+05:30 DEBUG 26528 --- [nio-8080-exec-6] m.m.a.RequestResponseBodyMethodProcessor : Writing [[com.robms.model.TableEntity@77e88830, com.robms.model.TableEntity@22b470f, com.robms.model.TableEnt (truncated)...]
2026-05-07T11:59:02.467+05:30 DEBUG 26528 --- [nio-8080-exec-6] o.s.web.servlet.DispatcherServlet        : Completed 200 OK
2026-05-07T12:00:02.477+05:30 DEBUG 26528 --- [nio-8080-exec-7] o.s.web.servlet.DispatcherServlet        : GET "/api/tables", parameters={}
2026-05-07T12:00:02.495+05:30 DEBUG 26528 --- [nio-8080-exec-7] s.w.s.m.m.a.RequestMappingHandlerMapping : Mapped to com.robms.controller.TableController#getAllTables()
2026-05-07T12:00:02.496+05:30 DEBUG 26528 --- [nio-8080-exec-7] org.hibernate.SQL                        : select te1_0.id,te1_0.capacity,te1_0.current_bill_amount,te1_0.name,te1_0.status from restaurant_tables te1_0
Hibernate: select te1_0.id,te1_0.capacity,te1_0.current_bill_amount,te1_0.name,te1_0.status from restaurant_tables te1_0
2026-05-07T12:00:02.496+05:30 DEBUG 26528 --- [nio-8080-exec-7] m.m.a.RequestResponseBodyMethodProcessor : Using 'application/json', given [application/json, text/plain, */*] and supported [application/json, application/*+json]
2026-05-07T12:00:02.497+05:30 DEBUG 26528 --- [nio-8080-exec-7] m.m.a.RequestResponseBodyMethodProcessor : Writing [[com.robms.model.TableEntity@36be736c, com.robms.model.TableEntity@3743c5db, com.robms.model.TableEn (truncated)...]
2026-05-07T12:00:02.497+05:30 DEBUG 26528 --- [nio-8080-exec-7] o.s.web.servlet.DispatcherServlet        : Completed 200 OK
2026-05-07T12:01:02.464+05:30 DEBUG 26528 --- [nio-8080-exec-1] o.s.web.servlet.DispatcherServlet        : GET "/api/tables", parameters={}
2026-05-07T12:01:02.469+05:30 DEBUG 26528 --- [nio-8080-exec-1] s.w.s.m.m.a.RequestMappingHandlerMapping : Mapped to com.robms.controller.TableController#getAllTables()
2026-05-07T12:01:02.469+05:30 DEBUG 26528 --- [nio-8080-exec-1] org.hibernate.SQL                        : select te1_0.id,te1_0.capacity,te1_0.current_bill_amount,te1_0.name,te1_0.status from restaurant_tables te1_0
Hibernate: select te1_0.id,te1_0.capacity,te1_0.current_bill_amount,te1_0.name,te1_0.status from restaurant_tables te1_0
2026-05-07T12:01:02.472+05:30 DEBUG 26528 --- [nio-8080-exec-1] m.m.a.RequestResponseBodyMethodProcessor : Using 'application/json', given [application/json, text/plain, */*] and supported [application/json, application/*+json]
2026-05-07T12:01:02.472+05:30 DEBUG 26528 --- [nio-8080-exec-1] m.m.a.RequestResponseBodyMethodProcessor : Writing [[com.robms.model.TableEntity@671a1a2c, com.robms.model.TableEntity@41a3e63a, com.robms.model.TableEn (truncated)...]
2026-05-07T12:01:02.474+05:30 DEBUG 26528 --- [nio-8080-exec-1] o.s.web.servlet.DispatcherServlet        : Completed 200 OK
2026-05-07T12:02:02.483+05:30 DEBUG 26528 --- [nio-8080-exec-8] o.s.web.servlet.DispatcherServlet        : GET "/api/tables", parameters={}
2026-05-07T12:02:02.483+05:30 DEBUG 26528 --- [nio-8080-exec-8] s.w.s.m.m.a.RequestMappingHandlerMapping : Mapped to com.robms.controller.TableController#getAllTables()
2026-05-07T12:02:02.484+05:30 DEBUG 26528 --- [nio-8080-exec-8] org.hibernate.SQL                        : select te1_0.id,te1_0.capacity,te1_0.current_bill_amount,te1_0.name,te1_0.status from restaurant_tables te1_0
Hibernate: select te1_0.id,te1_0.capacity,te1_0.current_bill_amount,te1_0.name,te1_0.status from restaurant_tables te1_0
2026-05-07T12:02:02.484+05:30 DEBUG 26528 --- [nio-8080-exec-8] m.m.a.RequestResponseBodyMethodProcessor : Using 'application/json', given [application/json, text/plain, */*] and supported [application/json, application/*+json]
2026-05-07T12:02:02.484+05:30 DEBUG 26528 --- [nio-8080-exec-8] m.m.a.RequestResponseBodyMethodProcessor : Writing [[com.robms.model.TableEntity@3a7108c6, com.robms.model.TableEntity@c9cad0a, com.robms.model.TableEnt (truncated)...]
2026-05-07T12:02:02.487+05:30 DEBUG 26528 --- [nio-8080-exec-8] o.s.web.servlet.DispatcherServlet        : Completed 200 OK
2026-05-07T12:03:02.469+05:30 DEBUG 26528 --- [nio-8080-exec-5] o.s.web.servlet.DispatcherServlet        : GET "/api/tables", parameters={}
2026-05-07T12:03:02.478+05:30 DEBUG 26528 --- [nio-8080-exec-5] s.w.s.m.m.a.RequestMappingHandlerMapping : Mapped to com.robms.controller.TableController#getAllTables()
2026-05-07T12:03:02.478+05:30 DEBUG 26528 --- [nio-8080-exec-5] org.hibernate.SQL                        : select te1_0.id,te1_0.capacity,te1_0.current_bill_amount,te1_0.name,te1_0.status from restaurant_tables te1_0
Hibernate: select te1_0.id,te1_0.capacity,te1_0.current_bill_amount,te1_0.name,te1_0.status from restaurant_tables te1_0
2026-05-07T12:03:02.478+05:30 DEBUG 26528 --- [nio-8080-exec-5] m.m.a.RequestResponseBodyMethodProcessor : Using 'application/json', given [application/json, text/plain, */*] and supported [application/json, application/*+json]
2026-05-07T12:03:02.478+05:30 DEBUG 26528 --- [nio-8080-exec-5] m.m.a.RequestResponseBodyMethodProcessor : Writing [[com.robms.model.TableEntity@4300868f, com.robms.model.TableEntity@4faef159, com.robms.model.TableEn (truncated)...]
2026-05-07T12:03:02.478+05:30 DEBUG 26528 --- [nio-8080-exec-5] o.s.web.servlet.DispatcherServlet        : Completed 200 OK
2026-05-07T12:04:02.496+05:30 DEBUG 26528 --- [io-8080-exec-10] o.s.web.servlet.DispatcherServlet        : GET "/api/tables", parameters={}
2026-05-07T12:04:02.497+05:30 DEBUG 26528 --- [io-8080-exec-10] s.w.s.m.m.a.RequestMappingHandlerMapping : Mapped to com.robms.controller.TableController#getAllTables()
2026-05-07T12:04:02.498+05:30 DEBUG 26528 --- [io-8080-exec-10] org.hibernate.SQL                        : select te1_0.id,te1_0.capacity,te1_0.current_bill_amount,te1_0.name,te1_0.status from restaurant_tables te1_0
Hibernate: select te1_0.id,te1_0.capacity,te1_0.current_bill_amount,te1_0.name,te1_0.status from restaurant_tables te1_0
2026-05-07T12:04:02.499+05:30 DEBUG 26528 --- [io-8080-exec-10] m.m.a.RequestResponseBodyMethodProcessor : Using 'application/json', given [application/json, text/plain, */*] and supported [application/json, application/*+json]
2026-05-07T12:04:02.499+05:30 DEBUG 26528 --- [io-8080-exec-10] m.m.a.RequestResponseBodyMethodProcessor : Writing [[com.robms.model.TableEntity@2d37b98f, com.robms.model.TableEntity@3cbff312, com.robms.model.TableEn (truncated)...]
2026-05-07T12:04:02.499+05:30 DEBUG 26528 --- [io-8080-exec-10] o.s.web.servlet.DispatcherServlet        : Completed 200 OK
2026-05-07T12:05:02.475+05:30 DEBUG 26528 --- [nio-8080-exec-9] o.s.web.servlet.DispatcherServlet        : GET "/api/tables", parameters={}
2026-05-07T12:05:02.475+05:30 DEBUG 26528 --- [nio-8080-exec-9] s.w.s.m.m.a.RequestMappingHandlerMapping : Mapped to com.robms.controller.TableController#getAllTables()
2026-05-07T12:05:02.475+05:30 DEBUG 26528 --- [nio-8080-exec-9] org.hibernate.SQL                        : select te1_0.id,te1_0.capacity,te1_0.current_bill_amount,te1_0.name,te1_0.status from restaurant_tables te1_0
Hibernate: select te1_0.id,te1_0.capacity,te1_0.current_bill_amount,te1_0.name,te1_0.status from restaurant_tables te1_0
2026-05-07T12:05:02.475+05:30 DEBUG 26528 --- [nio-8080-exec-9] m.m.a.RequestResponseBodyMethodProcessor : Using 'application/json', given [application/json, text/plain, */*] and supported [application/json, application/*+json]
2026-05-07T12:05:02.475+05:30 DEBUG 26528 --- [nio-8080-exec-9] m.m.a.RequestResponseBodyMethodProcessor : Writing [[com.robms.model.TableEntity@6793f542, com.robms.model.TableEntity@30a8126c, com.robms.model.TableEn (truncated)...]
2026-05-07T12:05:02.475+05:30 DEBUG 26528 --- [nio-8080-exec-9] o.s.web.servlet.DispatcherServlet        : Completed 200 OK
2026-05-07T12:06:02.455+05:30 DEBUG 26528 --- [nio-8080-exec-3] o.s.web.servlet.DispatcherServlet        : GET "/api/tables", parameters={}
2026-05-07T12:06:02.469+05:30 DEBUG 26528 --- [nio-8080-exec-3] s.w.s.m.m.a.RequestMappingHandlerMapping : Mapped to com.robms.controller.TableController#getAllTables()
2026-05-07T12:06:02.471+05:30 DEBUG 26528 --- [nio-8080-exec-3] org.hibernate.SQL                        : select te1_0.id,te1_0.capacity,te1_0.current_bill_amount,te1_0.name,te1_0.status from restaurant_tables te1_0
Hibernate: select te1_0.id,te1_0.capacity,te1_0.current_bill_amount,te1_0.name,te1_0.status from restaurant_tables te1_0
2026-05-07T12:06:02.471+05:30 DEBUG 26528 --- [nio-8080-exec-3] m.m.a.RequestResponseBodyMethodProcessor : Using 'application/json', given [application/json, text/plain, */*] and supported [application/json, application/*+json]
2026-05-07T12:06:02.471+05:30 DEBUG 26528 --- [nio-8080-exec-3] m.m.a.RequestResponseBodyMethodProcessor : Writing [[com.robms.model.TableEntity@5c4cb04, com.robms.model.TableEntity@1c6e2ad6, com.robms.model.TableEnt (truncated)...]
2026-05-07T12:06:02.471+05:30 DEBUG 26528 --- [nio-8080-exec-3] o.s.web.servlet.DispatcherServlet        : Completed 200 OK
2026-05-07T12:07:02.471+05:30 DEBUG 26528 --- [nio-8080-exec-4] o.s.web.servlet.DispatcherServlet        : GET "/api/tables", parameters={}
2026-05-07T12:07:02.476+05:30 DEBUG 26528 --- [nio-8080-exec-4] s.w.s.m.m.a.RequestMappingHandlerMapping : Mapped to com.robms.controller.TableController#getAllTables()
2026-05-07T12:07:02.477+05:30 DEBUG 26528 --- [nio-8080-exec-4] org.hibernate.SQL                        : select te1_0.id,te1_0.capacity,te1_0.current_bill_amount,te1_0.name,te1_0.status from restaurant_tables te1_0
Hibernate: select te1_0.id,te1_0.capacity,te1_0.current_bill_amount,te1_0.name,te1_0.status from restaurant_tables te1_0
2026-05-07T12:07:02.478+05:30 DEBUG 26528 --- [nio-8080-exec-4] m.m.a.RequestResponseBodyMethodProcessor : Using 'application/json', given [application/json, text/plain, */*] and supported [application/json, application/*+json]
2026-05-07T12:07:02.478+05:30 DEBUG 26528 --- [nio-8080-exec-4] m.m.a.RequestResponseBodyMethodProcessor : Writing [[com.robms.model.TableEntity@7d22378, com.robms.model.TableEntity@16ee669b, com.robms.model.TableEnt (truncated)...]
2026-05-07T12:07:02.479+05:30 DEBUG 26528 --- [nio-8080-exec-4] o.s.web.servlet.DispatcherServlet        : Completed 200 OK
2026-05-07T12:08:02.469+05:30 DEBUG 26528 --- [nio-8080-exec-2] o.s.web.servlet.DispatcherServlet        : GET "/api/tables", parameters={}
2026-05-07T12:08:02.488+05:30 DEBUG 26528 --- [nio-8080-exec-2] s.w.s.m.m.a.RequestMappingHandlerMapping : Mapped to com.robms.controller.TableController#getAllTables()
2026-05-07T12:08:02.489+05:30 DEBUG 26528 --- [nio-8080-exec-2] org.hibernate.SQL                        : select te1_0.id,te1_0.capacity,te1_0.current_bill_amount,te1_0.name,te1_0.status from restaurant_tables te1_0
Hibernate: select te1_0.id,te1_0.capacity,te1_0.current_bill_amount,te1_0.name,te1_0.status from restaurant_tables te1_0
2026-05-07T12:08:02.489+05:30 DEBUG 26528 --- [nio-8080-exec-2] m.m.a.RequestResponseBodyMethodProcessor : Using 'application/json', given [application/json, text/plain, */*] and supported [application/json, application/*+json]
2026-05-07T12:08:02.489+05:30 DEBUG 26528 --- [nio-8080-exec-2] m.m.a.RequestResponseBodyMethodProcessor : Writing [[com.robms.model.TableEntity@3d8d0fd1, com.robms.model.TableEntity@43eaafcd, com.robms.model.TableEn (truncated)...]
2026-05-07T12:08:02.489+05:30 DEBUG 26528 --- [nio-8080-exec-2] o.s.web.servlet.DispatcherServlet        : Completed 200 OK
2026-05-07T12:08:40.177+05:30  INFO 26528 --- [MessageBroker-6] o.s.w.s.c.WebSocketMessageBrokerStats    : WebSocketSession[0 current WS(0)-HttpStream(0)-HttpPoll(0), 20 total, 0 closed abnormally (0 connect failure, 0 send limit, 3 transport error)], stompSubProtocol[processed CONNECT(10)-CONNECTED(10)-DISCONNECT(1)], stompBrokerRelay[null], inboundChannel[pool size = 0, active threads = 0, queued tasks = 0, completed tasks = 123], outboundChannel[pool size = 0, active threads = 0, queued tasks = 0, completed tasks = 39], sockJsScheduler[pool size = 12, active threads = 1, queued tasks = 1, completed tasks = 10415]
2026-05-07T12:09:02.463+05:30 DEBUG 26528 --- [nio-8080-exec-7] o.s.web.servlet.DispatcherServlet        : GET "/api/tables", parameters={}
2026-05-07T12:09:02.472+05:30 DEBUG 26528 --- [nio-8080-exec-7] s.w.s.m.m.a.RequestMappingHandlerMapping : Mapped to com.robms.controller.TableController#getAllTables()
2026-05-07T12:09:02.472+05:30 DEBUG 26528 --- [nio-8080-exec-7] org.hibernate.SQL                        : select te1_0.id,te1_0.capacity,te1_0.current_bill_amount,te1_0.name,te1_0.status from restaurant_tables te1_0
Hibernate: select te1_0.id,te1_0.capacity,te1_0.current_bill_amount,te1_0.name,te1_0.status from restaurant_tables te1_0
2026-05-07T12:09:02.472+05:30 DEBUG 26528 --- [nio-8080-exec-7] m.m.a.RequestResponseBodyMethodProcessor : Using 'application/json', given [application/json, text/plain, */*] and supported [application/json, application/*+json]
2026-05-07T12:09:02.472+05:30 DEBUG 26528 --- [nio-8080-exec-7] m.m.a.RequestResponseBodyMethodProcessor : Writing [[com.robms.model.TableEntity@76d4ce89, com.robms.model.TableEntity@2a7b52a, com.robms.model.TableEnt (truncated)...]
2026-05-07T12:09:02.472+05:30 DEBUG 26528 --- [nio-8080-exec-7] o.s.web.servlet.DispatcherServlet        : Completed 200 OK
2026-05-07T12:10:02.465+05:30 DEBUG 26528 --- [nio-8080-exec-1] o.s.web.servlet.DispatcherServlet        : GET "/api/tables", parameters={}
2026-05-07T12:10:02.470+05:30 DEBUG 26528 --- [nio-8080-exec-1] s.w.s.m.m.a.RequestMappingHandlerMapping : Mapped to com.robms.controller.TableController#getAllTables()
2026-05-07T12:10:02.472+05:30 DEBUG 26528 --- [nio-8080-exec-1] org.hibernate.SQL                        : select te1_0.id,te1_0.capacity,te1_0.current_bill_amount,te1_0.name,te1_0.status from restaurant_tables te1_0
Hibernate: select te1_0.id,te1_0.capacity,te1_0.current_bill_amount,te1_0.name,te1_0.status from restaurant_tables te1_0
2026-05-07T12:10:02.473+05:30 DEBUG 26528 --- [nio-8080-exec-1] m.m.a.RequestResponseBodyMethodProcessor : Using 'application/json', given [application/json, text/plain, */*] and supported [application/json, application/*+json]
2026-05-07T12:10:02.473+05:30 DEBUG 26528 --- [nio-8080-exec-1] m.m.a.RequestResponseBodyMethodProcessor : Writing [[com.robms.model.TableEntity@1d0a8a57, com.robms.model.TableEntity@13f251eb, com.robms.model.TableEn (truncated)...]
2026-05-07T12:10:02.474+05:30 DEBUG 26528 --- [nio-8080-exec-1] o.s.web.servlet.DispatcherServlet        : Completed 200 OK
2026-05-07T12:11:02.477+05:30 DEBUG 26528 --- [nio-8080-exec-8] o.s.web.servlet.DispatcherServlet        : GET "/api/tables", parameters={}
2026-05-07T12:11:02.498+05:30 DEBUG 26528 --- [nio-8080-exec-8] s.w.s.m.m.a.RequestMappingHandlerMapping : Mapped to com.robms.controller.TableController#getAllTables()
2026-05-07T12:11:02.499+05:30 DEBUG 26528 --- [nio-8080-exec-8] org.hibernate.SQL                        : select te1_0.id,te1_0.capacity,te1_0.current_bill_amount,te1_0.name,te1_0.status from restaurant_tables te1_0
Hibernate: select te1_0.id,te1_0.capacity,te1_0.current_bill_amount,te1_0.name,te1_0.status from restaurant_tables te1_0
2026-05-07T12:11:02.499+05:30 DEBUG 26528 --- [nio-8080-exec-8] m.m.a.RequestResponseBodyMethodProcessor : Using 'application/json', given [application/json, text/plain, */*] and supported [application/json, application/*+json]
2026-05-07T12:11:02.499+05:30 DEBUG 26528 --- [nio-8080-exec-8] m.m.a.RequestResponseBodyMethodProcessor : Writing [[com.robms.model.TableEntity@6f197732, com.robms.model.TableEntity@31f7da, com.robms.model.TableEnti (truncated)...]
2026-05-07T12:11:02.499+05:30 DEBUG 26528 --- [nio-8080-exec-8] o.s.web.servlet.DispatcherServlet        : Completed 200 OK
2026-05-07T12:11:17.191+05:30 DEBUG 26528 --- [nio-8080-exec-5] o.s.web.servlet.DispatcherServlet        : GET "/api/tables", parameters={}
2026-05-07T12:11:17.191+05:30 DEBUG 26528 --- [nio-8080-exec-5] s.w.s.m.m.a.RequestMappingHandlerMapping : Mapped to com.robms.controller.TableController#getAllTables()
2026-05-07T12:11:17.191+05:30 DEBUG 26528 --- [nio-8080-exec-5] org.hibernate.SQL                        : select te1_0.id,te1_0.capacity,te1_0.current_bill_amount,te1_0.name,te1_0.status from restaurant_tables te1_0
Hibernate: select te1_0.id,te1_0.capacity,te1_0.current_bill_amount,te1_0.name,te1_0.status from restaurant_tables te1_0
2026-05-07T12:11:17.191+05:30 DEBUG 26528 --- [nio-8080-exec-5] m.m.a.RequestResponseBodyMethodProcessor : Using 'application/json', given [application/json, text/plain, */*] and supported [application/json, application/*+json]
2026-05-07T12:11:17.191+05:30 DEBUG 26528 --- [nio-8080-exec-5] m.m.a.RequestResponseBodyMethodProcessor : Writing [[com.robms.model.TableEntity@2cb1eef, com.robms.model.TableEntity@43c40a12, com.robms.model.TableEnt (truncated)...]
2026-05-07T12:11:17.198+05:30 DEBUG 26528 --- [nio-8080-exec-5] o.s.web.servlet.DispatcherServlet        : Completed 200 OK
2026-05-07T12:11:17.199+05:30 DEBUG 26528 --- [nio-8080-exec-5] o.s.web.servlet.DispatcherServlet        : GET "/api/tables", parameters={}
2026-05-07T12:11:17.199+05:30 DEBUG 26528 --- [nio-8080-exec-5] s.w.s.m.m.a.RequestMappingHandlerMapping : Mapped to com.robms.controller.TableController#getAllTables()
2026-05-07T12:11:17.199+05:30 DEBUG 26528 --- [nio-8080-exec-5] org.hibernate.SQL                        : select te1_0.id,te1_0.capacity,te1_0.current_bill_amount,te1_0.name,te1_0.status from restaurant_tables te1_0
Hibernate: select te1_0.id,te1_0.capacity,te1_0.current_bill_amount,te1_0.name,te1_0.status from restaurant_tables te1_0
2026-05-07T12:11:17.199+05:30 DEBUG 26528 --- [nio-8080-exec-5] m.m.a.RequestResponseBodyMethodProcessor : Using 'application/json', given [application/json, text/plain, */*] and supported [application/json, application/*+json]
2026-05-07T12:11:17.199+05:30 DEBUG 26528 --- [nio-8080-exec-5] m.m.a.RequestResponseBodyMethodProcessor : Writing [[com.robms.model.TableEntity@44c94393, com.robms.model.TableEntity@990c22f, com.robms.model.TableEnt (truncated)...]
2026-05-07T12:11:17.207+05:30 DEBUG 26528 --- [nio-8080-exec-5] o.s.web.servlet.DispatcherServlet        : Completed 200 OK
2026-05-07T12:11:27.200+05:30 DEBUG 26528 --- [nio-8080-exec-9] o.s.web.servlet.DispatcherServlet        : GET "/api/tables", parameters={}
2026-05-07T12:11:27.200+05:30 DEBUG 26528 --- [nio-8080-exec-9] s.w.s.m.m.a.RequestMappingHandlerMapping : Mapped to com.robms.controller.TableController#getAllTables()
2026-05-07T12:11:27.203+05:30 DEBUG 26528 --- [nio-8080-exec-9] org.hibernate.SQL                        : select te1_0.id,te1_0.capacity,te1_0.current_bill_amount,te1_0.name,te1_0.status from restaurant_tables te1_0
Hibernate: select te1_0.id,te1_0.capacity,te1_0.current_bill_amount,te1_0.name,te1_0.status from restaurant_tables te1_0
2026-05-07T12:11:27.203+05:30 DEBUG 26528 --- [nio-8080-exec-9] m.m.a.RequestResponseBodyMethodProcessor : Using 'application/json', given [application/json, text/plain, */*] and supported [application/json, application/*+json]
2026-05-07T12:11:27.203+05:30 DEBUG 26528 --- [nio-8080-exec-9] m.m.a.RequestResponseBodyMethodProcessor : Writing [[com.robms.model.TableEntity@4408924e, com.robms.model.TableEntity@77cf82fb, com.robms.model.TableEn (truncated)...]
2026-05-07T12:11:27.206+05:30 DEBUG 26528 --- [nio-8080-exec-9] o.s.web.servlet.DispatcherServlet        : Completed 200 OK
2026-05-07T12:11:37.205+05:30 DEBUG 26528 --- [nio-8080-exec-3] o.s.web.servlet.DispatcherServlet        : GET "/api/tables", parameters={}
2026-05-07T12:11:37.208+05:30 DEBUG 26528 --- [nio-8080-exec-3] s.w.s.m.m.a.RequestMappingHandlerMapping : Mapped to com.robms.controller.TableController#getAllTables()
2026-05-07T12:11:37.208+05:30 DEBUG 26528 --- [nio-8080-exec-3] org.hibernate.SQL                        : select te1_0.id,te1_0.capacity,te1_0.current_bill_amount,te1_0.name,te1_0.status from restaurant_tables te1_0
Hibernate: select te1_0.id,te1_0.capacity,te1_0.current_bill_amount,te1_0.name,te1_0.status from restaurant_tables te1_0
2026-05-07T12:11:37.208+05:30 DEBUG 26528 --- [nio-8080-exec-3] m.m.a.RequestResponseBodyMethodProcessor : Using 'application/json', given [application/json, text/plain, */*] and supported [application/json, application/*+json]
2026-05-07T12:11:37.208+05:30 DEBUG 26528 --- [nio-8080-exec-3] m.m.a.RequestResponseBodyMethodProcessor : Writing [[com.robms.model.TableEntity@7dc9b31e, com.robms.model.TableEntity@53ccc6ca, com.robms.model.TableEn (truncated)...]
2026-05-07T12:11:37.212+05:30 DEBUG 26528 --- [nio-8080-exec-3] o.s.web.servlet.DispatcherServlet        : Completed 200 OK
2026-05-07T12:11:47.201+05:30 DEBUG 26528 --- [nio-8080-exec-4] o.s.web.servlet.DispatcherServlet        : GET "/api/tables", parameters={}
2026-05-07T12:11:47.224+05:30 DEBUG 26528 --- [nio-8080-exec-4] s.w.s.m.m.a.RequestMappingHandlerMapping : Mapped to com.robms.controller.TableController#getAllTables()
2026-05-07T12:11:47.225+05:30 DEBUG 26528 --- [nio-8080-exec-4] org.hibernate.SQL                        : select te1_0.id,te1_0.capacity,te1_0.current_bill_amount,te1_0.name,te1_0.status from restaurant_tables te1_0
Hibernate: select te1_0.id,te1_0.capacity,te1_0.current_bill_amount,te1_0.name,te1_0.status from restaurant_tables te1_0
2026-05-07T12:11:47.225+05:30 DEBUG 26528 --- [nio-8080-exec-4] m.m.a.RequestResponseBodyMethodProcessor : Using 'application/json', given [application/json, text/plain, */*] and supported [application/json, application/*+json]
2026-05-07T12:11:47.225+05:30 DEBUG 26528 --- [nio-8080-exec-4] m.m.a.RequestResponseBodyMethodProcessor : Writing [[com.robms.model.TableEntity@643bdb3, com.robms.model.TableEntity@66c820c, com.robms.model.TableEnti (truncated)...]
2026-05-07T12:11:47.225+05:30 DEBUG 26528 --- [nio-8080-exec-4] o.s.web.servlet.DispatcherServlet        : Completed 200 OK
2026-05-07T12:11:57.200+05:30 DEBUG 26528 --- [nio-8080-exec-2] o.s.web.servlet.DispatcherServlet        : GET "/api/tables", parameters={}
2026-05-07T12:11:57.221+05:30 DEBUG 26528 --- [nio-8080-exec-2] s.w.s.m.m.a.RequestMappingHandlerMapping : Mapped to com.robms.controller.TableController#getAllTables()
2026-05-07T12:11:57.221+05:30 DEBUG 26528 --- [nio-8080-exec-2] org.hibernate.SQL                        : select te1_0.id,te1_0.capacity,te1_0.current_bill_amount,te1_0.name,te1_0.status from restaurant_tables te1_0
Hibernate: select te1_0.id,te1_0.capacity,te1_0.current_bill_amount,te1_0.name,te1_0.status from restaurant_tables te1_0
2026-05-07T12:11:57.221+05:30 DEBUG 26528 --- [nio-8080-exec-2] m.m.a.RequestResponseBodyMethodProcessor : Using 'application/json', given [application/json, text/plain, */*] and supported [application/json, application/*+json]
2026-05-07T12:11:57.221+05:30 DEBUG 26528 --- [nio-8080-exec-2] m.m.a.RequestResponseBodyMethodProcessor : Writing [[com.robms.model.TableEntity@17acce67, com.robms.model.TableEntity@7f302948, com.robms.model.TableEn (truncated)...]
2026-05-07T12:11:57.221+05:30 DEBUG 26528 --- [nio-8080-exec-2] o.s.web.servlet.DispatcherServlet        : Completed 200 OK
2026-05-07T12:12:02.474+05:30 DEBUG 26528 --- [nio-8080-exec-6] o.s.web.servlet.DispatcherServlet        : GET "/api/tables", parameters={}
2026-05-07T12:12:02.474+05:30 DEBUG 26528 --- [nio-8080-exec-6] s.w.s.m.m.a.RequestMappingHandlerMapping : Mapped to com.robms.controller.TableController#getAllTables()
2026-05-07T12:12:02.477+05:30 DEBUG 26528 --- [nio-8080-exec-6] org.hibernate.SQL                        : select te1_0.id,te1_0.capacity,te1_0.current_bill_amount,te1_0.name,te1_0.status from restaurant_tables te1_0
Hibernate: select te1_0.id,te1_0.capacity,te1_0.current_bill_amount,te1_0.name,te1_0.status from restaurant_tables te1_0
2026-05-07T12:12:02.478+05:30 DEBUG 26528 --- [nio-8080-exec-6] m.m.a.RequestResponseBodyMethodProcessor : Using 'application/json', given [application/json, text/plain, */*] and supported [application/json, application/*+json]
2026-05-07T12:12:02.478+05:30 DEBUG 26528 --- [nio-8080-exec-6] m.m.a.RequestResponseBodyMethodProcessor : Writing [[com.robms.model.TableEntity@42387cd0, com.robms.model.TableEntity@7a8ebe97, com.robms.model.TableEn (truncated)...]
2026-05-07T12:12:02.478+05:30 DEBUG 26528 --- [nio-8080-exec-6] o.s.web.servlet.DispatcherServlet        : Completed 200 OK
2026-05-07T12:12:07.203+05:30 DEBUG 26528 --- [nio-8080-exec-7] o.s.web.servlet.DispatcherServlet        : GET "/api/tables", parameters={}
2026-05-07T12:12:07.223+05:30 DEBUG 26528 --- [nio-8080-exec-7] s.w.s.m.m.a.RequestMappingHandlerMapping : Mapped to com.robms.controller.TableController#getAllTables()
2026-05-07T12:12:07.224+05:30 DEBUG 26528 --- [nio-8080-exec-7] org.hibernate.SQL                        : select te1_0.id,te1_0.capacity,te1_0.current_bill_amount,te1_0.name,te1_0.status from restaurant_tables te1_0
Hibernate: select te1_0.id,te1_0.capacity,te1_0.current_bill_amount,te1_0.name,te1_0.status from restaurant_tables te1_0
2026-05-07T12:12:07.224+05:30 DEBUG 26528 --- [nio-8080-exec-7] m.m.a.RequestResponseBodyMethodProcessor : Using 'application/json', given [application/json, text/plain, */*] and supported [application/json, application/*+json]
2026-05-07T12:12:07.224+05:30 DEBUG 26528 --- [nio-8080-exec-7] m.m.a.RequestResponseBodyMethodProcessor : Writing [[com.robms.model.TableEntity@26e3f21a, com.robms.model.TableEntity@4ab7a7f, com.robms.model.TableEnt (truncated)...]
2026-05-07T12:12:07.224+05:30 DEBUG 26528 --- [nio-8080-exec-7] o.s.web.servlet.DispatcherServlet        : Completed 200 OK
2026-05-07T12:12:12.049+05:30 DEBUG 26528 --- [nio-8080-exec-1] o.s.web.servlet.DispatcherServlet        : GET "/api/menu/available", parameters={}
2026-05-07T12:12:12.049+05:30 DEBUG 26528 --- [nio-8080-exec-1] s.w.s.m.m.a.RequestMappingHandlerMapping : Mapped to com.robms.controller.MenuController#getAvailableMenuItems()
2026-05-07T12:12:12.049+05:30 DEBUG 26528 --- [nio-8080-exec-8] o.s.web.servlet.DispatcherServlet        : GET "/api/tables", parameters={}
2026-05-07T12:12:12.051+05:30 DEBUG 26528 --- [nio-8080-exec-8] s.w.s.m.m.a.RequestMappingHandlerMapping : Mapped to com.robms.controller.TableController#getAllTables()
2026-05-07T12:12:12.051+05:30 DEBUG 26528 --- [nio-8080-exec-1] org.hibernate.SQL                        : select mi1_0.id,mi1_0.available,mi1_0.category,mi1_0.description,mi1_0.name,mi1_0.price from menu_items mi1_0 where mi1_0.available
Hibernate: select mi1_0.id,mi1_0.available,mi1_0.category,mi1_0.description,mi1_0.name,mi1_0.price from menu_items mi1_0 where mi1_0.available
2026-05-07T12:12:12.052+05:30 DEBUG 26528 --- [nio-8080-exec-8] org.hibernate.SQL                        : select te1_0.id,te1_0.capacity,te1_0.current_bill_amount,te1_0.name,te1_0.status from restaurant_tables te1_0
Hibernate: select te1_0.id,te1_0.capacity,te1_0.current_bill_amount,te1_0.name,te1_0.status from restaurant_tables te1_0
2026-05-07T12:12:12.053+05:30 DEBUG 26528 --- [nio-8080-exec-1] m.m.a.RequestResponseBodyMethodProcessor : Using 'application/json', given [application/json, text/plain, */*] and supported [application/json, application/*+json]
2026-05-07T12:12:12.053+05:30 DEBUG 26528 --- [nio-8080-exec-8] m.m.a.RequestResponseBodyMethodProcessor : Using 'application/json', given [application/json, text/plain, */*] and supported [application/json, application/*+json]
2026-05-07T12:12:12.053+05:30 DEBUG 26528 --- [nio-8080-exec-1] m.m.a.RequestResponseBodyMethodProcessor : Writing [[com.robms.model.MenuItem@6bcd6c2b, com.robms.model.MenuItem@5fad4fd1, com.robms.model.MenuItem@3eee (truncated)...]
2026-05-07T12:12:12.055+05:30 DEBUG 26528 --- [nio-8080-exec-8] m.m.a.RequestResponseBodyMethodProcessor : Writing [[com.robms.model.TableEntity@583e2341, com.robms.model.TableEntity@18ab75c4, com.robms.model.TableEn (truncated)...]
2026-05-07T12:12:12.056+05:30 DEBUG 26528 --- [nio-8080-exec-1] o.s.web.servlet.DispatcherServlet        : Completed 200 OK
2026-05-07T12:12:12.058+05:30 DEBUG 26528 --- [nio-8080-exec-8] o.s.web.servlet.DispatcherServlet        : Completed 200 OK
2026-05-07T12:12:12.060+05:30 DEBUG 26528 --- [nio-8080-exec-5] o.s.web.servlet.DispatcherServlet        : GET "/api/tables", parameters={}
2026-05-07T12:12:12.061+05:30 DEBUG 26528 --- [nio-8080-exec-5] s.w.s.m.m.a.RequestMappingHandlerMapping : Mapped to com.robms.controller.TableController#getAllTables()
2026-05-07T12:12:12.061+05:30 DEBUG 26528 --- [io-8080-exec-10] o.s.web.servlet.DispatcherServlet        : GET "/api/menu/available", parameters={}
2026-05-07T12:12:12.062+05:30 DEBUG 26528 --- [io-8080-exec-10] s.w.s.m.m.a.RequestMappingHandlerMapping : Mapped to com.robms.controller.MenuController#getAvailableMenuItems()
2026-05-07T12:12:12.063+05:30 DEBUG 26528 --- [nio-8080-exec-5] org.hibernate.SQL                        : select te1_0.id,te1_0.capacity,te1_0.current_bill_amount,te1_0.name,te1_0.status from restaurant_tables te1_0
Hibernate: select te1_0.id,te1_0.capacity,te1_0.current_bill_amount,te1_0.name,te1_0.status from restaurant_tables te1_0
2026-05-07T12:12:12.063+05:30 DEBUG 26528 --- [io-8080-exec-10] org.hibernate.SQL                        : select mi1_0.id,mi1_0.available,mi1_0.category,mi1_0.description,mi1_0.name,mi1_0.price from menu_items mi1_0 where mi1_0.available
Hibernate: select mi1_0.id,mi1_0.available,mi1_0.category,mi1_0.description,mi1_0.name,mi1_0.price from menu_items mi1_0 where mi1_0.available
2026-05-07T12:12:12.064+05:30 DEBUG 26528 --- [nio-8080-exec-5] m.m.a.RequestResponseBodyMethodProcessor : Using 'application/json', given [application/json, text/plain, */*] and supported [application/json, application/*+json]
2026-05-07T12:12:12.064+05:30 DEBUG 26528 --- [io-8080-exec-10] m.m.a.RequestResponseBodyMethodProcessor : Using 'application/json', given [application/json, text/plain, */*] and supported [application/json, application/*+json]
2026-05-07T12:12:12.064+05:30 DEBUG 26528 --- [nio-8080-exec-5] m.m.a.RequestResponseBodyMethodProcessor : Writing [[com.robms.model.TableEntity@7b8cd34, com.robms.model.TableEntity@26b16c00, com.robms.model.TableEnt (truncated)...]
2026-05-07T12:12:12.064+05:30 DEBUG 26528 --- [io-8080-exec-10] m.m.a.RequestResponseBodyMethodProcessor : Writing [[com.robms.model.MenuItem@5e0fa4ea, com.robms.model.MenuItem@27262b9e, com.robms.model.MenuItem@7350 (truncated)...]
2026-05-07T12:12:12.064+05:30 DEBUG 26528 --- [nio-8080-exec-5] o.s.web.servlet.DispatcherServlet        : Completed 200 OK
2026-05-07T12:12:12.064+05:30 DEBUG 26528 --- [io-8080-exec-10] o.s.web.servlet.DispatcherServlet        : Completed 200 OK
2026-05-07T12:12:13.892+05:30 DEBUG 26528 --- [nio-8080-exec-9] o.s.web.servlet.DispatcherServlet        : GET "/api/tables", parameters={}
2026-05-07T12:12:13.892+05:30 DEBUG 26528 --- [nio-8080-exec-9] s.w.s.m.m.a.RequestMappingHandlerMapping : Mapped to com.robms.controller.TableController#getAllTables()
2026-05-07T12:12:13.892+05:30 DEBUG 26528 --- [nio-8080-exec-9] org.hibernate.SQL                        : select te1_0.id,te1_0.capacity,te1_0.current_bill_amount,te1_0.name,te1_0.status from restaurant_tables te1_0
Hibernate: select te1_0.id,te1_0.capacity,te1_0.current_bill_amount,te1_0.name,te1_0.status from restaurant_tables te1_0
2026-05-07T12:12:13.900+05:30 DEBUG 26528 --- [nio-8080-exec-9] m.m.a.RequestResponseBodyMethodProcessor : Using 'application/json', given [application/json, text/plain, */*] and supported [application/json, application/*+json]
2026-05-07T12:12:13.900+05:30 DEBUG 26528 --- [nio-8080-exec-9] m.m.a.RequestResponseBodyMethodProcessor : Writing [[com.robms.model.TableEntity@22d78c0f, com.robms.model.TableEntity@509e4efc, com.robms.model.TableEn (truncated)...]
2026-05-07T12:12:13.900+05:30 DEBUG 26528 --- [nio-8080-exec-9] o.s.web.servlet.DispatcherServlet        : Completed 200 OK
2026-05-07T12:12:13.900+05:30 DEBUG 26528 --- [nio-8080-exec-9] o.s.web.servlet.DispatcherServlet        : GET "/api/tables", parameters={}
2026-05-07T12:12:13.900+05:30 DEBUG 26528 --- [nio-8080-exec-9] s.w.s.m.m.a.RequestMappingHandlerMapping : Mapped to com.robms.controller.TableController#getAllTables()
2026-05-07T12:12:13.900+05:30 DEBUG 26528 --- [nio-8080-exec-9] org.hibernate.SQL                        : select te1_0.id,te1_0.capacity,te1_0.current_bill_amount,te1_0.name,te1_0.status from restaurant_tables te1_0
Hibernate: select te1_0.id,te1_0.capacity,te1_0.current_bill_amount,te1_0.name,te1_0.status from restaurant_tables te1_0
2026-05-07T12:12:13.908+05:30 DEBUG 26528 --- [nio-8080-exec-9] m.m.a.RequestResponseBodyMethodProcessor : Using 'application/json', given [application/json, text/plain, */*] and supported [application/json, application/*+json]
2026-05-07T12:12:13.908+05:30 DEBUG 26528 --- [nio-8080-exec-9] m.m.a.RequestResponseBodyMethodProcessor : Writing [[com.robms.model.TableEntity@6af47b12, com.robms.model.TableEntity@1a8dcb39, com.robms.model.TableEn (truncated)...]
2026-05-07T12:12:13.908+05:30 DEBUG 26528 --- [nio-8080-exec-9] o.s.web.servlet.DispatcherServlet        : Completed 200 OK
2026-05-07T12:12:22.526+05:30 DEBUG 26528 --- [nio-8080-exec-2] o.s.web.servlet.DispatcherServlet        : GET "/api/tables", parameters={}
2026-05-07T12:12:22.526+05:30 DEBUG 26528 --- [nio-8080-exec-4] o.s.web.servlet.DispatcherServlet        : GET "/api/menu/available", parameters={}
2026-05-07T12:12:22.527+05:30 DEBUG 26528 --- [nio-8080-exec-2] s.w.s.m.m.a.RequestMappingHandlerMapping : Mapped to com.robms.controller.TableController#getAllTables()
2026-05-07T12:12:22.527+05:30 DEBUG 26528 --- [nio-8080-exec-4] s.w.s.m.m.a.RequestMappingHandlerMapping : Mapped to com.robms.controller.MenuController#getAvailableMenuItems()
2026-05-07T12:12:22.527+05:30 DEBUG 26528 --- [nio-8080-exec-2] org.hibernate.SQL                        : select te1_0.id,te1_0.capacity,te1_0.current_bill_amount,te1_0.name,te1_0.status from restaurant_tables te1_0
Hibernate: select te1_0.id,te1_0.capacity,te1_0.current_bill_amount,te1_0.name,te1_0.status from restaurant_tables te1_0
2026-05-07T12:12:22.527+05:30 DEBUG 26528 --- [nio-8080-exec-4] org.hibernate.SQL                        : select mi1_0.id,mi1_0.available,mi1_0.category,mi1_0.description,mi1_0.name,mi1_0.price from menu_items mi1_0 where mi1_0.available
Hibernate: select mi1_0.id,mi1_0.available,mi1_0.category,mi1_0.description,mi1_0.name,mi1_0.price from menu_items mi1_0 where mi1_0.available
2026-05-07T12:12:22.527+05:30 DEBUG 26528 --- [nio-8080-exec-4] m.m.a.RequestResponseBodyMethodProcessor : Using 'application/json', given [application/json, text/plain, */*] and supported [application/json, application/*+json]
2026-05-07T12:12:22.527+05:30 DEBUG 26528 --- [nio-8080-exec-2] m.m.a.RequestResponseBodyMethodProcessor : Using 'application/json', given [application/json, text/plain, */*] and supported [application/json, application/*+json]
2026-05-07T12:12:22.527+05:30 DEBUG 26528 --- [nio-8080-exec-4] m.m.a.RequestResponseBodyMethodProcessor : Writing [[com.robms.model.MenuItem@5bab07ba, com.robms.model.MenuItem@4c8e9c2b, com.robms.model.MenuItem@4f32 (truncated)...]
2026-05-07T12:12:22.531+05:30 DEBUG 26528 --- [nio-8080-exec-2] m.m.a.RequestResponseBodyMethodProcessor : Writing [[com.robms.model.TableEntity@75bd2a08, com.robms.model.TableEntity@90b1a09, com.robms.model.TableEnt (truncated)...]
2026-05-07T12:12:22.531+05:30 DEBUG 26528 --- [nio-8080-exec-2] o.s.web.servlet.DispatcherServlet        : Completed 200 OK
2026-05-07T12:12:22.531+05:30 DEBUG 26528 --- [nio-8080-exec-4] o.s.web.servlet.DispatcherServlet        : Completed 200 OK
2026-05-07T12:12:22.534+05:30 DEBUG 26528 --- [nio-8080-exec-6] o.s.web.servlet.DispatcherServlet        : GET "/api/tables", parameters={}
2026-05-07T12:12:22.534+05:30 DEBUG 26528 --- [nio-8080-exec-7] o.s.web.servlet.DispatcherServlet        : GET "/api/menu/available", parameters={}
2026-05-07T12:12:22.534+05:30 DEBUG 26528 --- [nio-8080-exec-7] s.w.s.m.m.a.RequestMappingHandlerMapping : Mapped to com.robms.controller.MenuController#getAvailableMenuItems()
2026-05-07T12:12:22.534+05:30 DEBUG 26528 --- [nio-8080-exec-6] s.w.s.m.m.a.RequestMappingHandlerMapping : Mapped to com.robms.controller.TableController#getAllTables()
2026-05-07T12:12:22.535+05:30 DEBUG 26528 --- [nio-8080-exec-7] org.hibernate.SQL                        : select mi1_0.id,mi1_0.available,mi1_0.category,mi1_0.description,mi1_0.name,mi1_0.price from menu_items mi1_0 where mi1_0.available
2026-05-07T12:12:22.535+05:30 DEBUG 26528 --- [nio-8080-exec-6] org.hibernate.SQL                        : select te1_0.id,te1_0.capacity,te1_0.current_bill_amount,te1_0.name,te1_0.status from restaurant_tables te1_0
Hibernate: select mi1_0.id,mi1_0.available,mi1_0.category,mi1_0.description,mi1_0.name,mi1_0.price from menu_items mi1_0 where mi1_0.available
Hibernate: select te1_0.id,te1_0.capacity,te1_0.current_bill_amount,te1_0.name,te1_0.status from restaurant_tables te1_0
2026-05-07T12:12:22.536+05:30 DEBUG 26528 --- [nio-8080-exec-7] m.m.a.RequestResponseBodyMethodProcessor : Using 'application/json', given [application/json, text/plain, */*] and supported [application/json, application/*+json]
2026-05-07T12:12:22.536+05:30 DEBUG 26528 --- [nio-8080-exec-6] m.m.a.RequestResponseBodyMethodProcessor : Using 'application/json', given [application/json, text/plain, */*] and supported [application/json, application/*+json]
2026-05-07T12:12:22.536+05:30 DEBUG 26528 --- [nio-8080-exec-6] m.m.a.RequestResponseBodyMethodProcessor : Writing [[com.robms.model.TableEntity@7e72c247, com.robms.model.TableEntity@4ccb30a9, com.robms.model.TableEn (truncated)...]
2026-05-07T12:12:22.536+05:30 DEBUG 26528 --- [nio-8080-exec-6] o.s.web.servlet.DispatcherServlet        : Completed 200 OK
2026-05-07T12:12:22.536+05:30 DEBUG 26528 --- [nio-8080-exec-7] m.m.a.RequestResponseBodyMethodProcessor : Writing [[com.robms.model.MenuItem@6b65f246, com.robms.model.MenuItem@356704ee, com.robms.model.MenuItem@48a7 (truncated)...]
2026-05-07T12:12:22.538+05:30 DEBUG 26528 --- [nio-8080-exec-7] o.s.web.servlet.DispatcherServlet        : Completed 200 OK
2026-05-07T12:12:32.581+05:30 DEBUG 26528 --- [nio-8080-exec-1] o.s.web.servlet.DispatcherServlet        : GET "/api/orders/active", parameters={}
2026-05-07T12:12:32.581+05:30 DEBUG 26528 --- [nio-8080-exec-1] s.w.s.m.m.a.RequestMappingHandlerMapping : Mapped to com.robms.controller.OrderController#getActiveOrders()
2026-05-07T12:12:32.589+05:30 DEBUG 26528 --- [nio-8080-exec-1] org.hibernate.SQL                        : select o1_0.id,o1_0.order_time,o1_0.status,o1_0.table_id,o1_0.total_amount from orders o1_0 where o1_0.status not in (?,?)
Hibernate: select o1_0.id,o1_0.order_time,o1_0.status,o1_0.table_id,o1_0.total_amount from orders o1_0 where o1_0.status not in (?,?)
2026-05-07T12:12:32.589+05:30 DEBUG 26528 --- [nio-8080-exec-1] m.m.a.RequestResponseBodyMethodProcessor : Using 'application/json', given [application/json, text/plain, */*] and supported [application/json, application/*+json]
2026-05-07T12:12:32.589+05:30 DEBUG 26528 --- [nio-8080-exec-1] m.m.a.RequestResponseBodyMethodProcessor : Writing [[]]
2026-05-07T12:12:32.589+05:30 DEBUG 26528 --- [nio-8080-exec-1] o.s.web.servlet.DispatcherServlet        : Completed 200 OK
2026-05-07T12:12:32.597+05:30 DEBUG 26528 --- [nio-8080-exec-1] o.s.web.servlet.DispatcherServlet        : GET "/api/orders/active", parameters={}
2026-05-07T12:12:32.597+05:30 DEBUG 26528 --- [nio-8080-exec-1] s.w.s.m.m.a.RequestMappingHandlerMapping : Mapped to com.robms.controller.OrderController#getActiveOrders()
2026-05-07T12:12:32.597+05:30 DEBUG 26528 --- [nio-8080-exec-1] org.hibernate.SQL                        : select o1_0.id,o1_0.order_time,o1_0.status,o1_0.table_id,o1_0.total_amount from orders o1_0 where o1_0.status not in (?,?)
Hibernate: select o1_0.id,o1_0.order_time,o1_0.status,o1_0.table_id,o1_0.total_amount from orders o1_0 where o1_0.status not in (?,?)
2026-05-07T12:12:32.589+05:30 DEBUG 26528 --- [nio-8080-exec-8] o.s.web.servlet.DispatcherServlet        : GET "/ws/info?t=1778136152590", parameters={masked}
2026-05-07T12:12:32.597+05:30 DEBUG 26528 --- [nio-8080-exec-8] o.s.w.s.s.s.WebSocketHandlerMapping      : Mapped to org.springframework.web.socket.sockjs.support.SockJsHttpRequestHandler@2e2c9e24
2026-05-07T12:12:32.597+05:30 DEBUG 26528 --- [nio-8080-exec-8] o.s.w.s.s.t.h.DefaultSockJsService       : Processing transport request: GET http://localhost:8080/ws/info?t=1778136152590
2026-05-07T12:12:32.597+05:30 DEBUG 26528 --- [nio-8080-exec-8] o.s.web.servlet.DispatcherServlet        : Completed 200 OK
2026-05-07T12:12:32.589+05:30 DEBUG 26528 --- [nio-8080-exec-5] o.s.web.servlet.DispatcherServlet        : GET "/ws/info?t=1778136152589", parameters={masked}
2026-05-07T12:12:32.606+05:30 DEBUG 26528 --- [nio-8080-exec-5] o.s.w.s.s.s.WebSocketHandlerMapping      : Mapped to org.springframework.web.socket.sockjs.support.SockJsHttpRequestHandler@2e2c9e24
2026-05-07T12:12:32.606+05:30 DEBUG 26528 --- [nio-8080-exec-5] o.s.w.s.s.t.h.DefaultSockJsService       : Processing transport request: GET http://localhost:8080/ws/info?t=1778136152589
2026-05-07T12:12:32.606+05:30 DEBUG 26528 --- [nio-8080-exec-5] o.s.web.servlet.DispatcherServlet        : Completed 200 OK
2026-05-07T12:12:32.597+05:30 DEBUG 26528 --- [nio-8080-exec-1] m.m.a.RequestResponseBodyMethodProcessor : Using 'application/json', given [application/json, text/plain, */*] and supported [application/json, application/*+json]
2026-05-07T12:12:32.606+05:30 DEBUG 26528 --- [nio-8080-exec-1] m.m.a.RequestResponseBodyMethodProcessor : Writing [[]]
2026-05-07T12:12:32.606+05:30 DEBUG 26528 --- [nio-8080-exec-1] o.s.web.servlet.DispatcherServlet        : Completed 200 OK
2026-05-07T12:12:32.606+05:30 DEBUG 26528 --- [nio-8080-exec-3] o.s.web.servlet.DispatcherServlet        : GET "/ws/253/du4ocsr2/websocket", parameters={}
2026-05-07T12:12:32.606+05:30 DEBUG 26528 --- [nio-8080-exec-3] o.s.w.s.s.s.WebSocketHandlerMapping      : Mapped to org.springframework.web.socket.sockjs.support.SockJsHttpRequestHandler@2e2c9e24
2026-05-07T12:12:32.614+05:30 DEBUG 26528 --- [nio-8080-exec-3] o.s.w.s.s.t.h.DefaultSockJsService       : Processing transport request: GET http://localhost:8080/ws/253/du4ocsr2/websocket
2026-05-07T12:12:32.614+05:30 DEBUG 26528 --- [nio-8080-exec-3] o.s.web.servlet.DispatcherServlet        : Completed 101 SWITCHING_PROTOCOLS
2026-05-07T12:12:32.614+05:30 DEBUG 26528 --- [nio-8080-exec-3] s.w.s.h.LoggingWebSocketHandlerDecorator : New WebSocketServerSockJsSession[id=du4ocsr2]
2026-05-07T12:12:32.647+05:30 DEBUG 26528 --- [nio-8080-exec-9] o.s.web.servlet.DispatcherServlet        : GET "/ws/619/axlmur1x/websocket", parameters={}
2026-05-07T12:12:32.648+05:30 DEBUG 26528 --- [nio-8080-exec-9] o.s.w.s.s.s.WebSocketHandlerMapping      : Mapped to org.springframework.web.socket.sockjs.support.SockJsHttpRequestHandler@2e2c9e24
2026-05-07T12:12:32.648+05:30 DEBUG 26528 --- [nio-8080-exec-9] o.s.w.s.s.t.h.DefaultSockJsService       : Processing transport request: GET http://localhost:8080/ws/619/axlmur1x/websocket
2026-05-07T12:12:32.649+05:30 DEBUG 26528 --- [oundChannel-113] org.springframework.web.SimpLogging      : Processing CONNECT session=du4ocsr2
2026-05-07T12:12:32.649+05:30 DEBUG 26528 --- [nio-8080-exec-9] o.s.web.servlet.DispatcherServlet        : Completed 101 SWITCHING_PROTOCOLS
2026-05-07T12:12:32.649+05:30 DEBUG 26528 --- [nio-8080-exec-9] s.w.s.h.LoggingWebSocketHandlerDecorator : New WebSocketServerSockJsSession[id=axlmur1x]
2026-05-07T12:12:32.662+05:30 DEBUG 26528 --- [oundChannel-116] org.springframework.web.SimpLogging      : Processing SUBSCRIBE /topic/orders id=sub-0 session=du4ocsr2
2026-05-07T12:12:39.299+05:30 DEBUG 26528 --- [nio-8080-exec-4] s.w.s.h.LoggingWebSocketHandlerDecorator : WebSocketServerSockJsSession[id=du4ocsr2] closed with CloseStatus[code=1000, reason=null]
2026-05-07T12:12:39.332+05:30 DEBUG 26528 --- [nio-8080-exec-4] o.s.w.s.m.SubProtocolWebSocketHandler    : Clearing session du4ocsr2
2026-05-07T12:12:39.321+05:30 DEBUG 26528 --- [nio-8080-exec-6] s.w.s.h.LoggingWebSocketHandlerDecorator : WebSocketServerSockJsSession[id=axlmur1x] closed with CloseStatus[code=1000, reason=null]
2026-05-07T12:12:39.332+05:30 DEBUG 26528 --- [nio-8080-exec-6] o.s.w.s.m.SubProtocolWebSocketHandler    : Clearing session axlmur1x
2026-05-07T12:12:39.347+05:30 DEBUG 26528 --- [oundChannel-119] org.springframework.web.SimpLogging      : Processing DISCONNECT session=du4ocsr2
2026-05-07T12:12:39.353+05:30 DEBUG 26528 --- [oundChannel-122] org.springframework.web.SimpLogging      : Processing DISCONNECT session=axlmur1x
2026-05-07T12:12:39.488+05:30 DEBUG 26528 --- [boundChannel-41] o.s.w.s.m.SubProtocolWebSocketHandler    : No session for GenericMessage [payload=byte[0], headers={simpMessageType=DISCONNECT_ACK, simpDisconnectMessage=GenericMessage [payload=byte[0], headers={simpMessageType=DISCONNECT, stompCommand=DISCONNECT, simpSessionAttributes={org.springframework.messaging.simp.SimpAttributes.COMPLETED=true}, simpSessionId=du4ocsr2}], simpSessionId=du4ocsr2}]
2026-05-07T12:12:39.490+05:30 DEBUG 26528 --- [boundChannel-42] o.s.w.s.m.SubProtocolWebSocketHandler    : No session for GenericMessage [payload=byte[0], headers={simpMessageType=DISCONNECT_ACK, simpDisconnectMessage=GenericMessage [payload=byte[0], headers={simpMessageType=DISCONNECT, stompCommand=DISCONNECT, simpSessionAttributes={org.springframework.messaging.simp.SimpAttributes.COMPLETED=true}, simpSessionId=axlmur1x}], simpSessionId=axlmur1x}]
2026-05-07T12:12:40.035+05:30 DEBUG 26528 --- [nio-8080-exec-7] o.s.web.servlet.DispatcherServlet        : GET "/api/tables", parameters={}
2026-05-07T12:12:40.035+05:30 DEBUG 26528 --- [nio-8080-exec-7] s.w.s.m.m.a.RequestMappingHandlerMapping : Mapped to com.robms.controller.TableController#getAllTables()
2026-05-07T12:12:40.035+05:30 DEBUG 26528 --- [nio-8080-exec-7] org.hibernate.SQL                        : select te1_0.id,te1_0.capacity,te1_0.current_bill_amount,te1_0.name,te1_0.status from restaurant_tables te1_0
Hibernate: select te1_0.id,te1_0.capacity,te1_0.current_bill_amount,te1_0.name,te1_0.status from restaurant_tables te1_0
2026-05-07T12:12:40.041+05:30 DEBUG 26528 --- [nio-8080-exec-7] m.m.a.RequestResponseBodyMethodProcessor : Using 'application/json', given [application/json, text/plain, */*] and supported [application/json, application/*+json]
2026-05-07T12:12:40.041+05:30 DEBUG 26528 --- [nio-8080-exec-7] m.m.a.RequestResponseBodyMethodProcessor : Writing [[com.robms.model.TableEntity@37106786, com.robms.model.TableEntity@2a00701e, com.robms.model.TableEn (truncated)...]
2026-05-07T12:12:40.041+05:30 DEBUG 26528 --- [nio-8080-exec-7] o.s.web.servlet.DispatcherServlet        : Completed 200 OK
2026-05-07T12:12:40.045+05:30 DEBUG 26528 --- [nio-8080-exec-7] o.s.web.servlet.DispatcherServlet        : GET "/api/tables", parameters={}
2026-05-07T12:12:40.045+05:30 DEBUG 26528 --- [nio-8080-exec-7] s.w.s.m.m.a.RequestMappingHandlerMapping : Mapped to com.robms.controller.TableController#getAllTables()
2026-05-07T12:12:40.045+05:30 DEBUG 26528 --- [nio-8080-exec-7] org.hibernate.SQL                        : select te1_0.id,te1_0.capacity,te1_0.current_bill_amount,te1_0.name,te1_0.status from restaurant_tables te1_0
Hibernate: select te1_0.id,te1_0.capacity,te1_0.current_bill_amount,te1_0.name,te1_0.status from restaurant_tables te1_0
2026-05-07T12:12:40.049+05:30 DEBUG 26528 --- [nio-8080-exec-7] m.m.a.RequestResponseBodyMethodProcessor : Using 'application/json', given [application/json, text/plain, */*] and supported [application/json, application/*+json]
2026-05-07T12:12:40.049+05:30 DEBUG 26528 --- [nio-8080-exec-7] m.m.a.RequestResponseBodyMethodProcessor : Writing [[com.robms.model.TableEntity@dceddf2, com.robms.model.TableEntity@96a765, com.robms.model.TableEntit (truncated)...]
2026-05-07T12:12:40.049+05:30 DEBUG 26528 --- [nio-8080-exec-7] o.s.web.servlet.DispatcherServlet        : Completed 200 OK
2026-05-07T12:12:42.778+05:30 DEBUG 26528 --- [nio-8080-exec-8] o.s.web.servlet.DispatcherServlet        : GET "/api/tables", parameters={}
2026-05-07T12:12:42.800+05:30 DEBUG 26528 --- [nio-8080-exec-8] s.w.s.m.m.a.RequestMappingHandlerMapping : Mapped to com.robms.controller.TableController#getAllTables()
2026-05-07T12:12:42.800+05:30 DEBUG 26528 --- [nio-8080-exec-8] org.hibernate.SQL                        : select te1_0.id,te1_0.capacity,te1_0.current_bill_amount,te1_0.name,te1_0.status from restaurant_tables te1_0
Hibernate: select te1_0.id,te1_0.capacity,te1_0.current_bill_amount,te1_0.name,te1_0.status from restaurant_tables te1_0
2026-05-07T12:12:42.800+05:30 DEBUG 26528 --- [nio-8080-exec-8] m.m.a.RequestResponseBodyMethodProcessor : Using 'application/json', given [application/json, text/plain, */*] and supported [application/json, application/*+json]
2026-05-07T12:12:42.800+05:30 DEBUG 26528 --- [nio-8080-exec-8] m.m.a.RequestResponseBodyMethodProcessor : Writing [[com.robms.model.TableEntity@6aa3bff2, com.robms.model.TableEntity@445bcf4b, com.robms.model.TableEn (truncated)...]
2026-05-07T12:12:42.805+05:30 DEBUG 26528 --- [nio-8080-exec-8] o.s.web.servlet.DispatcherServlet        : Completed 200 OK
2026-05-07T12:12:42.805+05:30 DEBUG 26528 --- [nio-8080-exec-5] o.s.web.servlet.DispatcherServlet        : GET "/api/tables", parameters={}
2026-05-07T12:12:42.805+05:30 DEBUG 26528 --- [nio-8080-exec-5] s.w.s.m.m.a.RequestMappingHandlerMapping : Mapped to com.robms.controller.TableController#getAllTables()
2026-05-07T12:12:42.805+05:30 DEBUG 26528 --- [nio-8080-exec-5] org.hibernate.SQL                        : select te1_0.id,te1_0.capacity,te1_0.current_bill_amount,te1_0.name,te1_0.status from restaurant_tables te1_0
Hibernate: select te1_0.id,te1_0.capacity,te1_0.current_bill_amount,te1_0.name,te1_0.status from restaurant_tables te1_0
2026-05-07T12:12:42.805+05:30 DEBUG 26528 --- [nio-8080-exec-5] m.m.a.RequestResponseBodyMethodProcessor : Using 'application/json', given [application/json, text/plain, */*] and supported [application/json, application/*+json]
2026-05-07T12:12:42.805+05:30 DEBUG 26528 --- [nio-8080-exec-5] m.m.a.RequestResponseBodyMethodProcessor : Writing [[com.robms.model.TableEntity@32a91ff, com.robms.model.TableEntity@40c8e678, com.robms.model.TableEnt (truncated)...]
2026-05-07T12:12:42.805+05:30 DEBUG 26528 --- [nio-8080-exec-5] o.s.web.servlet.DispatcherServlet        : Completed 200 OK
2026-05-07T12:12:48.750+05:30 DEBUG 26528 --- [MessageBroker-5] o.s.w.s.s.t.h.DefaultSockJsService       : Closed 2 sessions: [du4ocsr2, axlmur1x]
2026-05-07T12:12:52.795+05:30 DEBUG 26528 --- [nio-8080-exec-1] o.s.web.servlet.DispatcherServlet        : GET "/api/tables", parameters={}
2026-05-07T12:12:52.795+05:30 DEBUG 26528 --- [nio-8080-exec-1] s.w.s.m.m.a.RequestMappingHandlerMapping : Mapped to com.robms.controller.TableController#getAllTables()
2026-05-07T12:12:52.795+05:30 DEBUG 26528 --- [nio-8080-exec-1] org.hibernate.SQL                        : select te1_0.id,te1_0.capacity,te1_0.current_bill_amount,te1_0.name,te1_0.status from restaurant_tables te1_0
Hibernate: select te1_0.id,te1_0.capacity,te1_0.current_bill_amount,te1_0.name,te1_0.status from restaurant_tables te1_0
2026-05-07T12:12:52.795+05:30 DEBUG 26528 --- [nio-8080-exec-1] m.m.a.RequestResponseBodyMethodProcessor : Using 'application/json', given [application/json, text/plain, */*] and supported [application/json, application/*+json]
2026-05-07T12:12:52.799+05:30 DEBUG 26528 --- [nio-8080-exec-1] m.m.a.RequestResponseBodyMethodProcessor : Writing [[com.robms.model.TableEntity@56d60e5e, com.robms.model.TableEntity@29203915, com.robms.model.TableEn (truncated)...]
2026-05-07T12:12:52.800+05:30 DEBUG 26528 --- [nio-8080-exec-1] o.s.web.servlet.DispatcherServlet        : Completed 200 OK
2026-05-07T12:13:02.464+05:30 DEBUG 26528 --- [nio-8080-exec-3] o.s.web.servlet.DispatcherServlet        : GET "/api/tables", parameters={}
2026-05-07T12:13:02.483+05:30 DEBUG 26528 --- [nio-8080-exec-3] s.w.s.m.m.a.RequestMappingHandlerMapping : Mapped to com.robms.controller.TableController#getAllTables()
2026-05-07T12:13:02.486+05:30 DEBUG 26528 --- [nio-8080-exec-3] org.hibernate.SQL                        : select te1_0.id,te1_0.capacity,te1_0.current_bill_amount,te1_0.name,te1_0.status from restaurant_tables te1_0
Hibernate: select te1_0.id,te1_0.capacity,te1_0.current_bill_amount,te1_0.name,te1_0.status from restaurant_tables te1_0
2026-05-07T12:13:02.487+05:30 DEBUG 26528 --- [nio-8080-exec-3] m.m.a.RequestResponseBodyMethodProcessor : Using 'application/json', given [application/json, text/plain, */*] and supported [application/json, application/*+json]
2026-05-07T12:13:02.487+05:30 DEBUG 26528 --- [nio-8080-exec-3] m.m.a.RequestResponseBodyMethodProcessor : Writing [[com.robms.model.TableEntity@63dd542f, com.robms.model.TableEntity@14d24e9d, com.robms.model.TableEn (truncated)...]
2026-05-07T12:13:02.487+05:30 DEBUG 26528 --- [nio-8080-exec-3] o.s.web.servlet.DispatcherServlet        : Completed 200 OK
2026-05-07T12:13:02.790+05:30 DEBUG 26528 --- [nio-8080-exec-9] o.s.web.servlet.DispatcherServlet        : GET "/api/tables", parameters={}
2026-05-07T12:13:02.813+05:30 DEBUG 26528 --- [nio-8080-exec-9] s.w.s.m.m.a.RequestMappingHandlerMapping : Mapped to com.robms.controller.TableController#getAllTables()
2026-05-07T12:13:02.813+05:30 DEBUG 26528 --- [nio-8080-exec-9] org.hibernate.SQL                        : select te1_0.id,te1_0.capacity,te1_0.current_bill_amount,te1_0.name,te1_0.status from restaurant_tables te1_0
Hibernate: select te1_0.id,te1_0.capacity,te1_0.current_bill_amount,te1_0.name,te1_0.status from restaurant_tables te1_0
2026-05-07T12:13:02.813+05:30 DEBUG 26528 --- [nio-8080-exec-9] m.m.a.RequestResponseBodyMethodProcessor : Using 'application/json', given [application/json, text/plain, */*] and supported [application/json, application/*+json]
2026-05-07T12:13:02.817+05:30 DEBUG 26528 --- [nio-8080-exec-9] m.m.a.RequestResponseBodyMethodProcessor : Writing [[com.robms.model.TableEntity@58400e80, com.robms.model.TableEntity@7761b4ee, com.robms.model.TableEn (truncated)...]
2026-05-07T12:13:02.820+05:30 DEBUG 26528 --- [nio-8080-exec-9] o.s.web.servlet.DispatcherServlet        : Completed 200 OK
2026-05-07T12:13:12.792+05:30 DEBUG 26528 --- [nio-8080-exec-2] o.s.web.servlet.DispatcherServlet        : GET "/api/tables", parameters={}
2026-05-07T12:13:12.811+05:30 DEBUG 26528 --- [nio-8080-exec-2] s.w.s.m.m.a.RequestMappingHandlerMapping : Mapped to com.robms.controller.TableController#getAllTables()
2026-05-07T12:13:12.811+05:30 DEBUG 26528 --- [nio-8080-exec-2] org.hibernate.SQL                        : select te1_0.id,te1_0.capacity,te1_0.current_bill_amount,te1_0.name,te1_0.status from restaurant_tables te1_0
Hibernate: select te1_0.id,te1_0.capacity,te1_0.current_bill_amount,te1_0.name,te1_0.status from restaurant_tables te1_0
2026-05-07T12:13:12.815+05:30 DEBUG 26528 --- [nio-8080-exec-2] m.m.a.RequestResponseBodyMethodProcessor : Using 'application/json', given [application/json, text/plain, */*] and supported [application/json, application/*+json]
2026-05-07T12:13:12.815+05:30 DEBUG 26528 --- [nio-8080-exec-2] m.m.a.RequestResponseBodyMethodProcessor : Writing [[com.robms.model.TableEntity@45bb0b3a, com.robms.model.TableEntity@3f225f, com.robms.model.TableEnti (truncated)...]
2026-05-07T12:13:12.817+05:30 DEBUG 26528 --- [nio-8080-exec-2] o.s.web.servlet.DispatcherServlet        : Completed 200 OK
2026-05-07T12:14:02.487+05:30 DEBUG 26528 --- [nio-8080-exec-7] o.s.web.servlet.DispatcherServlet        : GET "/api/tables", parameters={}
2026-05-07T12:14:02.506+05:30 DEBUG 26528 --- [nio-8080-exec-7] s.w.s.m.m.a.RequestMappingHandlerMapping : Mapped to com.robms.controller.TableController#getAllTables()
2026-05-07T12:14:02.506+05:30 DEBUG 26528 --- [nio-8080-exec-7] org.hibernate.SQL                        : select te1_0.id,te1_0.capacity,te1_0.current_bill_amount,te1_0.name,te1_0.status from restaurant_tables te1_0
Hibernate: select te1_0.id,te1_0.capacity,te1_0.current_bill_amount,te1_0.name,te1_0.status from restaurant_tables te1_0
2026-05-07T12:14:02.506+05:30 DEBUG 26528 --- [nio-8080-exec-7] m.m.a.RequestResponseBodyMethodProcessor : Using 'application/json', given [application/json, text/plain, */*] and supported [application/json, application/*+json]
2026-05-07T12:14:02.506+05:30 DEBUG 26528 --- [nio-8080-exec-7] m.m.a.RequestResponseBodyMethodProcessor : Writing [[com.robms.model.TableEntity@1bde546a, com.robms.model.TableEntity@38ec8fc2, com.robms.model.TableEn (truncated)...]
2026-05-07T12:14:02.506+05:30 DEBUG 26528 --- [nio-8080-exec-7] o.s.web.servlet.DispatcherServlet        : Completed 200 OK
2026-05-07T12:15:02.450+05:30 DEBUG 26528 --- [nio-8080-exec-8] o.s.web.servlet.DispatcherServlet        : GET "/api/tables", parameters={}
2026-05-07T12:15:02.480+05:30 DEBUG 26528 --- [nio-8080-exec-8] s.w.s.m.m.a.RequestMappingHandlerMapping : Mapped to com.robms.controller.TableController#getAllTables()
2026-05-07T12:15:02.480+05:30 DEBUG 26528 --- [nio-8080-exec-8] org.hibernate.SQL                        : select te1_0.id,te1_0.capacity,te1_0.current_bill_amount,te1_0.name,te1_0.status from restaurant_tables te1_0
Hibernate: select te1_0.id,te1_0.capacity,te1_0.current_bill_amount,te1_0.name,te1_0.status from restaurant_tables te1_0
2026-05-07T12:15:02.480+05:30 DEBUG 26528 --- [nio-8080-exec-8] m.m.a.RequestResponseBodyMethodProcessor : Using 'application/json', given [application/json, text/plain, */*] and supported [application/json, application/*+json]
2026-05-07T12:15:02.480+05:30 DEBUG 26528 --- [nio-8080-exec-8] m.m.a.RequestResponseBodyMethodProcessor : Writing [[com.robms.model.TableEntity@3da589fa, com.robms.model.TableEntity@34b6aaa7, com.robms.model.TableEn (truncated)...]
2026-05-07T12:15:02.480+05:30 DEBUG 26528 --- [nio-8080-exec-8] o.s.web.servlet.DispatcherServlet        : Completed 200 OK
2026-05-07T12:16:02.477+05:30 DEBUG 26528 --- [nio-8080-exec-5] o.s.web.servlet.DispatcherServlet        : GET "/api/tables", parameters={}
2026-05-07T12:16:02.495+05:30 DEBUG 26528 --- [nio-8080-exec-5] s.w.s.m.m.a.RequestMappingHandlerMapping : Mapped to com.robms.controller.TableController#getAllTables()
2026-05-07T12:16:02.495+05:30 DEBUG 26528 --- [nio-8080-exec-5] org.hibernate.SQL                        : select te1_0.id,te1_0.capacity,te1_0.current_bill_amount,te1_0.name,te1_0.status from restaurant_tables te1_0
Hibernate: select te1_0.id,te1_0.capacity,te1_0.current_bill_amount,te1_0.name,te1_0.status from restaurant_tables te1_0
2026-05-07T12:16:02.495+05:30 DEBUG 26528 --- [nio-8080-exec-5] m.m.a.RequestResponseBodyMethodProcessor : Using 'application/json', given [application/json, text/plain, */*] and supported [application/json, application/*+json]
2026-05-07T12:16:02.495+05:30 DEBUG 26528 --- [nio-8080-exec-5] m.m.a.RequestResponseBodyMethodProcessor : Writing [[com.robms.model.TableEntity@5409d64c, com.robms.model.TableEntity@519592be, com.robms.model.TableEn (truncated)...]
2026-05-07T12:16:02.495+05:30 DEBUG 26528 --- [nio-8080-exec-5] o.s.web.servlet.DispatcherServlet        : Completed 200 OK
2026-05-07T12:17:02.469+05:30 DEBUG 26528 --- [nio-8080-exec-1] o.s.web.servlet.DispatcherServlet        : GET "/api/tables", parameters={}
2026-05-07T12:17:02.492+05:30 DEBUG 26528 --- [nio-8080-exec-1] s.w.s.m.m.a.RequestMappingHandlerMapping : Mapped to com.robms.controller.TableController#getAllTables()
2026-05-07T12:17:02.513+05:30 DEBUG 26528 --- [nio-8080-exec-1] org.hibernate.SQL                        : select te1_0.id,te1_0.capacity,te1_0.current_bill_amount,te1_0.name,te1_0.status from restaurant_tables te1_0
Hibernate: select te1_0.id,te1_0.capacity,te1_0.current_bill_amount,te1_0.name,te1_0.status from restaurant_tables te1_0
2026-05-07T12:17:02.528+05:30 DEBUG 26528 --- [nio-8080-exec-1] m.m.a.RequestResponseBodyMethodProcessor : Using 'application/json', given [application/json, text/plain, */*] and supported [application/json, application/*+json]
2026-05-07T12:17:02.528+05:30 DEBUG 26528 --- [nio-8080-exec-1] m.m.a.RequestResponseBodyMethodProcessor : Writing [[com.robms.model.TableEntity@5de1acf8, com.robms.model.TableEntity@6a568ac4, com.robms.model.TableEn (truncated)...]
2026-05-07T12:17:02.531+05:30 DEBUG 26528 --- [nio-8080-exec-1] o.s.web.servlet.DispatcherServlet        : Completed 200 OK
2026-05-07T12:18:02.465+05:30 DEBUG 26528 --- [nio-8080-exec-3] o.s.web.servlet.DispatcherServlet        : GET "/api/tables", parameters={}
2026-05-07T12:18:02.486+05:30 DEBUG 26528 --- [nio-8080-exec-3] s.w.s.m.m.a.RequestMappingHandlerMapping : Mapped to com.robms.controller.TableController#getAllTables()
2026-05-07T12:18:02.486+05:30 DEBUG 26528 --- [nio-8080-exec-3] org.hibernate.SQL                        : select te1_0.id,te1_0.capacity,te1_0.current_bill_amount,te1_0.name,te1_0.status from restaurant_tables te1_0
Hibernate: select te1_0.id,te1_0.capacity,te1_0.current_bill_amount,te1_0.name,te1_0.status from restaurant_tables te1_0
2026-05-07T12:18:02.486+05:30 DEBUG 26528 --- [nio-8080-exec-3] m.m.a.RequestResponseBodyMethodProcessor : Using 'application/json', given [application/json, text/plain, */*] and supported [application/json, application/*+json]
2026-05-07T12:18:02.490+05:30 DEBUG 26528 --- [nio-8080-exec-3] m.m.a.RequestResponseBodyMethodProcessor : Writing [[com.robms.model.TableEntity@27eece45, com.robms.model.TableEntity@3aeebc3e, com.robms.model.TableEn (truncated)...]
2026-05-07T12:18:02.490+05:30 DEBUG 26528 --- [nio-8080-exec-3] o.s.web.servlet.DispatcherServlet        : Completed 200 OK
2026-05-07T12:19:02.453+05:30 DEBUG 26528 --- [nio-8080-exec-9] o.s.web.servlet.DispatcherServlet        : GET "/api/tables", parameters={}
2026-05-07T12:19:02.475+05:30 DEBUG 26528 --- [nio-8080-exec-9] s.w.s.m.m.a.RequestMappingHandlerMapping : Mapped to com.robms.controller.TableController#getAllTables()
2026-05-07T12:19:02.477+05:30 DEBUG 26528 --- [nio-8080-exec-9] org.hibernate.SQL                        : select te1_0.id,te1_0.capacity,te1_0.current_bill_amount,te1_0.name,te1_0.status from restaurant_tables te1_0
Hibernate: select te1_0.id,te1_0.capacity,te1_0.current_bill_amount,te1_0.name,te1_0.status from restaurant_tables te1_0
2026-05-07T12:19:02.477+05:30 DEBUG 26528 --- [nio-8080-exec-9] m.m.a.RequestResponseBodyMethodProcessor : Using 'application/json', given [application/json, text/plain, */*] and supported [application/json, application/*+json]
2026-05-07T12:19:02.477+05:30 DEBUG 26528 --- [nio-8080-exec-9] m.m.a.RequestResponseBodyMethodProcessor : Writing [[com.robms.model.TableEntity@18e8734c, com.robms.model.TableEntity@3672924d, com.robms.model.TableEn (truncated)...]
2026-05-07T12:19:02.477+05:30 DEBUG 26528 --- [nio-8080-exec-9] o.s.web.servlet.DispatcherServlet        : Completed 200 OK
2026-05-07T12:20:02.469+05:30 DEBUG 26528 --- [nio-8080-exec-2] o.s.web.servlet.DispatcherServlet        : GET "/api/tables", parameters={}
2026-05-07T12:20:02.490+05:30 DEBUG 26528 --- [nio-8080-exec-2] s.w.s.m.m.a.RequestMappingHandlerMapping : Mapped to com.robms.controller.TableController#getAllTables()
2026-05-07T12:20:02.490+05:30 DEBUG 26528 --- [nio-8080-exec-2] org.hibernate.SQL                        : select te1_0.id,te1_0.capacity,te1_0.current_bill_amount,te1_0.name,te1_0.status from restaurant_tables te1_0
Hibernate: select te1_0.id,te1_0.capacity,te1_0.current_bill_amount,te1_0.name,te1_0.status from restaurant_tables te1_0
2026-05-07T12:20:02.490+05:30 DEBUG 26528 --- [nio-8080-exec-2] m.m.a.RequestResponseBodyMethodProcessor : Using 'application/json', given [application/json, text/plain, */*] and supported [application/json, application/*+json]
2026-05-07T12:20:02.490+05:30 DEBUG 26528 --- [nio-8080-exec-2] m.m.a.RequestResponseBodyMethodProcessor : Writing [[com.robms.model.TableEntity@99191f4, com.robms.model.TableEntity@5a2dd567, com.robms.model.TableEnt (truncated)...]
2026-05-07T12:20:02.490+05:30 DEBUG 26528 --- [nio-8080-exec-2] o.s.web.servlet.DispatcherServlet        : Completed 200 OK
2026-05-07T12:21:02.521+05:30 DEBUG 26528 --- [nio-8080-exec-4] o.s.web.servlet.DispatcherServlet        : GET "/api/tables", parameters={}
2026-05-07T12:21:02.521+05:30 DEBUG 26528 --- [nio-8080-exec-4] s.w.s.m.m.a.RequestMappingHandlerMapping : Mapped to com.robms.controller.TableController#getAllTables()
2026-05-07T12:21:02.521+05:30 DEBUG 26528 --- [nio-8080-exec-4] org.hibernate.SQL                        : select te1_0.id,te1_0.capacity,te1_0.current_bill_amount,te1_0.name,te1_0.status from restaurant_tables te1_0
Hibernate: select te1_0.id,te1_0.capacity,te1_0.current_bill_amount,te1_0.name,te1_0.status from restaurant_tables te1_0
2026-05-07T12:21:02.521+05:30 DEBUG 26528 --- [nio-8080-exec-4] m.m.a.RequestResponseBodyMethodProcessor : Using 'application/json', given [application/json, text/plain, */*] and supported [application/json, application/*+json]
2026-05-07T12:21:02.521+05:30 DEBUG 26528 --- [nio-8080-exec-4] m.m.a.RequestResponseBodyMethodProcessor : Writing [[com.robms.model.TableEntity@528bbe87, com.robms.model.TableEntity@476cfd8a, com.robms.model.TableEn (truncated)...]
2026-05-07T12:21:02.526+05:30 DEBUG 26528 --- [nio-8080-exec-4] o.s.web.servlet.DispatcherServlet        : Completed 200 OK
2026-05-07T12:21:14.798+05:30 DEBUG 26528 --- [nio-8080-exec-6] o.s.web.servlet.DispatcherServlet        : GET "/api/tables", parameters={}
2026-05-07T12:21:14.808+05:30 DEBUG 26528 --- [nio-8080-exec-6] s.w.s.m.m.a.RequestMappingHandlerMapping : Mapped to com.robms.controller.TableController#getAllTables()
2026-05-07T12:21:14.810+05:30 DEBUG 26528 --- [nio-8080-exec-6] org.hibernate.SQL                        : select te1_0.id,te1_0.capacity,te1_0.current_bill_amount,te1_0.name,te1_0.status from restaurant_tables te1_0
Hibernate: select te1_0.id,te1_0.capacity,te1_0.current_bill_amount,te1_0.name,te1_0.status from restaurant_tables te1_0
2026-05-07T12:21:14.810+05:30 DEBUG 26528 --- [nio-8080-exec-6] m.m.a.RequestResponseBodyMethodProcessor : Using 'application/json', given [application/json, text/plain, */*] and supported [application/json, application/*+json]
2026-05-07T12:21:14.810+05:30 DEBUG 26528 --- [nio-8080-exec-6] m.m.a.RequestResponseBodyMethodProcessor : Writing [[com.robms.model.TableEntity@4c4363aa, com.robms.model.TableEntity@37e61c73, com.robms.model.TableEn (truncated)...]
2026-05-07T12:21:14.811+05:30 DEBUG 26528 --- [nio-8080-exec-6] o.s.web.servlet.DispatcherServlet        : Completed 200 OK
2026-05-07T12:39:26.798+05:30  INFO 26528 --- [MessageBroker-5] o.s.w.s.c.WebSocketMessageBrokerStats    : WebSocketSession[0 current WS(0)-HttpStream(0)-HttpPoll(0), 22 total, 0 closed abnormally (0 connect failure, 0 send limit, 3 transport error)], stompSubProtocol[processed CONNECT(11)-CONNECTED(11)-DISCONNECT(1)], stompBrokerRelay[null], inboundChannel[pool size = 0, active threads = 0, queued tasks = 0, completed tasks = 135], outboundChannel[pool size = 0, active threads = 0, queued tasks = 0, completed tasks = 42], sockJsScheduler[pool size = 12, active threads = 2, queued tasks = 0, completed tasks = 10757]
2026-05-07T12:39:41.660+05:30  WARN 26528 --- [l-1 housekeeper] com.zaxxer.hikari.pool.HikariPool        : HikariPool-1 - Thread starvation or clock leap detected (housekeeper delta=3m48s63ms256µs200ns).
2026-05-07T12:48:05.099+05:30 DEBUG 26528 --- [nio-8080-exec-7] o.s.web.servlet.DispatcherServlet        : GET "/api/tables", parameters={}
2026-05-07T12:48:05.100+05:30 DEBUG 26528 --- [nio-8080-exec-7] s.w.s.m.m.a.RequestMappingHandlerMapping : Mapped to com.robms.controller.TableController#getAllTables()
2026-05-07T12:48:05.102+05:30 DEBUG 26528 --- [nio-8080-exec-7] org.hibernate.SQL                        : select te1_0.id,te1_0.capacity,te1_0.current_bill_amount,te1_0.name,te1_0.status from restaurant_tables te1_0
Hibernate: select te1_0.id,te1_0.capacity,te1_0.current_bill_amount,te1_0.name,te1_0.status from restaurant_tables te1_0
2026-05-07T12:48:05.105+05:30 DEBUG 26528 --- [nio-8080-exec-7] m.m.a.RequestResponseBodyMethodProcessor : Using 'application/json', given [application/json, text/plain, */*] and supported [application/json, application/*+json]
2026-05-07T12:48:05.107+05:30 DEBUG 26528 --- [nio-8080-exec-7] m.m.a.RequestResponseBodyMethodProcessor : Writing [[com.robms.model.TableEntity@25b9153f, com.robms.model.TableEntity@68e59bae, com.robms.model.TableEn (truncated)...]
2026-05-07T12:48:05.108+05:30 DEBUG 26528 --- [nio-8080-exec-7] o.s.web.servlet.DispatcherServlet        : Completed 200 OK
2026-05-07T12:48:05.112+05:30 DEBUG 26528 --- [nio-8080-exec-8] o.s.web.servlet.DispatcherServlet        : GET "/api/tables", parameters={}
2026-05-07T12:48:05.114+05:30 DEBUG 26528 --- [nio-8080-exec-8] s.w.s.m.m.a.RequestMappingHandlerMapping : Mapped to com.robms.controller.TableController#getAllTables()
2026-05-07T12:48:05.115+05:30 DEBUG 26528 --- [nio-8080-exec-8] org.hibernate.SQL                        : select te1_0.id,te1_0.capacity,te1_0.current_bill_amount,te1_0.name,te1_0.status from restaurant_tables te1_0
Hibernate: select te1_0.id,te1_0.capacity,te1_0.current_bill_amount,te1_0.name,te1_0.status from restaurant_tables te1_0
2026-05-07T12:48:05.116+05:30 DEBUG 26528 --- [nio-8080-exec-8] m.m.a.RequestResponseBodyMethodProcessor : Using 'application/json', given [application/json, text/plain, */*] and supported [application/json, application/*+json]
2026-05-07T12:48:05.117+05:30 DEBUG 26528 --- [nio-8080-exec-8] m.m.a.RequestResponseBodyMethodProcessor : Writing [[com.robms.model.TableEntity@29a3c25, com.robms.model.TableEntity@19e9217e, com.robms.model.TableEnt (truncated)...]
2026-05-07T12:48:05.118+05:30 DEBUG 26528 --- [nio-8080-exec-8] o.s.web.servlet.DispatcherServlet        : Completed 200 OK
2026-05-07T12:48:10.708+05:30 DEBUG 26528 --- [nio-8080-exec-5] o.s.web.servlet.DispatcherServlet        : GET "/api/menu/available", parameters={}
2026-05-07T12:48:10.710+05:30 DEBUG 26528 --- [nio-8080-exec-5] s.w.s.m.m.a.RequestMappingHandlerMapping : Mapped to com.robms.controller.MenuController#getAvailableMenuItems()
2026-05-07T12:48:10.710+05:30 DEBUG 26528 --- [nio-8080-exec-1] o.s.web.servlet.DispatcherServlet        : GET "/api/tables", parameters={}
2026-05-07T12:48:10.711+05:30 DEBUG 26528 --- [nio-8080-exec-1] s.w.s.m.m.a.RequestMappingHandlerMapping : Mapped to com.robms.controller.TableController#getAllTables()
2026-05-07T12:48:10.712+05:30 DEBUG 26528 --- [nio-8080-exec-5] org.hibernate.SQL                        : select mi1_0.id,mi1_0.available,mi1_0.category,mi1_0.description,mi1_0.name,mi1_0.price from menu_items mi1_0 where mi1_0.available
Hibernate: select mi1_0.id,mi1_0.available,mi1_0.category,mi1_0.description,mi1_0.name,mi1_0.price from menu_items mi1_0 where mi1_0.available
2026-05-07T12:48:10.712+05:30 DEBUG 26528 --- [nio-8080-exec-1] org.hibernate.SQL                        : select te1_0.id,te1_0.capacity,te1_0.current_bill_amount,te1_0.name,te1_0.status from restaurant_tables te1_0
Hibernate: select te1_0.id,te1_0.capacity,te1_0.current_bill_amount,te1_0.name,te1_0.status from restaurant_tables te1_0
2026-05-07T12:48:10.714+05:30 DEBUG 26528 --- [nio-8080-exec-5] m.m.a.RequestResponseBodyMethodProcessor : Using 'application/json', given [application/json, text/plain, */*] and supported [application/json, application/*+json]
2026-05-07T12:48:10.715+05:30 DEBUG 26528 --- [nio-8080-exec-5] m.m.a.RequestResponseBodyMethodProcessor : Writing [[com.robms.model.MenuItem@6634029, com.robms.model.MenuItem@8d61f76, com.robms.model.MenuItem@1f5b32 (truncated)...]
2026-05-07T12:48:10.714+05:30 DEBUG 26528 --- [nio-8080-exec-1] m.m.a.RequestResponseBodyMethodProcessor : Using 'application/json', given [application/json, text/plain, */*] and supported [application/json, application/*+json]
2026-05-07T12:48:10.716+05:30 DEBUG 26528 --- [nio-8080-exec-5] o.s.web.servlet.DispatcherServlet        : Completed 200 OK
2026-05-07T12:48:10.716+05:30 DEBUG 26528 --- [nio-8080-exec-1] m.m.a.RequestResponseBodyMethodProcessor : Writing [[com.robms.model.TableEntity@7efeaf4b, com.robms.model.TableEntity@6fe3d569, com.robms.model.TableEn (truncated)...]
2026-05-07T12:48:10.717+05:30 DEBUG 26528 --- [nio-8080-exec-1] o.s.web.servlet.DispatcherServlet        : Completed 200 OK
2026-05-07T12:48:10.718+05:30 DEBUG 26528 --- [nio-8080-exec-3] o.s.web.servlet.DispatcherServlet        : GET "/api/menu/available", parameters={}
2026-05-07T12:48:10.718+05:30 DEBUG 26528 --- [nio-8080-exec-1] o.s.web.servlet.DispatcherServlet        : GET "/api/tables", parameters={}
2026-05-07T12:48:10.718+05:30 DEBUG 26528 --- [nio-8080-exec-3] s.w.s.m.m.a.RequestMappingHandlerMapping : Mapped to com.robms.controller.MenuController#getAvailableMenuItems()
2026-05-07T12:48:10.719+05:30 DEBUG 26528 --- [nio-8080-exec-1] s.w.s.m.m.a.RequestMappingHandlerMapping : Mapped to com.robms.controller.TableController#getAllTables()
2026-05-07T12:48:10.720+05:30 DEBUG 26528 --- [nio-8080-exec-1] org.hibernate.SQL                        : select te1_0.id,te1_0.capacity,te1_0.current_bill_amount,te1_0.name,te1_0.status from restaurant_tables te1_0
Hibernate: select te1_0.id,te1_0.capacity,te1_0.current_bill_amount,te1_0.name,te1_0.status from restaurant_tables te1_0
2026-05-07T12:48:10.720+05:30 DEBUG 26528 --- [nio-8080-exec-3] org.hibernate.SQL                        : select mi1_0.id,mi1_0.available,mi1_0.category,mi1_0.description,mi1_0.name,mi1_0.price from menu_items mi1_0 where mi1_0.available
Hibernate: select mi1_0.id,mi1_0.available,mi1_0.category,mi1_0.description,mi1_0.name,mi1_0.price from menu_items mi1_0 where mi1_0.available
2026-05-07T12:48:10.721+05:30 DEBUG 26528 --- [nio-8080-exec-1] m.m.a.RequestResponseBodyMethodProcessor : Using 'application/json', given [application/json, text/plain, */*] and supported [application/json, application/*+json]
2026-05-07T12:48:10.722+05:30 DEBUG 26528 --- [nio-8080-exec-1] m.m.a.RequestResponseBodyMethodProcessor : Writing [[com.robms.model.TableEntity@4afa514d, com.robms.model.TableEntity@62b2177, com.robms.model.TableEnt (truncated)...]
2026-05-07T12:48:10.723+05:30 DEBUG 26528 --- [nio-8080-exec-3] m.m.a.RequestResponseBodyMethodProcessor : Using 'application/json', given [application/json, text/plain, */*] and supported [application/json, application/*+json]
2026-05-07T12:48:10.723+05:30 DEBUG 26528 --- [nio-8080-exec-3] m.m.a.RequestResponseBodyMethodProcessor : Writing [[com.robms.model.MenuItem@325f271b, com.robms.model.MenuItem@158adca1, com.robms.model.MenuItem@8232 (truncated)...]
2026-05-07T12:48:10.723+05:30 DEBUG 26528 --- [nio-8080-exec-1] o.s.web.servlet.DispatcherServlet        : Completed 200 OK
2026-05-07T12:48:10.723+05:30 DEBUG 26528 --- [nio-8080-exec-3] o.s.web.servlet.DispatcherServlet        : Completed 200 OK
2026-05-07T12:55:19.475+05:30 DEBUG 26528 --- [io-8080-exec-10] o.s.web.servlet.DispatcherServlet        : GET "/api/tables", parameters={}
2026-05-07T12:55:19.481+05:30 DEBUG 26528 --- [io-8080-exec-10] s.w.s.m.m.a.RequestMappingHandlerMapping : Mapped to com.robms.controller.TableController#getAllTables()
2026-05-07T12:55:19.483+05:30 DEBUG 26528 --- [io-8080-exec-10] org.hibernate.SQL                        : select te1_0.id,te1_0.capacity,te1_0.current_bill_amount,te1_0.name,te1_0.status from restaurant_tables te1_0
Hibernate: select te1_0.id,te1_0.capacity,te1_0.current_bill_amount,te1_0.name,te1_0.status from restaurant_tables te1_0
2026-05-07T12:55:19.484+05:30 DEBUG 26528 --- [io-8080-exec-10] m.m.a.RequestResponseBodyMethodProcessor : Using 'application/json', given [application/json, text/plain, */*] and supported [application/json, application/*+json]
2026-05-07T12:55:19.485+05:30 DEBUG 26528 --- [io-8080-exec-10] m.m.a.RequestResponseBodyMethodProcessor : Writing [[com.robms.model.TableEntity@712325f, com.robms.model.TableEntity@709a4c6a, com.robms.model.TableEnt (truncated)...]
2026-05-07T12:55:19.486+05:30 DEBUG 26528 --- [io-8080-exec-10] o.s.web.servlet.DispatcherServlet        : Completed 200 OK
2026-05-07T12:55:19.489+05:30 DEBUG 26528 --- [nio-8080-exec-7] o.s.web.servlet.DispatcherServlet        : GET "/api/tables", parameters={}
2026-05-07T12:55:19.490+05:30 DEBUG 26528 --- [nio-8080-exec-7] s.w.s.m.m.a.RequestMappingHandlerMapping : Mapped to com.robms.controller.TableController#getAllTables()
2026-05-07T12:55:19.491+05:30 DEBUG 26528 --- [nio-8080-exec-7] org.hibernate.SQL                        : select te1_0.id,te1_0.capacity,te1_0.current_bill_amount,te1_0.name,te1_0.status from restaurant_tables te1_0
Hibernate: select te1_0.id,te1_0.capacity,te1_0.current_bill_amount,te1_0.name,te1_0.status from restaurant_tables te1_0
2026-05-07T12:55:19.493+05:30 DEBUG 26528 --- [nio-8080-exec-7] m.m.a.RequestResponseBodyMethodProcessor : Using 'application/json', given [application/json, text/plain, */*] and supported [application/json, application/*+json]
2026-05-07T12:55:19.493+05:30 DEBUG 26528 --- [nio-8080-exec-7] m.m.a.RequestResponseBodyMethodProcessor : Writing [[com.robms.model.TableEntity@65be9faf, com.robms.model.TableEntity@23b9348b, com.robms.model.TableEn (truncated)...]
2026-05-07T12:55:19.494+05:30 DEBUG 26528 --- [nio-8080-exec-7] o.s.web.servlet.DispatcherServlet        : Completed 200 OK
2026-05-07T12:55:27.132+05:30 DEBUG 26528 --- [nio-8080-exec-8] o.s.web.servlet.DispatcherServlet        : GET "/api/menu/available", parameters={}
2026-05-07T12:55:27.133+05:30 DEBUG 26528 --- [nio-8080-exec-5] o.s.web.servlet.DispatcherServlet        : GET "/api/tables", parameters={}
2026-05-07T12:55:27.133+05:30 DEBUG 26528 --- [nio-8080-exec-8] s.w.s.m.m.a.RequestMappingHandlerMapping : Mapped to com.robms.controller.MenuController#getAvailableMenuItems()
2026-05-07T12:55:27.133+05:30 DEBUG 26528 --- [nio-8080-exec-5] s.w.s.m.m.a.RequestMappingHandlerMapping : Mapped to com.robms.controller.TableController#getAllTables()
2026-05-07T12:55:27.134+05:30 DEBUG 26528 --- [nio-8080-exec-8] org.hibernate.SQL                        : select mi1_0.id,mi1_0.available,mi1_0.category,mi1_0.description,mi1_0.name,mi1_0.price from menu_items mi1_0 where mi1_0.available
2026-05-07T12:55:27.134+05:30 DEBUG 26528 --- [nio-8080-exec-5] org.hibernate.SQL                        : select te1_0.id,te1_0.capacity,te1_0.current_bill_amount,te1_0.name,te1_0.status from restaurant_tables te1_0
Hibernate: select te1_0.id,te1_0.capacity,te1_0.current_bill_amount,te1_0.name,te1_0.status from restaurant_tables te1_0
Hibernate: select mi1_0.id,mi1_0.available,mi1_0.category,mi1_0.description,mi1_0.name,mi1_0.price from menu_items mi1_0 where mi1_0.available
2026-05-07T12:55:27.136+05:30 DEBUG 26528 --- [nio-8080-exec-5] m.m.a.RequestResponseBodyMethodProcessor : Using 'application/json', given [application/json, text/plain, */*] and supported [application/json, application/*+json]
2026-05-07T12:55:27.136+05:30 DEBUG 26528 --- [nio-8080-exec-8] m.m.a.RequestResponseBodyMethodProcessor : Using 'application/json', given [application/json, text/plain, */*] and supported [application/json, application/*+json]
2026-05-07T12:55:27.136+05:30 DEBUG 26528 --- [nio-8080-exec-5] m.m.a.RequestResponseBodyMethodProcessor : Writing [[com.robms.model.TableEntity@5d60a420, com.robms.model.TableEntity@3f661821, com.robms.model.TableEn (truncated)...]
2026-05-07T12:55:27.137+05:30 DEBUG 26528 --- [nio-8080-exec-8] m.m.a.RequestResponseBodyMethodProcessor : Writing [[com.robms.model.MenuItem@7681dc91, com.robms.model.MenuItem@266cbf20, com.robms.model.MenuItem@66c8 (truncated)...]
2026-05-07T12:55:27.138+05:30 DEBUG 26528 --- [nio-8080-exec-5] o.s.web.servlet.DispatcherServlet        : Completed 200 OK
2026-05-07T12:55:27.138+05:30 DEBUG 26528 --- [nio-8080-exec-8] o.s.web.servlet.DispatcherServlet        : Completed 200 OK
2026-05-07T12:55:27.142+05:30 DEBUG 26528 --- [nio-8080-exec-9] o.s.web.servlet.DispatcherServlet        : GET "/api/tables", parameters={}
2026-05-07T12:55:27.142+05:30 DEBUG 26528 --- [nio-8080-exec-1] o.s.web.servlet.DispatcherServlet        : GET "/api/menu/available", parameters={}
2026-05-07T12:55:27.142+05:30 DEBUG 26528 --- [nio-8080-exec-9] s.w.s.m.m.a.RequestMappingHandlerMapping : Mapped to com.robms.controller.TableController#getAllTables()
2026-05-07T12:55:27.143+05:30 DEBUG 26528 --- [nio-8080-exec-1] s.w.s.m.m.a.RequestMappingHandlerMapping : Mapped to com.robms.controller.MenuController#getAvailableMenuItems()
2026-05-07T12:55:27.144+05:30 DEBUG 26528 --- [nio-8080-exec-1] org.hibernate.SQL                        : select mi1_0.id,mi1_0.available,mi1_0.category,mi1_0.description,mi1_0.name,mi1_0.price from menu_items mi1_0 where mi1_0.available
Hibernate: select mi1_0.id,mi1_0.available,mi1_0.category,mi1_0.description,mi1_0.name,mi1_0.price from menu_items mi1_0 where mi1_0.available
2026-05-07T12:55:27.144+05:30 DEBUG 26528 --- [nio-8080-exec-9] org.hibernate.SQL                        : select te1_0.id,te1_0.capacity,te1_0.current_bill_amount,te1_0.name,te1_0.status from restaurant_tables te1_0
Hibernate: select te1_0.id,te1_0.capacity,te1_0.current_bill_amount,te1_0.name,te1_0.status from restaurant_tables te1_0
2026-05-07T12:55:27.145+05:30 DEBUG 26528 --- [nio-8080-exec-1] m.m.a.RequestResponseBodyMethodProcessor : Using 'application/json', given [application/json, text/plain, */*] and supported [application/json, application/*+json]
2026-05-07T12:55:27.146+05:30 DEBUG 26528 --- [nio-8080-exec-1] m.m.a.RequestResponseBodyMethodProcessor : Writing [[com.robms.model.MenuItem@3db44a9c, com.robms.model.MenuItem@54893e57, com.robms.model.MenuItem@686f (truncated)...]
2026-05-07T12:55:27.146+05:30 DEBUG 26528 --- [nio-8080-exec-9] m.m.a.RequestResponseBodyMethodProcessor : Using 'application/json', given [application/json, text/plain, */*] and supported [application/json, application/*+json]
2026-05-07T12:55:27.147+05:30 DEBUG 26528 --- [nio-8080-exec-9] m.m.a.RequestResponseBodyMethodProcessor : Writing [[com.robms.model.TableEntity@443a98c5, com.robms.model.TableEntity@6dd88b63, com.robms.model.TableEn (truncated)...]
2026-05-07T12:55:27.147+05:30 DEBUG 26528 --- [nio-8080-exec-1] o.s.web.servlet.DispatcherServlet        : Completed 200 OK
2026-05-07T12:55:27.147+05:30 DEBUG 26528 --- [nio-8080-exec-9] o.s.web.servlet.DispatcherServlet        : Completed 200 OK
2026-05-07T12:55:33.243+05:30 DEBUG 26528 --- [nio-8080-exec-3] o.s.web.servlet.DispatcherServlet        : GET "/api/menu/available", parameters={}
2026-05-07T12:55:33.249+05:30 DEBUG 26528 --- [nio-8080-exec-3] s.w.s.m.m.a.RequestMappingHandlerMapping : Mapped to com.robms.controller.MenuController#getAvailableMenuItems()
2026-05-07T12:55:33.244+05:30 DEBUG 26528 --- [nio-8080-exec-2] o.s.web.servlet.DispatcherServlet        : GET "/api/tables", parameters={}
2026-05-07T12:55:33.252+05:30 DEBUG 26528 --- [nio-8080-exec-2] s.w.s.m.m.a.RequestMappingHandlerMapping : Mapped to com.robms.controller.TableController#getAllTables()
2026-05-07T12:55:33.252+05:30 DEBUG 26528 --- [nio-8080-exec-3] org.hibernate.SQL                        : select mi1_0.id,mi1_0.available,mi1_0.category,mi1_0.description,mi1_0.name,mi1_0.price from menu_items mi1_0 where mi1_0.available
Hibernate: select mi1_0.id,mi1_0.available,mi1_0.category,mi1_0.description,mi1_0.name,mi1_0.price from menu_items mi1_0 where mi1_0.available
2026-05-07T12:55:33.254+05:30 DEBUG 26528 --- [nio-8080-exec-2] org.hibernate.SQL                        : select te1_0.id,te1_0.capacity,te1_0.current_bill_amount,te1_0.name,te1_0.status from restaurant_tables te1_0
Hibernate: select te1_0.id,te1_0.capacity,te1_0.current_bill_amount,te1_0.name,te1_0.status from restaurant_tables te1_0
2026-05-07T12:55:33.254+05:30 DEBUG 26528 --- [nio-8080-exec-3] m.m.a.RequestResponseBodyMethodProcessor : Using 'application/json', given [application/json, text/plain, */*] and supported [application/json, application/*+json]
2026-05-07T12:55:33.256+05:30 DEBUG 26528 --- [nio-8080-exec-3] m.m.a.RequestResponseBodyMethodProcessor : Writing [[com.robms.model.MenuItem@69ae0398, com.robms.model.MenuItem@165081e1, com.robms.model.MenuItem@8075 (truncated)...]
2026-05-07T12:55:33.255+05:30 DEBUG 26528 --- [nio-8080-exec-2] m.m.a.RequestResponseBodyMethodProcessor : Using 'application/json', given [application/json, text/plain, */*] and supported [application/json, application/*+json]
2026-05-07T12:55:33.258+05:30 DEBUG 26528 --- [nio-8080-exec-2] m.m.a.RequestResponseBodyMethodProcessor : Writing [[com.robms.model.TableEntity@4b16b1f6, com.robms.model.TableEntity@6acedad4, com.robms.model.TableEn (truncated)...]
2026-05-07T12:55:33.257+05:30 DEBUG 26528 --- [nio-8080-exec-3] o.s.web.servlet.DispatcherServlet        : Completed 200 OK
2026-05-07T12:55:33.258+05:30 DEBUG 26528 --- [nio-8080-exec-2] o.s.web.servlet.DispatcherServlet        : Completed 200 OK
2026-05-07T12:55:33.261+05:30 DEBUG 26528 --- [nio-8080-exec-4] o.s.web.servlet.DispatcherServlet        : GET "/api/menu/available", parameters={}
2026-05-07T12:55:33.261+05:30 DEBUG 26528 --- [nio-8080-exec-6] o.s.web.servlet.DispatcherServlet        : GET "/api/tables", parameters={}
2026-05-07T12:55:33.261+05:30 DEBUG 26528 --- [nio-8080-exec-4] s.w.s.m.m.a.RequestMappingHandlerMapping : Mapped to com.robms.controller.MenuController#getAvailableMenuItems()
2026-05-07T12:55:33.262+05:30 DEBUG 26528 --- [nio-8080-exec-6] s.w.s.m.m.a.RequestMappingHandlerMapping : Mapped to com.robms.controller.TableController#getAllTables()
2026-05-07T12:55:33.263+05:30 DEBUG 26528 --- [nio-8080-exec-6] org.hibernate.SQL                        : select te1_0.id,te1_0.capacity,te1_0.current_bill_amount,te1_0.name,te1_0.status from restaurant_tables te1_0
Hibernate: select te1_0.id,te1_0.capacity,te1_0.current_bill_amount,te1_0.name,te1_0.status from restaurant_tables te1_0
2026-05-07T12:55:33.263+05:30 DEBUG 26528 --- [nio-8080-exec-4] org.hibernate.SQL                        : select mi1_0.id,mi1_0.available,mi1_0.category,mi1_0.description,mi1_0.name,mi1_0.price from menu_items mi1_0 where mi1_0.available
Hibernate: select mi1_0.id,mi1_0.available,mi1_0.category,mi1_0.description,mi1_0.name,mi1_0.price from menu_items mi1_0 where mi1_0.available
2026-05-07T12:55:33.265+05:30 DEBUG 26528 --- [nio-8080-exec-6] m.m.a.RequestResponseBodyMethodProcessor : Using 'application/json', given [application/json, text/plain, */*] and supported [application/json, application/*+json]
2026-05-07T12:55:33.266+05:30 DEBUG 26528 --- [nio-8080-exec-6] m.m.a.RequestResponseBodyMethodProcessor : Writing [[com.robms.model.TableEntity@3746aaae, com.robms.model.TableEntity@26799316, com.robms.model.TableEn (truncated)...]
2026-05-07T12:55:33.266+05:30 DEBUG 26528 --- [nio-8080-exec-4] m.m.a.RequestResponseBodyMethodProcessor : Using 'application/json', given [application/json, text/plain, */*] and supported [application/json, application/*+json]
2026-05-07T12:55:33.267+05:30 DEBUG 26528 --- [nio-8080-exec-6] o.s.web.servlet.DispatcherServlet        : Completed 200 OK
2026-05-07T12:55:33.269+05:30 DEBUG 26528 --- [nio-8080-exec-4] m.m.a.RequestResponseBodyMethodProcessor : Writing [[com.robms.model.MenuItem@25e3146e, com.robms.model.MenuItem@51a6f0c6, com.robms.model.MenuItem@2024 (truncated)...]
2026-05-07T12:55:33.269+05:30 DEBUG 26528 --- [nio-8080-exec-4] o.s.web.servlet.DispatcherServlet        : Completed 200 OK
2026-05-07T12:55:39.384+05:30 DEBUG 26528 --- [io-8080-exec-10] o.s.web.servlet.DispatcherServlet        : GET "/api/orders/active", parameters={}
2026-05-07T12:55:39.384+05:30 DEBUG 26528 --- [io-8080-exec-10] s.w.s.m.m.a.RequestMappingHandlerMapping : Mapped to com.robms.controller.OrderController#getActiveOrders()
2026-05-07T12:55:39.395+05:30 DEBUG 26528 --- [io-8080-exec-10] org.hibernate.SQL                        : select o1_0.id,o1_0.order_time,o1_0.status,o1_0.table_id,o1_0.total_amount from orders o1_0 where o1_0.status not in (?,?)
Hibernate: select o1_0.id,o1_0.order_time,o1_0.status,o1_0.table_id,o1_0.total_amount from orders o1_0 where o1_0.status not in (?,?)
2026-05-07T12:55:39.397+05:30 DEBUG 26528 --- [nio-8080-exec-7] o.s.web.servlet.DispatcherServlet        : GET "/ws/info?t=1778138739390", parameters={masked}
2026-05-07T12:55:39.399+05:30 DEBUG 26528 --- [io-8080-exec-10] m.m.a.RequestResponseBodyMethodProcessor : Using 'application/json', given [application/json, text/plain, */*] and supported [application/json, application/*+json]
2026-05-07T12:55:39.400+05:30 DEBUG 26528 --- [nio-8080-exec-7] o.s.w.s.s.s.WebSocketHandlerMapping      : Mapped to org.springframework.web.socket.sockjs.support.SockJsHttpRequestHandler@2e2c9e24
2026-05-07T12:55:39.400+05:30 DEBUG 26528 --- [io-8080-exec-10] m.m.a.RequestResponseBodyMethodProcessor : Writing [[]]
2026-05-07T12:55:39.401+05:30 DEBUG 26528 --- [io-8080-exec-10] o.s.web.servlet.DispatcherServlet        : Completed 200 OK
2026-05-07T12:55:39.403+05:30 DEBUG 26528 --- [nio-8080-exec-5] o.s.web.servlet.DispatcherServlet        : GET "/api/orders/active", parameters={}
2026-05-07T12:55:39.403+05:30 DEBUG 26528 --- [nio-8080-exec-5] s.w.s.m.m.a.RequestMappingHandlerMapping : Mapped to com.robms.controller.OrderController#getActiveOrders()
2026-05-07T12:55:39.403+05:30 DEBUG 26528 --- [nio-8080-exec-7] o.s.w.s.s.t.h.DefaultSockJsService       : Processing transport request: GET http://localhost:8080/ws/info?t=1778138739390
2026-05-07T12:55:39.405+05:30 DEBUG 26528 --- [nio-8080-exec-7] o.s.web.servlet.DispatcherServlet        : Completed 200 OK
2026-05-07T12:55:39.406+05:30 DEBUG 26528 --- [nio-8080-exec-5] org.hibernate.SQL                        : select o1_0.id,o1_0.order_time,o1_0.status,o1_0.table_id,o1_0.total_amount from orders o1_0 where o1_0.status not in (?,?)
Hibernate: select o1_0.id,o1_0.order_time,o1_0.status,o1_0.table_id,o1_0.total_amount from orders o1_0 where o1_0.status not in (?,?)
2026-05-07T12:55:39.407+05:30 DEBUG 26528 --- [nio-8080-exec-5] m.m.a.RequestResponseBodyMethodProcessor : Using 'application/json', given [application/json, text/plain, */*] and supported [application/json, application/*+json]
2026-05-07T12:55:39.407+05:30 DEBUG 26528 --- [nio-8080-exec-5] m.m.a.RequestResponseBodyMethodProcessor : Writing [[]]
2026-05-07T12:55:39.408+05:30 DEBUG 26528 --- [nio-8080-exec-5] o.s.web.servlet.DispatcherServlet        : Completed 200 OK
2026-05-07T12:55:39.409+05:30 DEBUG 26528 --- [nio-8080-exec-8] o.s.web.servlet.DispatcherServlet        : GET "/ws/info?t=1778138739390", parameters={masked}
2026-05-07T12:55:39.409+05:30 DEBUG 26528 --- [nio-8080-exec-8] o.s.w.s.s.s.WebSocketHandlerMapping      : Mapped to org.springframework.web.socket.sockjs.support.SockJsHttpRequestHandler@2e2c9e24
2026-05-07T12:55:39.410+05:30 DEBUG 26528 --- [nio-8080-exec-8] o.s.w.s.s.t.h.DefaultSockJsService       : Processing transport request: GET http://localhost:8080/ws/info?t=1778138739390
2026-05-07T12:55:39.410+05:30 DEBUG 26528 --- [nio-8080-exec-8] o.s.web.servlet.DispatcherServlet        : Completed 200 OK
2026-05-07T12:55:39.412+05:30 DEBUG 26528 --- [nio-8080-exec-1] o.s.web.servlet.DispatcherServlet        : GET "/ws/080/s1t15kcm/websocket", parameters={}
2026-05-07T12:55:39.413+05:30 DEBUG 26528 --- [nio-8080-exec-1] o.s.w.s.s.s.WebSocketHandlerMapping      : Mapped to org.springframework.web.socket.sockjs.support.SockJsHttpRequestHandler@2e2c9e24
2026-05-07T12:55:39.415+05:30 DEBUG 26528 --- [nio-8080-exec-1] o.s.w.s.s.t.h.DefaultSockJsService       : Processing transport request: GET http://localhost:8080/ws/080/s1t15kcm/websocket
2026-05-07T12:55:39.422+05:30 DEBUG 26528 --- [nio-8080-exec-1] o.s.web.servlet.DispatcherServlet        : Completed 101 SWITCHING_PROTOCOLS
2026-05-07T12:55:39.425+05:30 DEBUG 26528 --- [nio-8080-exec-1] s.w.s.h.LoggingWebSocketHandlerDecorator : New WebSocketServerSockJsSession[id=s1t15kcm]
2026-05-07T12:55:39.449+05:30 DEBUG 26528 --- [nio-8080-exec-9] o.s.web.servlet.DispatcherServlet        : GET "/ws/516/agyroofo/websocket", parameters={}
2026-05-07T12:55:39.449+05:30 DEBUG 26528 --- [nio-8080-exec-9] o.s.w.s.s.s.WebSocketHandlerMapping      : Mapped to org.springframework.web.socket.sockjs.support.SockJsHttpRequestHandler@2e2c9e24
2026-05-07T12:55:39.450+05:30 DEBUG 26528 --- [nio-8080-exec-9] o.s.w.s.s.t.h.DefaultSockJsService       : Processing transport request: GET http://localhost:8080/ws/516/agyroofo/websocket
2026-05-07T12:55:39.452+05:30 DEBUG 26528 --- [nio-8080-exec-9] o.s.web.servlet.DispatcherServlet        : Completed 101 SWITCHING_PROTOCOLS
2026-05-07T12:55:39.453+05:30 DEBUG 26528 --- [nio-8080-exec-9] s.w.s.h.LoggingWebSocketHandlerDecorator : New WebSocketServerSockJsSession[id=agyroofo]
2026-05-07T12:55:39.464+05:30 DEBUG 26528 --- [oundChannel-125] org.springframework.web.SimpLogging      : Processing CONNECT session=agyroofo
2026-05-07T12:55:39.471+05:30 DEBUG 26528 --- [oundChannel-128] org.springframework.web.SimpLogging      : Processing SUBSCRIBE /topic/orders id=sub-0 session=agyroofo
2026-05-07T12:55:40.404+05:30 DEBUG 26528 --- [nio-8080-exec-6] s.w.s.h.LoggingWebSocketHandlerDecorator : WebSocketServerSockJsSession[id=s1t15kcm] closed with CloseStatus[code=1000, reason=null]
2026-05-07T12:55:40.404+05:30 DEBUG 26528 --- [nio-8080-exec-6] o.s.w.s.m.SubProtocolWebSocketHandler    : Clearing session s1t15kcm
2026-05-07T12:55:40.404+05:30 DEBUG 26528 --- [nio-8080-exec-4] s.w.s.h.LoggingWebSocketHandlerDecorator : WebSocketServerSockJsSession[id=agyroofo] closed with CloseStatus[code=1000, reason=null]
2026-05-07T12:55:40.405+05:30 DEBUG 26528 --- [nio-8080-exec-4] o.s.w.s.m.SubProtocolWebSocketHandler    : Clearing session agyroofo
2026-05-07T12:55:40.407+05:30 DEBUG 26528 --- [oundChannel-131] org.springframework.web.SimpLogging      : Processing DISCONNECT session=s1t15kcm
2026-05-07T12:55:40.408+05:30 DEBUG 26528 --- [oundChannel-134] org.springframework.web.SimpLogging      : Processing DISCONNECT session=agyroofo
2026-05-07T12:55:40.409+05:30 DEBUG 26528 --- [boundChannel-45] o.s.w.s.m.SubProtocolWebSocketHandler    : No session for GenericMessage [payload=byte[0], headers={simpMessageType=DISCONNECT_ACK, simpDisconnectMessage=GenericMessage [payload=byte[0], headers={simpMessageType=DISCONNECT, stompCommand=DISCONNECT, simpSessionAttributes={org.springframework.messaging.simp.SimpAttributes.COMPLETED=true}, simpSessionId=agyroofo}], simpSessionId=agyroofo}]
2026-05-07T12:55:40.409+05:30 DEBUG 26528 --- [boundChannel-44] o.s.w.s.m.SubProtocolWebSocketHandler    : No session for GenericMessage [payload=byte[0], headers={simpMessageType=DISCONNECT_ACK, simpDisconnectMessage=GenericMessage [payload=byte[0], headers={simpMessageType=DISCONNECT, stompCommand=DISCONNECT, simpSessionAttributes={org.springframework.messaging.simp.SimpAttributes.COMPLETED=true}, simpSessionId=s1t15kcm}], simpSessionId=s1t15kcm}]
2026-05-07T12:55:40.884+05:30 DEBUG 26528 --- [io-8080-exec-10] o.s.web.servlet.DispatcherServlet        : GET "/api/orders/active", parameters={}
2026-05-07T12:55:40.887+05:30 DEBUG 26528 --- [nio-8080-exec-7] o.s.web.servlet.DispatcherServlet        : GET "/ws/info?t=1778138740885", parameters={masked}
2026-05-07T12:55:40.889+05:30 DEBUG 26528 --- [io-8080-exec-10] s.w.s.m.m.a.RequestMappingHandlerMapping : Mapped to com.robms.controller.OrderController#getActiveOrders()
2026-05-07T12:55:40.889+05:30 DEBUG 26528 --- [nio-8080-exec-7] o.s.w.s.s.s.WebSocketHandlerMapping      : Mapped to org.springframework.web.socket.sockjs.support.SockJsHttpRequestHandler@2e2c9e24
2026-05-07T12:55:40.891+05:30 DEBUG 26528 --- [nio-8080-exec-7] o.s.w.s.s.t.h.DefaultSockJsService       : Processing transport request: GET http://localhost:8080/ws/info?t=1778138740885
2026-05-07T12:55:40.891+05:30 DEBUG 26528 --- [nio-8080-exec-7] o.s.web.servlet.DispatcherServlet        : Completed 200 OK
2026-05-07T12:55:40.892+05:30 DEBUG 26528 --- [io-8080-exec-10] org.hibernate.SQL                        : select o1_0.id,o1_0.order_time,o1_0.status,o1_0.table_id,o1_0.total_amount from orders o1_0 where o1_0.status not in (?,?)
Hibernate: select o1_0.id,o1_0.order_time,o1_0.status,o1_0.table_id,o1_0.total_amount from orders o1_0 where o1_0.status not in (?,?)
2026-05-07T12:55:40.893+05:30 DEBUG 26528 --- [io-8080-exec-10] m.m.a.RequestResponseBodyMethodProcessor : Using 'application/json', given [application/json, text/plain, */*] and supported [application/json, application/*+json]
2026-05-07T12:55:40.893+05:30 DEBUG 26528 --- [io-8080-exec-10] m.m.a.RequestResponseBodyMethodProcessor : Writing [[]]
2026-05-07T12:55:40.894+05:30 DEBUG 26528 --- [io-8080-exec-10] o.s.web.servlet.DispatcherServlet        : Completed 200 OK
2026-05-07T12:55:40.894+05:30 DEBUG 26528 --- [nio-8080-exec-5] o.s.web.servlet.DispatcherServlet        : GET "/ws/info?t=1778138740885", parameters={masked}
2026-05-07T12:55:40.895+05:30 DEBUG 26528 --- [nio-8080-exec-5] o.s.w.s.s.s.WebSocketHandlerMapping      : Mapped to org.springframework.web.socket.sockjs.support.SockJsHttpRequestHandler@2e2c9e24
2026-05-07T12:55:40.895+05:30 DEBUG 26528 --- [nio-8080-exec-5] o.s.w.s.s.t.h.DefaultSockJsService       : Processing transport request: GET http://localhost:8080/ws/info?t=1778138740885
2026-05-07T12:55:40.895+05:30 DEBUG 26528 --- [nio-8080-exec-8] o.s.web.servlet.DispatcherServlet        : GET "/api/orders/active", parameters={}
2026-05-07T12:55:40.896+05:30 DEBUG 26528 --- [nio-8080-exec-5] o.s.web.servlet.DispatcherServlet        : Completed 200 OK
2026-05-07T12:55:40.896+05:30 DEBUG 26528 --- [nio-8080-exec-8] s.w.s.m.m.a.RequestMappingHandlerMapping : Mapped to com.robms.controller.OrderController#getActiveOrders()
2026-05-07T12:55:40.897+05:30 DEBUG 26528 --- [nio-8080-exec-1] o.s.web.servlet.DispatcherServlet        : GET "/ws/602/pnku2433/websocket", parameters={}
2026-05-07T12:55:40.897+05:30 DEBUG 26528 --- [nio-8080-exec-1] o.s.w.s.s.s.WebSocketHandlerMapping      : Mapped to org.springframework.web.socket.sockjs.support.SockJsHttpRequestHandler@2e2c9e24
2026-05-07T12:55:40.899+05:30 DEBUG 26528 --- [nio-8080-exec-1] o.s.w.s.s.t.h.DefaultSockJsService       : Processing transport request: GET http://localhost:8080/ws/602/pnku2433/websocket
2026-05-07T12:55:40.899+05:30 DEBUG 26528 --- [nio-8080-exec-8] org.hibernate.SQL                        : select o1_0.id,o1_0.order_time,o1_0.status,o1_0.table_id,o1_0.total_amount from orders o1_0 where o1_0.status not in (?,?)
Hibernate: select o1_0.id,o1_0.order_time,o1_0.status,o1_0.table_id,o1_0.total_amount from orders o1_0 where o1_0.status not in (?,?)
2026-05-07T12:55:40.900+05:30 DEBUG 26528 --- [nio-8080-exec-1] o.s.web.servlet.DispatcherServlet        : Completed 101 SWITCHING_PROTOCOLS
2026-05-07T12:55:40.900+05:30 DEBUG 26528 --- [nio-8080-exec-8] m.m.a.RequestResponseBodyMethodProcessor : Using 'application/json', given [application/json, text/plain, */*] and supported [application/json, application/*+json]
2026-05-07T12:55:40.901+05:30 DEBUG 26528 --- [nio-8080-exec-8] m.m.a.RequestResponseBodyMethodProcessor : Writing [[]]
2026-05-07T12:55:40.901+05:30 DEBUG 26528 --- [nio-8080-exec-8] o.s.web.servlet.DispatcherServlet        : Completed 200 OK
2026-05-07T12:55:40.901+05:30 DEBUG 26528 --- [nio-8080-exec-1] s.w.s.h.LoggingWebSocketHandlerDecorator : New WebSocketServerSockJsSession[id=pnku2433]
2026-05-07T12:55:40.914+05:30 DEBUG 26528 --- [nio-8080-exec-9] o.s.web.servlet.DispatcherServlet        : GET "/ws/989/be0wmqus/websocket", parameters={}
2026-05-07T12:55:40.915+05:30 DEBUG 26528 --- [nio-8080-exec-9] o.s.w.s.s.s.WebSocketHandlerMapping      : Mapped to org.springframework.web.socket.sockjs.support.SockJsHttpRequestHandler@2e2c9e24
2026-05-07T12:55:40.915+05:30 DEBUG 26528 --- [nio-8080-exec-9] o.s.w.s.s.t.h.DefaultSockJsService       : Processing transport request: GET http://localhost:8080/ws/989/be0wmqus/websocket
2026-05-07T12:55:40.917+05:30 DEBUG 26528 --- [nio-8080-exec-9] o.s.web.servlet.DispatcherServlet        : Completed 101 SWITCHING_PROTOCOLS
2026-05-07T12:55:40.918+05:30 DEBUG 26528 --- [nio-8080-exec-9] s.w.s.h.LoggingWebSocketHandlerDecorator : New WebSocketServerSockJsSession[id=be0wmqus]
2026-05-07T12:55:40.922+05:30 DEBUG 26528 --- [oundChannel-137] org.springframework.web.SimpLogging      : Processing CONNECT session=be0wmqus
2026-05-07T12:55:40.927+05:30 DEBUG 26528 --- [oundChannel-140] org.springframework.web.SimpLogging      : Processing SUBSCRIBE /topic/orders id=sub-0 session=be0wmqus
2026-05-07T12:55:43.398+05:30 DEBUG 26528 --- [nio-8080-exec-4] s.w.s.h.LoggingWebSocketHandlerDecorator : WebSocketServerSockJsSession[id=be0wmqus] closed with CloseStatus[code=1000, reason=null]
2026-05-07T12:55:43.403+05:30 DEBUG 26528 --- [nio-8080-exec-4] o.s.w.s.m.SubProtocolWebSocketHandler    : Clearing session be0wmqus
2026-05-07T12:55:43.398+05:30 DEBUG 26528 --- [nio-8080-exec-6] s.w.s.h.LoggingWebSocketHandlerDecorator : WebSocketServerSockJsSession[id=pnku2433] closed with CloseStatus[code=1000, reason=null]
2026-05-07T12:55:43.405+05:30 DEBUG 26528 --- [nio-8080-exec-6] o.s.w.s.m.SubProtocolWebSocketHandler    : Clearing session pnku2433
2026-05-07T12:55:43.406+05:30 DEBUG 26528 --- [oundChannel-143] org.springframework.web.SimpLogging      : Processing DISCONNECT session=be0wmqus
2026-05-07T12:55:43.408+05:30 DEBUG 26528 --- [oundChannel-146] org.springframework.web.SimpLogging      : Processing DISCONNECT session=pnku2433
2026-05-07T12:55:43.409+05:30 DEBUG 26528 --- [boundChannel-47] o.s.w.s.m.SubProtocolWebSocketHandler    : No session for GenericMessage [payload=byte[0], headers={simpMessageType=DISCONNECT_ACK, simpDisconnectMessage=GenericMessage [payload=byte[0], headers={simpMessageType=DISCONNECT, stompCommand=DISCONNECT, simpSessionAttributes={org.springframework.messaging.simp.SimpAttributes.COMPLETED=true}, simpSessionId=be0wmqus}], simpSessionId=be0wmqus}]
2026-05-07T12:55:43.410+05:30 DEBUG 26528 --- [boundChannel-48] o.s.w.s.m.SubProtocolWebSocketHandler    : No session for GenericMessage [payload=byte[0], headers={simpMessageType=DISCONNECT_ACK, simpDisconnectMessage=GenericMessage [payload=byte[0], headers={simpMessageType=DISCONNECT, stompCommand=DISCONNECT, simpSessionAttributes={org.springframework.messaging.simp.SimpAttributes.COMPLETED=true}, simpSessionId=pnku2433}], simpSessionId=pnku2433}]
2026-05-07T12:55:43.799+05:30 DEBUG 26528 --- [nio-8080-exec-5] o.s.web.servlet.DispatcherServlet        : GET "/ws/info?t=1778138743798", parameters={masked}
2026-05-07T12:55:43.801+05:30 DEBUG 26528 --- [nio-8080-exec-5] o.s.w.s.s.s.WebSocketHandlerMapping      : Mapped to org.springframework.web.socket.sockjs.support.SockJsHttpRequestHandler@2e2c9e24
2026-05-07T12:55:43.799+05:30 DEBUG 26528 --- [io-8080-exec-10] o.s.web.servlet.DispatcherServlet        : GET "/ws/info?t=1778138743797", parameters={masked}
2026-05-07T12:55:43.801+05:30 DEBUG 26528 --- [nio-8080-exec-5] o.s.w.s.s.t.h.DefaultSockJsService       : Processing transport request: GET http://localhost:8080/ws/info?t=1778138743798
2026-05-07T12:55:43.801+05:30 DEBUG 26528 --- [nio-8080-exec-7] o.s.web.servlet.DispatcherServlet        : GET "/api/orders/active", parameters={}
2026-05-07T12:55:43.802+05:30 DEBUG 26528 --- [io-8080-exec-10] o.s.w.s.s.s.WebSocketHandlerMapping      : Mapped to org.springframework.web.socket.sockjs.support.SockJsHttpRequestHandler@2e2c9e24
2026-05-07T12:55:43.802+05:30 DEBUG 26528 --- [nio-8080-exec-5] o.s.web.servlet.DispatcherServlet        : Completed 200 OK
2026-05-07T12:55:43.802+05:30 DEBUG 26528 --- [nio-8080-exec-7] s.w.s.m.m.a.RequestMappingHandlerMapping : Mapped to com.robms.controller.OrderController#getActiveOrders()
2026-05-07T12:55:43.804+05:30 DEBUG 26528 --- [io-8080-exec-10] o.s.w.s.s.t.h.DefaultSockJsService       : Processing transport request: GET http://localhost:8080/ws/info?t=1778138743797
2026-05-07T12:55:43.804+05:30 DEBUG 26528 --- [io-8080-exec-10] o.s.web.servlet.DispatcherServlet        : Completed 200 OK
2026-05-07T12:55:43.807+05:30 DEBUG 26528 --- [nio-8080-exec-7] org.hibernate.SQL                        : select o1_0.id,o1_0.order_time,o1_0.status,o1_0.table_id,o1_0.total_amount from orders o1_0 where o1_0.status not in (?,?)
Hibernate: select o1_0.id,o1_0.order_time,o1_0.status,o1_0.table_id,o1_0.total_amount from orders o1_0 where o1_0.status not in (?,?)
2026-05-07T12:55:43.809+05:30 DEBUG 26528 --- [nio-8080-exec-7] m.m.a.RequestResponseBodyMethodProcessor : Using 'application/json', given [application/json, text/plain, */*] and supported [application/json, application/*+json]
2026-05-07T12:55:43.809+05:30 DEBUG 26528 --- [nio-8080-exec-7] m.m.a.RequestResponseBodyMethodProcessor : Writing [[]]
2026-05-07T12:55:43.810+05:30 DEBUG 26528 --- [nio-8080-exec-7] o.s.web.servlet.DispatcherServlet        : Completed 200 OK
2026-05-07T12:55:43.811+05:30 DEBUG 26528 --- [nio-8080-exec-8] o.s.web.servlet.DispatcherServlet        : GET "/ws/821/ht2msyxk/websocket", parameters={}
2026-05-07T12:55:43.812+05:30 DEBUG 26528 --- [nio-8080-exec-8] o.s.w.s.s.s.WebSocketHandlerMapping      : Mapped to org.springframework.web.socket.sockjs.support.SockJsHttpRequestHandler@2e2c9e24
2026-05-07T12:55:43.812+05:30 DEBUG 26528 --- [nio-8080-exec-1] o.s.web.servlet.DispatcherServlet        : GET "/api/orders/active", parameters={}
2026-05-07T12:55:43.813+05:30 DEBUG 26528 --- [nio-8080-exec-8] o.s.w.s.s.t.h.DefaultSockJsService       : Processing transport request: GET http://localhost:8080/ws/821/ht2msyxk/websocket
2026-05-07T12:55:43.813+05:30 DEBUG 26528 --- [nio-8080-exec-1] s.w.s.m.m.a.RequestMappingHandlerMapping : Mapped to com.robms.controller.OrderController#getActiveOrders()
2026-05-07T12:55:43.814+05:30 DEBUG 26528 --- [nio-8080-exec-8] o.s.web.servlet.DispatcherServlet        : Completed 101 SWITCHING_PROTOCOLS
2026-05-07T12:55:43.815+05:30 DEBUG 26528 --- [nio-8080-exec-1] org.hibernate.SQL                        : select o1_0.id,o1_0.order_time,o1_0.status,o1_0.table_id,o1_0.total_amount from orders o1_0 where o1_0.status not in (?,?)
Hibernate: select o1_0.id,o1_0.order_time,o1_0.status,o1_0.table_id,o1_0.total_amount from orders o1_0 where o1_0.status not in (?,?)
2026-05-07T12:55:43.820+05:30 DEBUG 26528 --- [nio-8080-exec-8] s.w.s.h.LoggingWebSocketHandlerDecorator : New WebSocketServerSockJsSession[id=ht2msyxk]
2026-05-07T12:55:43.821+05:30 DEBUG 26528 --- [nio-8080-exec-1] m.m.a.RequestResponseBodyMethodProcessor : Using 'application/json', given [application/json, text/plain, */*] and supported [application/json, application/*+json]
2026-05-07T12:55:43.821+05:30 DEBUG 26528 --- [nio-8080-exec-1] m.m.a.RequestResponseBodyMethodProcessor : Writing [[]]
2026-05-07T12:55:43.821+05:30 DEBUG 26528 --- [nio-8080-exec-1] o.s.web.servlet.DispatcherServlet        : Completed 200 OK
2026-05-07T12:55:43.825+05:30 DEBUG 26528 --- [oundChannel-126] org.springframework.web.SimpLogging      : Processing CONNECT session=ht2msyxk
2026-05-07T12:55:43.829+05:30 DEBUG 26528 --- [oundChannel-129] org.springframework.web.SimpLogging      : Processing SUBSCRIBE /topic/orders id=sub-0 session=ht2msyxk
2026-05-07T12:55:43.844+05:30 DEBUG 26528 --- [nio-8080-exec-2] o.s.web.servlet.DispatcherServlet        : GET "/ws/722/topfwlz2/websocket", parameters={}
2026-05-07T12:55:43.845+05:30 DEBUG 26528 --- [nio-8080-exec-2] o.s.w.s.s.s.WebSocketHandlerMapping      : Mapped to org.springframework.web.socket.sockjs.support.SockJsHttpRequestHandler@2e2c9e24
2026-05-07T12:55:43.846+05:30 DEBUG 26528 --- [nio-8080-exec-2] o.s.w.s.s.t.h.DefaultSockJsService       : Processing transport request: GET http://localhost:8080/ws/722/topfwlz2/websocket
2026-05-07T12:55:43.847+05:30 DEBUG 26528 --- [nio-8080-exec-2] o.s.web.servlet.DispatcherServlet        : Completed 101 SWITCHING_PROTOCOLS
2026-05-07T12:55:43.849+05:30 DEBUG 26528 --- [nio-8080-exec-2] s.w.s.h.LoggingWebSocketHandlerDecorator : New WebSocketServerSockJsSession[id=topfwlz2]
2026-05-07T12:55:44.550+05:30 DEBUG 26528 --- [nio-8080-exec-6] s.w.s.h.LoggingWebSocketHandlerDecorator : WebSocketServerSockJsSession[id=topfwlz2] closed with CloseStatus[code=1000, reason=null]
2026-05-07T12:55:44.552+05:30 DEBUG 26528 --- [nio-8080-exec-6] o.s.w.s.m.SubProtocolWebSocketHandler    : Clearing session topfwlz2
2026-05-07T12:55:44.551+05:30 DEBUG 26528 --- [nio-8080-exec-4] s.w.s.h.LoggingWebSocketHandlerDecorator : WebSocketServerSockJsSession[id=ht2msyxk] closed with CloseStatus[code=1000, reason=null]
2026-05-07T12:55:44.554+05:30 DEBUG 26528 --- [nio-8080-exec-4] o.s.w.s.m.SubProtocolWebSocketHandler    : Clearing session ht2msyxk
2026-05-07T12:55:44.553+05:30 DEBUG 26528 --- [oundChannel-130] org.springframework.web.SimpLogging      : Processing DISCONNECT session=topfwlz2
2026-05-07T12:55:44.556+05:30 DEBUG 26528 --- [oundChannel-135] org.springframework.web.SimpLogging      : Processing DISCONNECT session=ht2msyxk
2026-05-07T12:55:44.559+05:30 DEBUG 26528 --- [boundChannel-50] o.s.w.s.m.SubProtocolWebSocketHandler    : No session for GenericMessage [payload=byte[0], headers={simpMessageType=DISCONNECT_ACK, simpDisconnectMessage=GenericMessage [payload=byte[0], headers={simpMessageType=DISCONNECT, stompCommand=DISCONNECT, simpSessionAttributes={org.springframework.messaging.simp.SimpAttributes.COMPLETED=true}, simpSessionId=topfwlz2}], simpSessionId=topfwlz2}]
2026-05-07T12:55:44.560+05:30 DEBUG 26528 --- [boundChannel-51] o.s.w.s.m.SubProtocolWebSocketHandler    : No session for GenericMessage [payload=byte[0], headers={simpMessageType=DISCONNECT_ACK, simpDisconnectMessage=GenericMessage [payload=byte[0], headers={simpMessageType=DISCONNECT, stompCommand=DISCONNECT, simpSessionAttributes={org.springframework.messaging.simp.SimpAttributes.COMPLETED=true}, simpSessionId=ht2msyxk}], simpSessionId=ht2msyxk}]
2026-05-07T12:55:44.914+05:30 DEBUG 26528 --- [nio-8080-exec-5] o.s.web.servlet.DispatcherServlet        : GET "/api/menu/available", parameters={}
2026-05-07T12:55:44.914+05:30 DEBUG 26528 --- [io-8080-exec-10] o.s.web.servlet.DispatcherServlet        : GET "/api/tables", parameters={}
2026-05-07T12:55:44.915+05:30 DEBUG 26528 --- [io-8080-exec-10] s.w.s.m.m.a.RequestMappingHandlerMapping : Mapped to com.robms.controller.TableController#getAllTables()
2026-05-07T12:55:44.915+05:30 DEBUG 26528 --- [nio-8080-exec-5] s.w.s.m.m.a.RequestMappingHandlerMapping : Mapped to com.robms.controller.MenuController#getAvailableMenuItems()
2026-05-07T12:55:44.918+05:30 DEBUG 26528 --- [io-8080-exec-10] org.hibernate.SQL                        : select te1_0.id,te1_0.capacity,te1_0.current_bill_amount,te1_0.name,te1_0.status from restaurant_tables te1_0
Hibernate: select te1_0.id,te1_0.capacity,te1_0.current_bill_amount,te1_0.name,te1_0.status from restaurant_tables te1_0
2026-05-07T12:55:44.918+05:30 DEBUG 26528 --- [nio-8080-exec-5] org.hibernate.SQL                        : select mi1_0.id,mi1_0.available,mi1_0.category,mi1_0.description,mi1_0.name,mi1_0.price from menu_items mi1_0 where mi1_0.available
Hibernate: select mi1_0.id,mi1_0.available,mi1_0.category,mi1_0.description,mi1_0.name,mi1_0.price from menu_items mi1_0 where mi1_0.available
2026-05-07T12:55:44.918+05:30 DEBUG 26528 --- [io-8080-exec-10] m.m.a.RequestResponseBodyMethodProcessor : Using 'application/json', given [application/json, text/plain, */*] and supported [application/json, application/*+json]
2026-05-07T12:55:44.918+05:30 DEBUG 26528 --- [nio-8080-exec-5] m.m.a.RequestResponseBodyMethodProcessor : Using 'application/json', given [application/json, text/plain, */*] and supported [application/json, application/*+json]
2026-05-07T12:55:44.919+05:30 DEBUG 26528 --- [io-8080-exec-10] m.m.a.RequestResponseBodyMethodProcessor : Writing [[com.robms.model.TableEntity@5323616, com.robms.model.TableEntity@55590d3a, com.robms.model.TableEnt (truncated)...]
2026-05-07T12:55:44.919+05:30 DEBUG 26528 --- [nio-8080-exec-5] m.m.a.RequestResponseBodyMethodProcessor : Writing [[com.robms.model.MenuItem@44bfad7c, com.robms.model.MenuItem@266e2394, com.robms.model.MenuItem@648a (truncated)...]
2026-05-07T12:55:44.919+05:30 DEBUG 26528 --- [io-8080-exec-10] o.s.web.servlet.DispatcherServlet        : Completed 200 OK
2026-05-07T12:55:44.919+05:30 DEBUG 26528 --- [nio-8080-exec-5] o.s.web.servlet.DispatcherServlet        : Completed 200 OK
2026-05-07T12:55:44.922+05:30 DEBUG 26528 --- [nio-8080-exec-7] o.s.web.servlet.DispatcherServlet        : GET "/api/menu/available", parameters={}
2026-05-07T12:55:44.922+05:30 DEBUG 26528 --- [io-8080-exec-10] o.s.web.servlet.DispatcherServlet        : GET "/api/tables", parameters={}
2026-05-07T12:55:44.923+05:30 DEBUG 26528 --- [nio-8080-exec-7] s.w.s.m.m.a.RequestMappingHandlerMapping : Mapped to com.robms.controller.MenuController#getAvailableMenuItems()
2026-05-07T12:55:44.924+05:30 DEBUG 26528 --- [io-8080-exec-10] s.w.s.m.m.a.RequestMappingHandlerMapping : Mapped to com.robms.controller.TableController#getAllTables()
2026-05-07T12:55:44.924+05:30 DEBUG 26528 --- [nio-8080-exec-7] org.hibernate.SQL                        : select mi1_0.id,mi1_0.available,mi1_0.category,mi1_0.description,mi1_0.name,mi1_0.price from menu_items mi1_0 where mi1_0.available
Hibernate: select mi1_0.id,mi1_0.available,mi1_0.category,mi1_0.description,mi1_0.name,mi1_0.price from menu_items mi1_0 where mi1_0.available
2026-05-07T12:55:44.924+05:30 DEBUG 26528 --- [io-8080-exec-10] org.hibernate.SQL                        : select te1_0.id,te1_0.capacity,te1_0.current_bill_amount,te1_0.name,te1_0.status from restaurant_tables te1_0
Hibernate: select te1_0.id,te1_0.capacity,te1_0.current_bill_amount,te1_0.name,te1_0.status from restaurant_tables te1_0
2026-05-07T12:55:44.926+05:30 DEBUG 26528 --- [nio-8080-exec-7] m.m.a.RequestResponseBodyMethodProcessor : Using 'application/json', given [application/json, text/plain, */*] and supported [application/json, application/*+json]
2026-05-07T12:55:44.926+05:30 DEBUG 26528 --- [io-8080-exec-10] m.m.a.RequestResponseBodyMethodProcessor : Using 'application/json', given [application/json, text/plain, */*] and supported [application/json, application/*+json]
2026-05-07T12:55:44.926+05:30 DEBUG 26528 --- [io-8080-exec-10] m.m.a.RequestResponseBodyMethodProcessor : Writing [[com.robms.model.TableEntity@fd03ce8, com.robms.model.TableEntity@6b8b5637, com.robms.model.TableEnt (truncated)...]
2026-05-07T12:55:44.926+05:30 DEBUG 26528 --- [nio-8080-exec-7] m.m.a.RequestResponseBodyMethodProcessor : Writing [[com.robms.model.MenuItem@11bdd674, com.robms.model.MenuItem@1afef21a, com.robms.model.MenuItem@2fa4 (truncated)...]
2026-05-07T12:55:44.927+05:30 DEBUG 26528 --- [io-8080-exec-10] o.s.web.servlet.DispatcherServlet        : Completed 200 OK
2026-05-07T12:55:44.927+05:30 DEBUG 26528 --- [nio-8080-exec-7] o.s.web.servlet.DispatcherServlet        : Completed 200 OK
2026-05-07T12:55:48.748+05:30 DEBUG 26528 --- [MessageBroker-5] o.s.w.s.s.t.h.DefaultSockJsService       : Closed 4 sessions: [agyroofo, pnku2433, s1t15kcm, be0wmqus]
2026-05-07T12:55:53.750+05:30 DEBUG 26528 --- [MessageBroker-5] o.s.w.s.s.t.h.DefaultSockJsService       : Closed 2 sessions: [topfwlz2, ht2msyxk]
2026-05-07T12:58:24.630+05:30 DEBUG 26528 --- [nio-8080-exec-5] o.s.web.servlet.DispatcherServlet        : GET "/api/tables", parameters={}
2026-05-07T12:58:24.631+05:30 DEBUG 26528 --- [nio-8080-exec-5] s.w.s.m.m.a.RequestMappingHandlerMapping : Mapped to com.robms.controller.TableController#getAllTables()
2026-05-07T12:58:24.632+05:30 DEBUG 26528 --- [nio-8080-exec-5] org.hibernate.SQL                        : select te1_0.id,te1_0.capacity,te1_0.current_bill_amount,te1_0.name,te1_0.status from restaurant_tables te1_0
Hibernate: select te1_0.id,te1_0.capacity,te1_0.current_bill_amount,te1_0.name,te1_0.status from restaurant_tables te1_0
2026-05-07T12:58:24.634+05:30 DEBUG 26528 --- [nio-8080-exec-5] m.m.a.RequestResponseBodyMethodProcessor : Using 'application/json', given [application/json, text/plain, */*] and supported [application/json, application/*+json]
2026-05-07T12:58:24.634+05:30 DEBUG 26528 --- [nio-8080-exec-5] m.m.a.RequestResponseBodyMethodProcessor : Writing [[com.robms.model.TableEntity@7d0dd6c2, com.robms.model.TableEntity@7097d06c, com.robms.model.TableEn (truncated)...]
2026-05-07T12:58:24.635+05:30 DEBUG 26528 --- [nio-8080-exec-5] o.s.web.servlet.DispatcherServlet        : Completed 200 OK
2026-05-07T12:58:24.638+05:30 DEBUG 26528 --- [nio-8080-exec-8] o.s.web.servlet.DispatcherServlet        : GET "/api/tables", parameters={}
2026-05-07T12:58:24.639+05:30 DEBUG 26528 --- [nio-8080-exec-8] s.w.s.m.m.a.RequestMappingHandlerMapping : Mapped to com.robms.controller.TableController#getAllTables()
2026-05-07T12:58:24.640+05:30 DEBUG 26528 --- [nio-8080-exec-8] org.hibernate.SQL                        : select te1_0.id,te1_0.capacity,te1_0.current_bill_amount,te1_0.name,te1_0.status from restaurant_tables te1_0
Hibernate: select te1_0.id,te1_0.capacity,te1_0.current_bill_amount,te1_0.name,te1_0.status from restaurant_tables te1_0
2026-05-07T12:58:24.642+05:30 DEBUG 26528 --- [nio-8080-exec-8] m.m.a.RequestResponseBodyMethodProcessor : Using 'application/json', given [application/json, text/plain, */*] and supported [application/json, application/*+json]
2026-05-07T12:58:24.642+05:30 DEBUG 26528 --- [nio-8080-exec-8] m.m.a.RequestResponseBodyMethodProcessor : Writing [[com.robms.model.TableEntity@30db4bb0, com.robms.model.TableEntity@4636b9da, com.robms.model.TableEn (truncated)...]
2026-05-07T12:58:24.643+05:30 DEBUG 26528 --- [nio-8080-exec-8] o.s.web.servlet.DispatcherServlet        : Completed 200 OK
2026-05-07T12:58:28.890+05:30 DEBUG 26528 --- [io-8080-exec-10] o.s.web.servlet.DispatcherServlet        : GET "/api/menu/available", parameters={}
2026-05-07T12:58:28.893+05:30 DEBUG 26528 --- [io-8080-exec-10] s.w.s.m.m.a.RequestMappingHandlerMapping : Mapped to com.robms.controller.MenuController#getAvailableMenuItems()
2026-05-07T12:58:28.891+05:30 DEBUG 26528 --- [nio-8080-exec-7] o.s.web.servlet.DispatcherServlet        : GET "/api/tables", parameters={}
2026-05-07T12:58:28.893+05:30 DEBUG 26528 --- [nio-8080-exec-7] s.w.s.m.m.a.RequestMappingHandlerMapping : Mapped to com.robms.controller.TableController#getAllTables()
2026-05-07T12:58:28.894+05:30 DEBUG 26528 --- [nio-8080-exec-7] org.hibernate.SQL                        : select te1_0.id,te1_0.capacity,te1_0.current_bill_amount,te1_0.name,te1_0.status from restaurant_tables te1_0
Hibernate: select te1_0.id,te1_0.capacity,te1_0.current_bill_amount,te1_0.name,te1_0.status from restaurant_tables te1_0
2026-05-07T12:58:28.894+05:30 DEBUG 26528 --- [io-8080-exec-10] org.hibernate.SQL                        : select mi1_0.id,mi1_0.available,mi1_0.category,mi1_0.description,mi1_0.name,mi1_0.price from menu_items mi1_0 where mi1_0.available
Hibernate: select mi1_0.id,mi1_0.available,mi1_0.category,mi1_0.description,mi1_0.name,mi1_0.price from menu_items mi1_0 where mi1_0.available
2026-05-07T12:58:28.897+05:30 DEBUG 26528 --- [nio-8080-exec-7] m.m.a.RequestResponseBodyMethodProcessor : Using 'application/json', given [application/json, text/plain, */*] and supported [application/json, application/*+json]
2026-05-07T12:58:28.898+05:30 DEBUG 26528 --- [io-8080-exec-10] m.m.a.RequestResponseBodyMethodProcessor : Using 'application/json', given [application/json, text/plain, */*] and supported [application/json, application/*+json]
2026-05-07T12:58:28.898+05:30 DEBUG 26528 --- [nio-8080-exec-7] m.m.a.RequestResponseBodyMethodProcessor : Writing [[com.robms.model.TableEntity@44cba1d, com.robms.model.TableEntity@134a5b1, com.robms.model.TableEnti (truncated)...]
2026-05-07T12:58:28.898+05:30 DEBUG 26528 --- [io-8080-exec-10] m.m.a.RequestResponseBodyMethodProcessor : Writing [[com.robms.model.MenuItem@6b810dca, com.robms.model.MenuItem@5ad2d8d4, com.robms.model.MenuItem@270e (truncated)...]
2026-05-07T12:58:28.898+05:30 DEBUG 26528 --- [nio-8080-exec-7] o.s.web.servlet.DispatcherServlet        : Completed 200 OK
2026-05-07T12:58:28.898+05:30 DEBUG 26528 --- [io-8080-exec-10] o.s.web.servlet.DispatcherServlet        : Completed 200 OK
2026-05-07T12:58:28.901+05:30 DEBUG 26528 --- [nio-8080-exec-9] o.s.web.servlet.DispatcherServlet        : GET "/api/menu/available", parameters={}
2026-05-07T12:58:28.902+05:30 DEBUG 26528 --- [nio-8080-exec-1] o.s.web.servlet.DispatcherServlet        : GET "/api/tables", parameters={}
2026-05-07T12:58:28.902+05:30 DEBUG 26528 --- [nio-8080-exec-9] s.w.s.m.m.a.RequestMappingHandlerMapping : Mapped to com.robms.controller.MenuController#getAvailableMenuItems()
2026-05-07T12:58:28.902+05:30 DEBUG 26528 --- [nio-8080-exec-1] s.w.s.m.m.a.RequestMappingHandlerMapping : Mapped to com.robms.controller.TableController#getAllTables()
2026-05-07T12:58:28.903+05:30 DEBUG 26528 --- [nio-8080-exec-9] org.hibernate.SQL                        : select mi1_0.id,mi1_0.available,mi1_0.category,mi1_0.description,mi1_0.name,mi1_0.price from menu_items mi1_0 where mi1_0.available
Hibernate: select mi1_0.id,mi1_0.available,mi1_0.category,mi1_0.description,mi1_0.name,mi1_0.price from menu_items mi1_0 where mi1_0.available
2026-05-07T12:58:28.903+05:30 DEBUG 26528 --- [nio-8080-exec-1] org.hibernate.SQL                        : select te1_0.id,te1_0.capacity,te1_0.current_bill_amount,te1_0.name,te1_0.status from restaurant_tables te1_0
Hibernate: select te1_0.id,te1_0.capacity,te1_0.current_bill_amount,te1_0.name,te1_0.status from restaurant_tables te1_0
2026-05-07T12:58:28.905+05:30 DEBUG 26528 --- [nio-8080-exec-9] m.m.a.RequestResponseBodyMethodProcessor : Using 'application/json', given [application/json, text/plain, */*] and supported [application/json, application/*+json]
2026-05-07T12:58:28.905+05:30 DEBUG 26528 --- [nio-8080-exec-9] m.m.a.RequestResponseBodyMethodProcessor : Writing [[com.robms.model.MenuItem@7e104834, com.robms.model.MenuItem@5957f2a0, com.robms.model.MenuItem@2308 (truncated)...]
2026-05-07T12:58:28.905+05:30 DEBUG 26528 --- [nio-8080-exec-1] m.m.a.RequestResponseBodyMethodProcessor : Using 'application/json', given [application/json, text/plain, */*] and supported [application/json, application/*+json]
2026-05-07T12:58:28.905+05:30 DEBUG 26528 --- [nio-8080-exec-1] m.m.a.RequestResponseBodyMethodProcessor : Writing [[com.robms.model.TableEntity@ca017b9, com.robms.model.TableEntity@7492748b, com.robms.model.TableEnt (truncated)...]
2026-05-07T12:58:28.906+05:30 DEBUG 26528 --- [nio-8080-exec-9] o.s.web.servlet.DispatcherServlet        : Completed 200 OK
2026-05-07T12:58:28.906+05:30 DEBUG 26528 --- [nio-8080-exec-1] o.s.web.servlet.DispatcherServlet        : Completed 200 OK
2026-05-07T12:58:55.608+05:30 DEBUG 26528 --- [nio-8080-exec-3] o.s.web.servlet.DispatcherServlet        : GET "/api/tables", parameters={}
2026-05-07T12:58:55.608+05:30 DEBUG 26528 --- [nio-8080-exec-3] s.w.s.m.m.a.RequestMappingHandlerMapping : Mapped to com.robms.controller.TableController#getAllTables()
2026-05-07T12:58:55.610+05:30 DEBUG 26528 --- [nio-8080-exec-3] org.hibernate.SQL                        : select te1_0.id,te1_0.capacity,te1_0.current_bill_amount,te1_0.name,te1_0.status from restaurant_tables te1_0
Hibernate: select te1_0.id,te1_0.capacity,te1_0.current_bill_amount,te1_0.name,te1_0.status from restaurant_tables te1_0
2026-05-07T12:58:55.611+05:30 DEBUG 26528 --- [nio-8080-exec-3] m.m.a.RequestResponseBodyMethodProcessor : Using 'application/json', given [application/json, text/plain, */*] and supported [application/json, application/*+json]
2026-05-07T12:58:55.612+05:30 DEBUG 26528 --- [nio-8080-exec-3] m.m.a.RequestResponseBodyMethodProcessor : Writing [[com.robms.model.TableEntity@599c7fd2, com.robms.model.TableEntity@3ac243c2, com.robms.model.TableEn (truncated)...]
2026-05-07T12:58:55.613+05:30 DEBUG 26528 --- [nio-8080-exec-3] o.s.web.servlet.DispatcherServlet        : Completed 200 OK
2026-05-07T12:58:55.614+05:30 DEBUG 26528 --- [nio-8080-exec-6] o.s.web.servlet.DispatcherServlet        : GET "/api/tables", parameters={}
2026-05-07T12:58:55.614+05:30 DEBUG 26528 --- [nio-8080-exec-6] s.w.s.m.m.a.RequestMappingHandlerMapping : Mapped to com.robms.controller.TableController#getAllTables()
2026-05-07T12:58:55.616+05:30 DEBUG 26528 --- [nio-8080-exec-6] org.hibernate.SQL                        : select te1_0.id,te1_0.capacity,te1_0.current_bill_amount,te1_0.name,te1_0.status from restaurant_tables te1_0
Hibernate: select te1_0.id,te1_0.capacity,te1_0.current_bill_amount,te1_0.name,te1_0.status from restaurant_tables te1_0
2026-05-07T12:58:55.618+05:30 DEBUG 26528 --- [nio-8080-exec-6] m.m.a.RequestResponseBodyMethodProcessor : Using 'application/json', given [application/json, text/plain, */*] and supported [application/json, application/*+json]
2026-05-07T12:58:55.619+05:30 DEBUG 26528 --- [nio-8080-exec-6] m.m.a.RequestResponseBodyMethodProcessor : Writing [[com.robms.model.TableEntity@55883d3d, com.robms.model.TableEntity@63ed2d8e, com.robms.model.TableEn (truncated)...]
2026-05-07T12:58:55.620+05:30 DEBUG 26528 --- [nio-8080-exec-6] o.s.web.servlet.DispatcherServlet        : Completed 200 OK
2026-05-07T12:59:01.649+05:30 DEBUG 26528 --- [nio-8080-exec-2] o.s.web.servlet.DispatcherServlet        : GET "/api/orders/active", parameters={}
2026-05-07T12:59:01.649+05:30 DEBUG 26528 --- [nio-8080-exec-2] s.w.s.m.m.a.RequestMappingHandlerMapping : Mapped to com.robms.controller.OrderController#getActiveOrders()
2026-05-07T12:59:01.652+05:30 DEBUG 26528 --- [nio-8080-exec-2] org.hibernate.SQL                        : select o1_0.id,o1_0.order_time,o1_0.status,o1_0.table_id,o1_0.total_amount from orders o1_0 where o1_0.status not in (?,?)
Hibernate: select o1_0.id,o1_0.order_time,o1_0.status,o1_0.table_id,o1_0.total_amount from orders o1_0 where o1_0.status not in (?,?)
2026-05-07T12:59:01.656+05:30 DEBUG 26528 --- [nio-8080-exec-2] m.m.a.RequestResponseBodyMethodProcessor : Using 'application/json', given [application/json, text/plain, */*] and supported [application/json, application/*+json]
2026-05-07T12:59:01.657+05:30 DEBUG 26528 --- [nio-8080-exec-2] m.m.a.RequestResponseBodyMethodProcessor : Writing [[]]
2026-05-07T12:59:01.657+05:30 DEBUG 26528 --- [nio-8080-exec-2] o.s.web.servlet.DispatcherServlet        : Completed 200 OK
2026-05-07T12:59:01.658+05:30 DEBUG 26528 --- [nio-8080-exec-4] o.s.web.servlet.DispatcherServlet        : GET "/ws/info?t=1778138941653", parameters={masked}
2026-05-07T12:59:01.658+05:30 DEBUG 26528 --- [nio-8080-exec-4] o.s.w.s.s.s.WebSocketHandlerMapping      : Mapped to org.springframework.web.socket.sockjs.support.SockJsHttpRequestHandler@2e2c9e24
2026-05-07T12:59:01.659+05:30 DEBUG 26528 --- [nio-8080-exec-5] o.s.web.servlet.DispatcherServlet        : GET "/api/orders/active", parameters={}
2026-05-07T12:59:01.660+05:30 DEBUG 26528 --- [nio-8080-exec-5] s.w.s.m.m.a.RequestMappingHandlerMapping : Mapped to com.robms.controller.OrderController#getActiveOrders()
2026-05-07T12:59:01.660+05:30 DEBUG 26528 --- [nio-8080-exec-4] o.s.w.s.s.t.h.DefaultSockJsService       : Processing transport request: GET http://localhost:8080/ws/info?t=1778138941653
2026-05-07T12:59:01.661+05:30 DEBUG 26528 --- [nio-8080-exec-4] o.s.web.servlet.DispatcherServlet        : Completed 200 OK
2026-05-07T12:59:01.664+05:30 DEBUG 26528 --- [nio-8080-exec-5] org.hibernate.SQL                        : select o1_0.id,o1_0.order_time,o1_0.status,o1_0.table_id,o1_0.total_amount from orders o1_0 where o1_0.status not in (?,?)
Hibernate: select o1_0.id,o1_0.order_time,o1_0.status,o1_0.table_id,o1_0.total_amount from orders o1_0 where o1_0.status not in (?,?)
2026-05-07T12:59:01.665+05:30 DEBUG 26528 --- [nio-8080-exec-5] m.m.a.RequestResponseBodyMethodProcessor : Using 'application/json', given [application/json, text/plain, */*] and supported [application/json, application/*+json]
2026-05-07T12:59:01.666+05:30 DEBUG 26528 --- [nio-8080-exec-8] o.s.web.servlet.DispatcherServlet        : GET "/ws/info?t=1778138941653", parameters={masked}
2026-05-07T12:59:01.666+05:30 DEBUG 26528 --- [nio-8080-exec-5] m.m.a.RequestResponseBodyMethodProcessor : Writing [[]]
2026-05-07T12:59:01.666+05:30 DEBUG 26528 --- [nio-8080-exec-8] o.s.w.s.s.s.WebSocketHandlerMapping      : Mapped to org.springframework.web.socket.sockjs.support.SockJsHttpRequestHandler@2e2c9e24
2026-05-07T12:59:01.667+05:30 DEBUG 26528 --- [nio-8080-exec-8] o.s.w.s.s.t.h.DefaultSockJsService       : Processing transport request: GET http://localhost:8080/ws/info?t=1778138941653
2026-05-07T12:59:01.667+05:30 DEBUG 26528 --- [nio-8080-exec-5] o.s.web.servlet.DispatcherServlet        : Completed 200 OK
2026-05-07T12:59:01.667+05:30 DEBUG 26528 --- [nio-8080-exec-8] o.s.web.servlet.DispatcherServlet        : Completed 200 OK
2026-05-07T12:59:01.669+05:30 DEBUG 26528 --- [nio-8080-exec-7] o.s.web.servlet.DispatcherServlet        : GET "/ws/214/4x1z04rw/websocket", parameters={}
2026-05-07T12:59:01.670+05:30 DEBUG 26528 --- [nio-8080-exec-7] o.s.w.s.s.s.WebSocketHandlerMapping      : Mapped to org.springframework.web.socket.sockjs.support.SockJsHttpRequestHandler@2e2c9e24
2026-05-07T12:59:01.671+05:30 DEBUG 26528 --- [nio-8080-exec-7] o.s.w.s.s.t.h.DefaultSockJsService       : Processing transport request: GET http://localhost:8080/ws/214/4x1z04rw/websocket
2026-05-07T12:59:01.672+05:30 DEBUG 26528 --- [nio-8080-exec-7] o.s.web.servlet.DispatcherServlet        : Completed 101 SWITCHING_PROTOCOLS
2026-05-07T12:59:01.678+05:30 DEBUG 26528 --- [nio-8080-exec-7] s.w.s.h.LoggingWebSocketHandlerDecorator : New WebSocketServerSockJsSession[id=4x1z04rw]
2026-05-07T12:59:01.696+05:30 DEBUG 26528 --- [io-8080-exec-10] o.s.web.servlet.DispatcherServlet        : GET "/ws/753/bjebskzl/websocket", parameters={}
2026-05-07T12:59:01.696+05:30 DEBUG 26528 --- [io-8080-exec-10] o.s.w.s.s.s.WebSocketHandlerMapping      : Mapped to org.springframework.web.socket.sockjs.support.SockJsHttpRequestHandler@2e2c9e24
2026-05-07T12:59:01.697+05:30 DEBUG 26528 --- [io-8080-exec-10] o.s.w.s.s.t.h.DefaultSockJsService       : Processing transport request: GET http://localhost:8080/ws/753/bjebskzl/websocket
2026-05-07T12:59:01.698+05:30 DEBUG 26528 --- [io-8080-exec-10] o.s.web.servlet.DispatcherServlet        : Completed 101 SWITCHING_PROTOCOLS
2026-05-07T12:59:01.700+05:30 DEBUG 26528 --- [io-8080-exec-10] s.w.s.h.LoggingWebSocketHandlerDecorator : New WebSocketServerSockJsSession[id=bjebskzl]
2026-05-07T12:59:01.704+05:30 DEBUG 26528 --- [oundChannel-149] org.springframework.web.SimpLogging      : Processing CONNECT session=bjebskzl
2026-05-07T12:59:01.712+05:30 DEBUG 26528 --- [oundChannel-152] org.springframework.web.SimpLogging      : Processing SUBSCRIBE /topic/orders id=sub-0 session=bjebskzl
2026-05-07T12:59:02.905+05:30 DEBUG 26528 --- [nio-8080-exec-3] s.w.s.h.LoggingWebSocketHandlerDecorator : WebSocketServerSockJsSession[id=4x1z04rw] closed with CloseStatus[code=1000, reason=null]
2026-05-07T12:59:02.911+05:30 DEBUG 26528 --- [nio-8080-exec-3] o.s.w.s.m.SubProtocolWebSocketHandler    : Clearing session 4x1z04rw
2026-05-07T12:59:02.906+05:30 DEBUG 26528 --- [nio-8080-exec-6] s.w.s.h.LoggingWebSocketHandlerDecorator : WebSocketServerSockJsSession[id=bjebskzl] closed with CloseStatus[code=1000, reason=null]
2026-05-07T12:59:02.940+05:30 DEBUG 26528 --- [nio-8080-exec-6] o.s.w.s.m.SubProtocolWebSocketHandler    : Clearing session bjebskzl
2026-05-07T12:59:03.054+05:30 DEBUG 26528 --- [oundChannel-158] org.springframework.web.SimpLogging      : Processing DISCONNECT session=bjebskzl
2026-05-07T12:59:03.055+05:30 DEBUG 26528 --- [oundChannel-155] org.springframework.web.SimpLogging      : Processing DISCONNECT session=4x1z04rw
2026-05-07T12:59:03.060+05:30 DEBUG 26528 --- [boundChannel-53] o.s.w.s.m.SubProtocolWebSocketHandler    : No session for GenericMessage [payload=byte[0], headers={simpMessageType=DISCONNECT_ACK, simpDisconnectMessage=GenericMessage [payload=byte[0], headers={simpMessageType=DISCONNECT, stompCommand=DISCONNECT, simpSessionAttributes={org.springframework.messaging.simp.SimpAttributes.COMPLETED=true}, simpSessionId=bjebskzl}], simpSessionId=bjebskzl}]
2026-05-07T12:59:03.060+05:30 DEBUG 26528 --- [boundChannel-54] o.s.w.s.m.SubProtocolWebSocketHandler    : No session for GenericMessage [payload=byte[0], headers={simpMessageType=DISCONNECT_ACK, simpDisconnectMessage=GenericMessage [payload=byte[0], headers={simpMessageType=DISCONNECT, stompCommand=DISCONNECT, simpSessionAttributes={org.springframework.messaging.simp.SimpAttributes.COMPLETED=true}, simpSessionId=4x1z04rw}], simpSessionId=4x1z04rw}]
2026-05-07T12:59:03.400+05:30 DEBUG 26528 --- [nio-8080-exec-2] o.s.web.servlet.DispatcherServlet        : GET "/api/menu/available", parameters={}
2026-05-07T12:59:03.402+05:30 DEBUG 26528 --- [nio-8080-exec-4] o.s.web.servlet.DispatcherServlet        : GET "/api/tables", parameters={}
2026-05-07T12:59:03.406+05:30 DEBUG 26528 --- [nio-8080-exec-2] s.w.s.m.m.a.RequestMappingHandlerMapping : Mapped to com.robms.controller.MenuController#getAvailableMenuItems()
2026-05-07T12:59:03.406+05:30 DEBUG 26528 --- [nio-8080-exec-4] s.w.s.m.m.a.RequestMappingHandlerMapping : Mapped to com.robms.controller.TableController#getAllTables()
2026-05-07T12:59:03.407+05:30 DEBUG 26528 --- [nio-8080-exec-2] org.hibernate.SQL                        : select mi1_0.id,mi1_0.available,mi1_0.category,mi1_0.description,mi1_0.name,mi1_0.price from menu_items mi1_0 where mi1_0.available
Hibernate: select mi1_0.id,mi1_0.available,mi1_0.category,mi1_0.description,mi1_0.name,mi1_0.price from menu_items mi1_0 where mi1_0.available
2026-05-07T12:59:03.407+05:30 DEBUG 26528 --- [nio-8080-exec-4] org.hibernate.SQL                        : select te1_0.id,te1_0.capacity,te1_0.current_bill_amount,te1_0.name,te1_0.status from restaurant_tables te1_0
Hibernate: select te1_0.id,te1_0.capacity,te1_0.current_bill_amount,te1_0.name,te1_0.status from restaurant_tables te1_0
2026-05-07T12:59:03.409+05:30 DEBUG 26528 --- [nio-8080-exec-2] m.m.a.RequestResponseBodyMethodProcessor : Using 'application/json', given [application/json, text/plain, */*] and supported [application/json, application/*+json]
2026-05-07T12:59:03.410+05:30 DEBUG 26528 --- [nio-8080-exec-2] m.m.a.RequestResponseBodyMethodProcessor : Writing [[com.robms.model.MenuItem@66e5950b, com.robms.model.MenuItem@60db705b, com.robms.model.MenuItem@4e30 (truncated)...]
2026-05-07T12:59:03.410+05:30 DEBUG 26528 --- [nio-8080-exec-4] m.m.a.RequestResponseBodyMethodProcessor : Using 'application/json', given [application/json, text/plain, */*] and supported [application/json, application/*+json]
2026-05-07T12:59:03.411+05:30 DEBUG 26528 --- [nio-8080-exec-4] m.m.a.RequestResponseBodyMethodProcessor : Writing [[com.robms.model.TableEntity@695fdac8, com.robms.model.TableEntity@23ac797d, com.robms.model.TableEn (truncated)...]
2026-05-07T12:59:03.411+05:30 DEBUG 26528 --- [nio-8080-exec-2] o.s.web.servlet.DispatcherServlet        : Completed 200 OK
2026-05-07T12:59:03.412+05:30 DEBUG 26528 --- [nio-8080-exec-2] o.s.web.servlet.DispatcherServlet        : GET "/api/tables", parameters={}
2026-05-07T12:59:03.411+05:30 DEBUG 26528 --- [nio-8080-exec-4] o.s.web.servlet.DispatcherServlet        : Completed 200 OK
2026-05-07T12:59:03.413+05:30 DEBUG 26528 --- [nio-8080-exec-5] o.s.web.servlet.DispatcherServlet        : GET "/api/menu/available", parameters={}
2026-05-07T12:59:03.413+05:30 DEBUG 26528 --- [nio-8080-exec-5] s.w.s.m.m.a.RequestMappingHandlerMapping : Mapped to com.robms.controller.MenuController#getAvailableMenuItems()
2026-05-07T12:59:03.413+05:30 DEBUG 26528 --- [nio-8080-exec-2] s.w.s.m.m.a.RequestMappingHandlerMapping : Mapped to com.robms.controller.TableController#getAllTables()
2026-05-07T12:59:03.415+05:30 DEBUG 26528 --- [nio-8080-exec-5] org.hibernate.SQL                        : select mi1_0.id,mi1_0.available,mi1_0.category,mi1_0.description,mi1_0.name,mi1_0.price from menu_items mi1_0 where mi1_0.available
Hibernate: select mi1_0.id,mi1_0.available,mi1_0.category,mi1_0.description,mi1_0.name,mi1_0.price from menu_items mi1_0 where mi1_0.available
2026-05-07T12:59:03.415+05:30 DEBUG 26528 --- [nio-8080-exec-2] org.hibernate.SQL                        : select te1_0.id,te1_0.capacity,te1_0.current_bill_amount,te1_0.name,te1_0.status from restaurant_tables te1_0
Hibernate: select te1_0.id,te1_0.capacity,te1_0.current_bill_amount,te1_0.name,te1_0.status from restaurant_tables te1_0
2026-05-07T12:59:03.416+05:30 DEBUG 26528 --- [nio-8080-exec-5] m.m.a.RequestResponseBodyMethodProcessor : Using 'application/json', given [application/json, text/plain, */*] and supported [application/json, application/*+json]
2026-05-07T12:59:03.416+05:30 DEBUG 26528 --- [nio-8080-exec-2] m.m.a.RequestResponseBodyMethodProcessor : Using 'application/json', given [application/json, text/plain, */*] and supported [application/json, application/*+json]
2026-05-07T12:59:03.417+05:30 DEBUG 26528 --- [nio-8080-exec-5] m.m.a.RequestResponseBodyMethodProcessor : Writing [[com.robms.model.MenuItem@7a0a3c6c, com.robms.model.MenuItem@706ea7ee, com.robms.model.MenuItem@254e (truncated)...]
2026-05-07T12:59:03.417+05:30 DEBUG 26528 --- [nio-8080-exec-2] m.m.a.RequestResponseBodyMethodProcessor : Writing [[com.robms.model.TableEntity@305fd12e, com.robms.model.TableEntity@1f931adb, com.robms.model.TableEn (truncated)...]
2026-05-07T12:59:03.417+05:30 DEBUG 26528 --- [nio-8080-exec-5] o.s.web.servlet.DispatcherServlet        : Completed 200 OK
2026-05-07T12:59:03.418+05:30 DEBUG 26528 --- [nio-8080-exec-2] o.s.web.servlet.DispatcherServlet        : Completed 200 OK
2026-05-07T12:59:08.121+05:30 DEBUG 26528 --- [nio-8080-exec-7] o.s.web.servlet.DispatcherServlet        : GET "/api/menu/available", parameters={}
2026-05-07T12:59:08.121+05:30 DEBUG 26528 --- [nio-8080-exec-7] s.w.s.m.m.a.RequestMappingHandlerMapping : Mapped to com.robms.controller.MenuController#getAvailableMenuItems()
2026-05-07T12:59:08.122+05:30 DEBUG 26528 --- [io-8080-exec-10] o.s.web.servlet.DispatcherServlet        : GET "/api/tables", parameters={}
2026-05-07T12:59:08.123+05:30 DEBUG 26528 --- [io-8080-exec-10] s.w.s.m.m.a.RequestMappingHandlerMapping : Mapped to com.robms.controller.TableController#getAllTables()
2026-05-07T12:59:08.125+05:30 DEBUG 26528 --- [io-8080-exec-10] org.hibernate.SQL                        : select te1_0.id,te1_0.capacity,te1_0.current_bill_amount,te1_0.name,te1_0.status from restaurant_tables te1_0
Hibernate: select te1_0.id,te1_0.capacity,te1_0.current_bill_amount,te1_0.name,te1_0.status from restaurant_tables te1_0
2026-05-07T12:59:08.125+05:30 DEBUG 26528 --- [nio-8080-exec-7] org.hibernate.SQL                        : select mi1_0.id,mi1_0.available,mi1_0.category,mi1_0.description,mi1_0.name,mi1_0.price from menu_items mi1_0 where mi1_0.available
Hibernate: select mi1_0.id,mi1_0.available,mi1_0.category,mi1_0.description,mi1_0.name,mi1_0.price from menu_items mi1_0 where mi1_0.available
2026-05-07T12:59:08.126+05:30 DEBUG 26528 --- [io-8080-exec-10] m.m.a.RequestResponseBodyMethodProcessor : Using 'application/json', given [application/json, text/plain, */*] and supported [application/json, application/*+json]
2026-05-07T12:59:08.127+05:30 DEBUG 26528 --- [io-8080-exec-10] m.m.a.RequestResponseBodyMethodProcessor : Writing [[com.robms.model.TableEntity@7f18b545, com.robms.model.TableEntity@36278fd2, com.robms.model.TableEn (truncated)...]
2026-05-07T12:59:08.127+05:30 DEBUG 26528 --- [nio-8080-exec-7] m.m.a.RequestResponseBodyMethodProcessor : Using 'application/json', given [application/json, text/plain, */*] and supported [application/json, application/*+json]
2026-05-07T12:59:08.127+05:30 DEBUG 26528 --- [io-8080-exec-10] o.s.web.servlet.DispatcherServlet        : Completed 200 OK
2026-05-07T12:59:08.127+05:30 DEBUG 26528 --- [nio-8080-exec-7] m.m.a.RequestResponseBodyMethodProcessor : Writing [[com.robms.model.MenuItem@20166c85, com.robms.model.MenuItem@6f0da1f3, com.robms.model.MenuItem@181f (truncated)...]
2026-05-07T12:59:08.129+05:30 DEBUG 26528 --- [nio-8080-exec-7] o.s.web.servlet.DispatcherServlet        : Completed 200 OK
2026-05-07T12:59:08.131+05:30 DEBUG 26528 --- [nio-8080-exec-7] o.s.web.servlet.DispatcherServlet        : GET "/api/menu/available", parameters={}
2026-05-07T12:59:08.132+05:30 DEBUG 26528 --- [nio-8080-exec-7] s.w.s.m.m.a.RequestMappingHandlerMapping : Mapped to com.robms.controller.MenuController#getAvailableMenuItems()
2026-05-07T12:59:08.130+05:30 DEBUG 26528 --- [nio-8080-exec-9] o.s.web.servlet.DispatcherServlet        : GET "/api/tables", parameters={}
2026-05-07T12:59:08.133+05:30 DEBUG 26528 --- [nio-8080-exec-7] org.hibernate.SQL                        : select mi1_0.id,mi1_0.available,mi1_0.category,mi1_0.description,mi1_0.name,mi1_0.price from menu_items mi1_0 where mi1_0.available
Hibernate: select mi1_0.id,mi1_0.available,mi1_0.category,mi1_0.description,mi1_0.name,mi1_0.price from menu_items mi1_0 where mi1_0.available
2026-05-07T12:59:08.133+05:30 DEBUG 26528 --- [nio-8080-exec-9] s.w.s.m.m.a.RequestMappingHandlerMapping : Mapped to com.robms.controller.TableController#getAllTables()
2026-05-07T12:59:08.134+05:30 DEBUG 26528 --- [nio-8080-exec-7] m.m.a.RequestResponseBodyMethodProcessor : Using 'application/json', given [application/json, text/plain, */*] and supported [application/json, application/*+json]
2026-05-07T12:59:08.134+05:30 DEBUG 26528 --- [nio-8080-exec-7] m.m.a.RequestResponseBodyMethodProcessor : Writing [[com.robms.model.MenuItem@279c77ef, com.robms.model.MenuItem@51a62ebd, com.robms.model.MenuItem@1b7a (truncated)...]
2026-05-07T12:59:08.134+05:30 DEBUG 26528 --- [nio-8080-exec-9] org.hibernate.SQL                        : select te1_0.id,te1_0.capacity,te1_0.current_bill_amount,te1_0.name,te1_0.status from restaurant_tables te1_0
Hibernate: select te1_0.id,te1_0.capacity,te1_0.current_bill_amount,te1_0.name,te1_0.status from restaurant_tables te1_0
2026-05-07T12:59:08.136+05:30 DEBUG 26528 --- [nio-8080-exec-9] m.m.a.RequestResponseBodyMethodProcessor : Using 'application/json', given [application/json, text/plain, */*] and supported [application/json, application/*+json]
2026-05-07T12:59:08.136+05:30 DEBUG 26528 --- [nio-8080-exec-9] m.m.a.RequestResponseBodyMethodProcessor : Writing [[com.robms.model.TableEntity@3c546b51, com.robms.model.TableEntity@1df1a688, com.robms.model.TableEn (truncated)...]
2026-05-07T12:59:08.136+05:30 DEBUG 26528 --- [nio-8080-exec-7] o.s.web.servlet.DispatcherServlet        : Completed 200 OK
2026-05-07T12:59:08.137+05:30 DEBUG 26528 --- [nio-8080-exec-9] o.s.web.servlet.DispatcherServlet        : Completed 200 OK
2026-05-07T12:59:08.748+05:30 DEBUG 26528 --- [MessageBroker-8] o.s.w.s.s.t.h.DefaultSockJsService       : Closed 2 sessions: [4x1z04rw, bjebskzl]
2026-05-07T12:59:09.469+05:30 DEBUG 26528 --- [nio-8080-exec-3] o.s.web.servlet.DispatcherServlet        : GET "/api/menu/available", parameters={}
2026-05-07T12:59:09.469+05:30 DEBUG 26528 --- [nio-8080-exec-6] o.s.web.servlet.DispatcherServlet        : GET "/api/tables", parameters={}
2026-05-07T12:59:09.470+05:30 DEBUG 26528 --- [nio-8080-exec-6] s.w.s.m.m.a.RequestMappingHandlerMapping : Mapped to com.robms.controller.TableController#getAllTables()
2026-05-07T12:59:09.470+05:30 DEBUG 26528 --- [nio-8080-exec-3] s.w.s.m.m.a.RequestMappingHandlerMapping : Mapped to com.robms.controller.MenuController#getAvailableMenuItems()
2026-05-07T12:59:09.471+05:30 DEBUG 26528 --- [nio-8080-exec-6] org.hibernate.SQL                        : select te1_0.id,te1_0.capacity,te1_0.current_bill_amount,te1_0.name,te1_0.status from restaurant_tables te1_0
Hibernate: select te1_0.id,te1_0.capacity,te1_0.current_bill_amount,te1_0.name,te1_0.status from restaurant_tables te1_0
2026-05-07T12:59:09.471+05:30 DEBUG 26528 --- [nio-8080-exec-3] org.hibernate.SQL                        : select mi1_0.id,mi1_0.available,mi1_0.category,mi1_0.description,mi1_0.name,mi1_0.price from menu_items mi1_0 where mi1_0.available
Hibernate: select mi1_0.id,mi1_0.available,mi1_0.category,mi1_0.description,mi1_0.name,mi1_0.price from menu_items mi1_0 where mi1_0.available
2026-05-07T12:59:09.472+05:30 DEBUG 26528 --- [nio-8080-exec-6] m.m.a.RequestResponseBodyMethodProcessor : Using 'application/json', given [application/json, text/plain, */*] and supported [application/json, application/*+json]
2026-05-07T12:59:09.473+05:30 DEBUG 26528 --- [nio-8080-exec-6] m.m.a.RequestResponseBodyMethodProcessor : Writing [[com.robms.model.TableEntity@2583dd08, com.robms.model.TableEntity@55fc9e4f, com.robms.model.TableEn (truncated)...]
2026-05-07T12:59:09.473+05:30 DEBUG 26528 --- [nio-8080-exec-6] o.s.web.servlet.DispatcherServlet        : Completed 200 OK
2026-05-07T12:59:09.472+05:30 DEBUG 26528 --- [nio-8080-exec-3] m.m.a.RequestResponseBodyMethodProcessor : Using 'application/json', given [application/json, text/plain, */*] and supported [application/json, application/*+json]
2026-05-07T12:59:09.474+05:30 DEBUG 26528 --- [nio-8080-exec-3] m.m.a.RequestResponseBodyMethodProcessor : Writing [[com.robms.model.MenuItem@3a89cff, com.robms.model.MenuItem@2c1bd720, com.robms.model.MenuItem@3d60b (truncated)...]
2026-05-07T12:59:09.474+05:30 DEBUG 26528 --- [nio-8080-exec-8] o.s.web.servlet.DispatcherServlet        : GET "/api/tables", parameters={}
2026-05-07T12:59:09.475+05:30 DEBUG 26528 --- [nio-8080-exec-8] s.w.s.m.m.a.RequestMappingHandlerMapping : Mapped to com.robms.controller.TableController#getAllTables()
2026-05-07T12:59:09.475+05:30 DEBUG 26528 --- [nio-8080-exec-3] o.s.web.servlet.DispatcherServlet        : Completed 200 OK
2026-05-07T12:59:09.477+05:30 DEBUG 26528 --- [nio-8080-exec-4] o.s.web.servlet.DispatcherServlet        : GET "/api/menu/available", parameters={}
2026-05-07T12:59:09.477+05:30 DEBUG 26528 --- [nio-8080-exec-8] org.hibernate.SQL                        : select te1_0.id,te1_0.capacity,te1_0.current_bill_amount,te1_0.name,te1_0.status from restaurant_tables te1_0
Hibernate: select te1_0.id,te1_0.capacity,te1_0.current_bill_amount,te1_0.name,te1_0.status from restaurant_tables te1_0
2026-05-07T12:59:09.477+05:30 DEBUG 26528 --- [nio-8080-exec-4] s.w.s.m.m.a.RequestMappingHandlerMapping : Mapped to com.robms.controller.MenuController#getAvailableMenuItems()
2026-05-07T12:59:09.478+05:30 DEBUG 26528 --- [nio-8080-exec-8] m.m.a.RequestResponseBodyMethodProcessor : Using 'application/json', given [application/json, text/plain, */*] and supported [application/json, application/*+json]
2026-05-07T12:59:09.478+05:30 DEBUG 26528 --- [nio-8080-exec-8] m.m.a.RequestResponseBodyMethodProcessor : Writing [[com.robms.model.TableEntity@65a3c500, com.robms.model.TableEntity@5725b602, com.robms.model.TableEn (truncated)...]
2026-05-07T12:59:09.478+05:30 DEBUG 26528 --- [nio-8080-exec-4] org.hibernate.SQL                        : select mi1_0.id,mi1_0.available,mi1_0.category,mi1_0.description,mi1_0.name,mi1_0.price from menu_items mi1_0 where mi1_0.available
Hibernate: select mi1_0.id,mi1_0.available,mi1_0.category,mi1_0.description,mi1_0.name,mi1_0.price from menu_items mi1_0 where mi1_0.available
2026-05-07T12:59:09.480+05:30 DEBUG 26528 --- [nio-8080-exec-8] o.s.web.servlet.DispatcherServlet        : Completed 200 OK
2026-05-07T12:59:09.480+05:30 DEBUG 26528 --- [nio-8080-exec-4] m.m.a.RequestResponseBodyMethodProcessor : Using 'application/json', given [application/json, text/plain, */*] and supported [application/json, application/*+json]
2026-05-07T12:59:09.480+05:30 DEBUG 26528 --- [nio-8080-exec-4] m.m.a.RequestResponseBodyMethodProcessor : Writing [[com.robms.model.MenuItem@3a87573d, com.robms.model.MenuItem@2e57ce0b, com.robms.model.MenuItem@4e78 (truncated)...]
2026-05-07T12:59:09.480+05:30 DEBUG 26528 --- [nio-8080-exec-4] o.s.web.servlet.DispatcherServlet        : Completed 200 OK
2026-05-07T13:00:37.514+05:30 DEBUG 26528 --- [nio-8080-exec-9] o.s.web.servlet.DispatcherServlet        : GET "/api/menu/available", parameters={}
2026-05-07T13:00:37.514+05:30 DEBUG 26528 --- [nio-8080-exec-9] s.w.s.m.m.a.RequestMappingHandlerMapping : Mapped to com.robms.controller.MenuController#getAvailableMenuItems()
2026-05-07T13:00:37.514+05:30 DEBUG 26528 --- [nio-8080-exec-9] org.hibernate.SQL                        : select mi1_0.id,mi1_0.available,mi1_0.category,mi1_0.description,mi1_0.name,mi1_0.price from menu_items mi1_0 where mi1_0.available
Hibernate: select mi1_0.id,mi1_0.available,mi1_0.category,mi1_0.description,mi1_0.name,mi1_0.price from menu_items mi1_0 where mi1_0.available
2026-05-07T13:00:37.516+05:30 DEBUG 26528 --- [nio-8080-exec-9] m.m.a.RequestResponseBodyMethodProcessor : Using 'application/json', given [*/*] and supported [application/json, application/*+json]
2026-05-07T13:00:37.516+05:30 DEBUG 26528 --- [nio-8080-exec-9] m.m.a.RequestResponseBodyMethodProcessor : Writing [[com.robms.model.MenuItem@610c4d4e, com.robms.model.MenuItem@24bb31b1, com.robms.model.MenuItem@4dd1 (truncated)...]
2026-05-07T13:00:37.516+05:30 DEBUG 26528 --- [nio-8080-exec-9] o.s.web.servlet.DispatcherServlet        : Completed 200 OK
[INFO] ------------------------------------------------------------------------
[INFO] BUILD FAILURE
[INFO] ------------------------------------------------------------------------
[INFO] Total time:  15:25 h
[INFO] Finished at: 2026-05-07T13:00:43+05:30
[INFO] ------------------------------------------------------------------------
[ERROR] Failed to execute goal org.springframework.boot:spring-boot-maven-plugin:3.2.5:run (default-cli) on project backend: Process terminated with exit code: -1 -> [Help 1]
[ERROR] 
[ERROR] To see the full stack trace of the errors, re-run Maven with the -e switch.
[ERROR] Re-run Maven using the -X switch to enable full debug logging.
[ERROR] 
[ERROR] For more information about the errors and possible solutions, please read the following articles:
[ERROR] [Help 1] http://cwiki.apache.org/confluence/display/MAVEN/MojoExecutionException
